cookie_id,score
ck_315fb710a0e371e7,0.0006022302
ck_a76ee3b3e3e522fd,0.0549612774
ck_94c9a4d382689e82,0.0566826640
ck_8eaf9509ad9462a0,0.0004829733
ck_9a88a5a989cb5bc6,0.0068709965
ck_15239ef0689c1a35,0.0076817239
ck_8de69cd219d3b87f,0.2882060071
ck_f92cd37022b0ce21,0.0144728332
ck_1a3ff7620580a514,0.0077466733
ck_397c03aa33a57310,0.1366108339
ck_a7cf6c3b322f6b7a,0.0079195620
ck_c39a9e75760e3201,0.0051231679
ck_88ab6d245228c38e,0.0003529232
ck_17733f75ebdea93e,0.0031064544
ck_58eb871e8d7bed52,0.0545198063
ck_e55b7fa67db1ec27,0.0015026232
ck_62f5cfe22c952694,0.0089686248
ck_7fbb709a0fe95759,0.0015117025
ck_87abe9cd066a20fb,0.0475437703
ck_d58e058b5c553dd5,0.0067489091
ck_d27b872648b71202,0.0033287615
ck_4b4a3c5b95c55b43,0.0016175179
ck_66dd4f4b4127256d,0.0004393566
ck_93cc12703b500613,0.0259102221
ck_d28806a2179092eb,0.9972554942
ck_0595c2a0c7881e05,0.0142534787
ck_50087d8666191144,0.1127021955
ck_b08b3f089138c901,0.0103954147
ck_fe3b67041dad2dd1,0.0010362900
ck_8449a28f7d475d93,0.0286091155
ck_8642e3b6d84f49d3,0.0059359701
ck_e49b5e4f2f2e79db,0.4271662048
ck_437afe412ea4259c,0.0841036511
ck_569b83668d74042d,0.9487858112
ck_233a487d31c3e631,0.9978719382
ck_1fca72e03143a645,0.9193817960
ck_79205e31223df2ad,0.0112856685
ck_9625a64406ea16e3,0.0039207603
ck_079bd18dacb704a8,0.0778339362
ck_4db6d4fd2b49aa81,0.0162558429
ck_0dbefdac0a1868fb,0.0030555695
ck_24ff97ad90bdd69a,0.0807714578
ck_77f8c5042065d506,0.0111778756
ck_f11be8ce05382cec,0.0070414666
ck_c9d72140b0389216,0.0195511557
ck_69eda24e931fb36a,0.0005893846
ck_ed471e496916ee15,0.0008106346
ck_ff090498c4b17ac3,0.0032675067
ck_c3c19d6a0720915c,0.0012999059
ck_af02e1817cfa40b5,0.0278620120
ck_2df5a9fc87553eb1,0.0041504459
ck_4ac918e884cff336,0.0235467282
ck_ca149244b54ef3ad,0.0007973579
ck_6babe5b8674ff51f,0.0072992587
ck_1573878386886290,0.0036618324
ck_3925f8565abb7fe4,0.0051089227
ck_c4de808ae69c771f,0.0011727659
ck_a777c813551281fe,0.0087839843
ck_df4424f6dd85080d,0.0416213170
ck_85e5494ec20383ae,0.0188562618
ck_f71a4094e889c3af,0.0040617275
ck_f2f3cf9cd23b2809,0.0273151668
ck_18e2076397bcc211,0.0241698227
ck_c9f9fddef39bc664,0.0310731687
ck_7e826e233d6ea028,0.0026980877
ck_62fd7eb46bee9210,0.0188581514
ck_206f8e3cd72768f3,0.0422954064
ck_aa295a11b0a6ab36,0.0052750839
ck_9a56739d81f84a53,0.0066151968
ck_aa075c418ed9fe5a,0.0128655989
ck_62b9fb3db284941b,0.0080080767
ck_f4f83b1403ebea46,0.0096378963
ck_16b66bd803288bc3,0.2107175867
ck_c4ca1434f3778f1d,0.9957066217
ck_1b823610371a29c0,0.0090079926
ck_c2bd5a722aa637d9,0.0095159616
ck_7890208951df34f0,0.0160981160
ck_020eb0e454524ecd,0.0022849347
ck_3b66196ccf436c35,0.0050530361
ck_109fc467ec0a4af5,0.0242597867
ck_f3dcd818db92de7b,0.0172549908
ck_31e7742f160980ef,0.0366821316
ck_77fce5f86f00b8f4,0.2233717005
ck_46bc797b4d07d607,0.0029556019
ck_37899b1b571b1c6b,0.0076133865
ck_ef8a6af43fedd464,0.0024075521
ck_bcc8519fe8521038,0.0302242265
ck_90696b7182dd9129,0.0074829933
ck_4a24ad61d017e1ba,0.0159952386
ck_0acc3d8c67218b9d,0.0051499110
ck_05c97fc9de11aba6,0.1416886751
ck_f8ac3a0500c0ec62,0.0094082467
ck_617b65141f546a1c,0.0021124376
ck_9d00823bf60388d7,0.0240119278
ck_123c15d93f1840f2,0.0901149745
ck_573feefba6bf78bb,0.1031556392
ck_b25657bd16739036,0.0093358040
ck_bd26d2bef14a8597,0.0021735073
ck_a553418f2fba1440,0.0087832668
ck_89f3e380b0686963,0.0042269475
ck_b359192aa659bdce,0.0230031418
ck_02241f3dc301bebf,0.0289278747
ck_5ccc1a1c78cb33ee,0.0669886163
ck_349cc5edda1b8853,0.0259323181
ck_e9f228845bf6e28b,0.0535686815
ck_0a45d033d4e280ea,0.0306827531
ck_7e63168dda612235,0.0029567979
ck_676fa5f6aae5475b,0.0054189994
ck_74b502b20690ccfe,0.0054227853
ck_073509af21dd7f5f,0.4883518385
ck_498a0acd450944d8,0.0022258299
ck_7f15b50b29dead01,0.0148275980
ck_8089fe7403c5f537,0.0083018935
ck_05b2b04e11d9ae9c,0.0108205884
ck_31e70f2f04b48b88,0.0019102661
ck_994316fa5a02b319,0.0007687966
ck_b76510998b9a2260,0.0128151908
ck_4db95c310e105d30,0.0018706815
ck_6f730b77dc6cdb84,0.0076236221
ck_2493ee8e7b91d304,0.0657871290
ck_92d679d6ac7dcdcb,0.0751725133
ck_3a0e0200cbb185cb,0.0219912104
ck_0b2eeb4e00ff7955,0.0213809437
ck_9843d0e61c37ebe8,0.9968657050
ck_e61c8721e3ef1921,0.0075161475
ck_2e0eedaaf2980c2c,0.0047958151
ck_9036b2e5e9298a34,0.0048316766
ck_3265442528d51728,0.4445223188
ck_f2ddae2eb1cb29b4,0.0108700196
ck_6cfa71d27fc27f92,0.0109432955
ck_f3199fbe84a28b9a,0.0250534038
ck_b78d785ca3ef773a,0.0118772384
ck_374865697f1480eb,0.0210275777
ck_06d0e4a9189302a9,0.0333330312
ck_9c9884b9bcaa552e,0.2490909078
ck_fd4cf578e87703ff,0.0150301753
ck_1917ef3e6e345549,0.1141703111
ck_e70418b00cbbbac9,0.0254326534
ck_a60388296a47062c,0.0372551037
ck_d598fe8d2c779ab9,0.0059691276
ck_646dc03de4c31803,0.8638989750
ck_e4fd8cbd842b6993,0.0010715254
ck_2225b555aa2a42ed,0.0381640077
ck_6be8ae9d78148882,0.0029650912
ck_4199342d3aca74e8,0.0195580470
ck_779581adb573261f,0.1308096490
ck_bb303568b6915205,0.0653661403
ck_17c4296276448afe,0.0057939048
ck_a60a61ac829252a0,0.0129072395
ck_6ea70950c1cae00b,0.9226670357
ck_1abb93f6924645e1,0.0341542727
ck_faab769cce19879a,0.0384355195
ck_d5b8e74e7ca6355a,0.0331134606
ck_f11f7691af16ad07,0.0016511151
ck_188fdf2be7c92e9d,0.9984535523
ck_4a103f8254b366f7,0.0067611774
ck_bfa17a0b1760e616,0.0010507017
ck_a4d7f6a5869d440a,0.8769345047
ck_58e20f5a3e7f11b8,0.5031914942
ck_4becdd3d2696c7ba,0.0119892676
ck_dad5cf32ab9f243f,0.0035354433
ck_7d9f73dc7c4f90c3,0.1968025068
ck_c19371047a2d011d,0.0025469854
ck_247589ff532f7aa8,0.0082278357
ck_7a9f241d5f082567,0.0023650568
ck_0a2b7078736b4dda,0.0010317148
ck_687b412e2aac7eb6,0.0089634213
ck_fce0b6855886a0b8,0.0125503553
ck_e291cc60920456d0,0.9192744067
ck_04219a7ea798db51,0.0690637050
ck_286bfd719836e9f3,0.1419856836
ck_55efc92394fee232,0.0139487837
ck_e36c8da1bd359960,0.0420877080
ck_34b0988a97d96902,0.0082823356
ck_e0fb11fc9dcb34e6,0.0063364881
ck_bcc9cbc9ed8b7c31,0.0079287469
ck_3df8da6f60a89a5b,0.0099313064
ck_b1495ee5c59a6b28,0.0143366422
ck_58f4c3ac61fda129,0.0972322305
ck_735f244b99e3aa8d,0.0083870232
ck_6b93bd8abf87b1d6,0.9478381571
ck_12107dacc6d05bd1,0.0024370708
ck_f96db2a1f3448d1f,0.0133032697
ck_8fd91a3c99e19097,0.0134638522
ck_910205d25388a0ae,0.0005567685
ck_d229dfa0e4442628,0.0036079097
ck_7cdec61e1c488798,0.0231472047
ck_f66f06e24ff32671,0.0249102465
ck_350bf14e90b503f5,0.0092512591
ck_61fff5fdaadd394b,0.0054647972
ck_e934f984bad2ff91,0.4799030249
ck_ff6a6d3547dd2d37,0.0104062791
ck_65ad9b15979e3247,0.0129247151
ck_bbe1a2ea5a403ad8,0.1052485736
ck_6f3a28eecd2c4031,0.0074073347
ck_a89b66665714058f,0.0090469871
ck_918c92182b6817cd,0.0379082861
ck_64f5eb4be9e7b8fa,0.7195582946
ck_d021fd497ea35fb2,0.0340205506
ck_004de16f7d8a42ae,0.0316045278
ck_a33d2325f86ab12d,0.0153436818
ck_89790ff26c844bc6,0.0100484895
ck_e6e7257377c37b28,0.0744283106
ck_a2cc3910a641a808,0.7327134942
ck_646e270e0195bf05,0.0032769936
ck_baba5d66def0d770,0.0448913610
ck_67cdcdda3033842d,0.0130898790
ck_b5c3075c811a2216,0.0540532464
ck_515379973a8044b8,0.0036956525
ck_c0ce85fb4109567d,0.0237668630
ck_fef850553862aaca,0.0033559668
ck_55d7217b0aff9fa2,0.0089972259
ck_8e139f8925ef7968,0.0064244101
ck_9e35b908fca1e4d7,0.0031605117
ck_59735f4ab2ad3da5,0.0156838502
ck_dc569c1167ccec0d,0.5835222764
ck_1dade5592f90a15c,0.0384070713
ck_793048d11fb8b328,0.1790504440
ck_545b71eb4fa594b5,0.0028070830
ck_bd30853e9a57b544,0.0150656624
ck_59f46321ecf6d306,0.0098514437
ck_260cfe9141d249f1,0.1464588593
ck_3365a0ad1a8aa83c,0.0016943078
ck_b0ef193195a2138b,0.0038510999
ck_0f909705e2e60f2f,0.0023659700
ck_5a540b75c866166a,0.0132237521
ck_87c26b2f41025109,0.9898673421
ck_27acc9f320cda104,0.1092339745
ck_a27bc31eecd9cb9a,0.0310010684
ck_115d86fabde77b65,0.0008415296
ck_eeca179341d56f8a,0.7822014714
ck_8e5999c436cf037e,0.0008450463
ck_510e7c5df1f95d90,0.9951921771
ck_f1acf73363925958,0.0312413345
ck_3c177f5970b68bd3,0.0050813576
ck_9cdfaa1c30cc9d32,0.0008865655
ck_c8efa1538b37c359,0.0067439880
ck_a8a2e296f9804bd7,0.0155597735
ck_91a0ca45f429568d,0.0070494620
ck_5fdf8a0bdbd3ed62,0.0267347319
ck_0f4e2ec66d50da5f,0.0040157213
ck_28c53b214b2ee882,0.2283961113
ck_003148504557f720,0.1249620307
ck_01d840cffb870615,0.3447880965
ck_555848d51f4b5f35,0.0200636572
ck_df20cc23b8fb8e22,0.0060563858
ck_f9604adde929beff,0.0046855499
ck_d66952b03591bdec,0.0049155338
ck_ddcac1ab765ff61a,0.0158278334
ck_347386629d96c664,0.0168131874
ck_ab01db9117acfe3d,0.0092582675
ck_58e5359efc52e0ad,0.0015443592
ck_1a524b5cc8da71b3,0.1293487023
ck_e9287b6d909d731f,0.0034728377
ck_bb41a66e3d90263b,0.1546278113
ck_e95c8cc1864bd584,0.0026348815
ck_7a3f2961e9a8b6dc,0.0055440913
ck_378a9df82b1e0bee,0.3324261732
ck_42633573639a3f02,0.9814270658
ck_2a5a4c18c2c7274b,0.0086798257
ck_77549c1a41f837c3,0.0132248689
ck_a26704b5b26258b7,0.0225779361
ck_9874ad160efddf50,0.0054046917
ck_9111e3a04b14dfba,0.0316544274
ck_651e076ee43aea85,0.0030977743
ck_391639c0f13932f3,0.0013731688
ck_02dbabda93c8c13d,0.0183978031
ck_0adcb1fffcb0a34b,0.0330148660
ck_7a43ef9c7b1c67b5,0.0010538966
ck_4b9dd69946438d0b,0.0112415121
ck_90bf017cdd37b66e,0.0248948576
ck_61c74163eb36556e,0.0343990492
ck_13376c59b5bd6943,0.0018665479
ck_62337eccb1672737,0.0229794497
ck_16077934338472bf,0.0024109048
ck_0d4dfd93086e7330,0.0115114093
ck_3865b7525b910893,0.0381405842
ck_7e2ae8b69ebd5675,0.0043043046
ck_b4384b6c11766ce7,0.0127780928
ck_3d7fa32dfb9fc692,0.0858497446
ck_f4a6a7cadd6e0603,0.0291004101
ck_212525e2828a6c45,0.0145442764
ck_33ad8d53394ba77a,0.4542670264
ck_a5051eafe8b51224,0.0090769780
ck_f65e5ff7da565f91,0.0035570113
ck_5c37f7563fa7591d,0.0096758093
ck_f1e0a006068aff29,0.0132919642
ck_c646cdead6fb79d0,0.0055881772
ck_f8b3cdffef535330,0.0809090531
ck_e5cdbe3aa12c97f6,0.0145771690
ck_986e4e61440506d0,0.1802260226
ck_6da9c5912e15d9a8,0.0018699178
ck_51d842e6dae74c71,0.0038137546
ck_5fc65c24e0736d5d,0.7714600163
ck_babb95a76c69509d,0.0228819596
ck_86a2d852a9715432,0.0278034958
ck_db4083a0d043def8,0.2354862475
ck_96953b8945b7d403,0.0162312521
ck_7831ca5c31fb3859,0.0781183948
ck_60ac5e5f375daa38,0.0402163487
ck_05d44eb1f5f085ce,0.0267156900
ck_432cc19c7eeaa46e,0.0153364105
ck_7fc513033af061af,0.0907616352
ck_ada6ede84c111719,0.0188598964
ck_6343e0d3b1c2962b,0.0157354402
ck_010264ae04f2e902,0.1340973777
ck_e9dcf535f8c289eb,0.0797899002
ck_37143d9cc296e6fa,0.0062497377
ck_61fa051192f3e810,0.0095993896
ck_f9f93d1d41be1468,0.8394917577
ck_c4f4f28457be8a74,0.0010333381
ck_323a71f9452d21cb,0.7055644334
ck_170f4688e0acd875,0.0848216678
ck_869b1878d09d230d,0.1152708601
ck_2f6b33bf46976229,0.0010035352
ck_b11e22e75d9b99de,0.0020112714
ck_123d75ffb75b606d,0.0251489643
ck_94295287a04c85d2,0.1183379076
ck_1b0434f096795328,0.0022965256
ck_0a4e191cd0a57ce1,0.0011042700
ck_d2fbd0df99634676,0.0094073288
ck_d51df5e9fbbbcc94,0.0749259790
ck_2d3d7d64a6f443f8,0.0121823633
ck_731943c682c9394e,0.1506949135
ck_5ccc0c94e5e1f849,0.0186079602
ck_c3476080516db25d,0.0181933478
ck_5010ffb1c94187b5,0.0004805763
ck_7ef666d67bc70223,0.0219337794
ck_c1b493527224a27a,0.0053925356
ck_5d1e25d7acc5af9a,0.0039178561
ck_ec30b61cbf517db8,0.0019321882
ck_79323eb5d2e5efae,0.0029307384
ck_4085cd3bf2661518,0.0169672376
ck_2ca91214c357c072,0.1689363471
ck_7f3132d6be389657,0.0449673724
ck_e7a6b925c8f39a85,0.0081657640
ck_c886adec7bac250a,0.0137388537
ck_c3f360c2d0ea0a37,0.0114193471
ck_a7acd5b015823793,0.0254927438
ck_9d64187c0800f84e,0.0218957080
ck_5d4ed73b9efd7d11,0.0064222941
ck_874eca6776b34dec,0.0022988519
ck_96a9221a87be93c3,0.0313587365
ck_68dd79a51eabf5e6,0.0938411689
ck_8311cb6755b2016c,0.0058299230
ck_16fc77b2bcf5ec03,0.8921599306
ck_ad9e2088a33c8c72,0.0004268715
ck_7176bbc97b1e42a1,0.0050838833
ck_80dfa54b30f65fff,0.6758729670
ck_31c54d540b128843,0.0016235023
ck_43ea894480567274,0.0220973342
ck_9c9e8a38bd5a6c88,0.0242992168
ck_1c2dcae19539e148,0.0513893033
ck_b0fa8b84e94d8ae0,0.0028355609
ck_4ceb43ccd0a81c2f,0.0081010453
ck_ba845332b730b596,0.0013386209
ck_73d3e8c6077f61e6,0.0676055534
ck_b5d0d223ef56473f,0.0283555604
ck_949f08f8e80e93ea,0.0025987263
ck_73de0b49709e5f8c,0.0033780262
ck_b5935e9722a39819,0.0361904855
ck_96247fee0eb44420,0.0027461689
ck_a6def1e4b2d57e0d,0.0236216163
ck_aecdc5a96321a2d8,0.0070731619
ck_bc61c59970f8de49,0.0329846921
ck_c43b4175fc9ac5bd,0.8496481704
ck_8ff7a9b23a55fd62,0.0034458705
ck_20c99b645f462449,0.0032775367
ck_a5ce2ae36fb410d9,0.0011750464
ck_96fb9bf556842bbc,0.0228124345
ck_b5e4c6dbbed1b773,0.0239687830
ck_2085433978e72ea9,0.0559584364
ck_2c6b174b063ec637,0.0123654000
ck_b20b81b88dabe28d,0.0029729737
ck_243c18dbf150831c,0.0021778343
ck_2bb6a17e8eee35cc,0.0415983123
ck_66147fb994495396,0.2702756926
ck_73f124f075ede0fc,0.0148911983
ck_2e315f1b1e533dab,0.0062201057
ck_16c7bf94ed3e7a6f,0.0009347405
ck_4a0eae220a762ac5,0.0193108009
ck_dc16f939c2f44ad8,0.0429668989
ck_817926b449754917,0.0126334151
ck_0c0dde42ab64ef87,0.0152622137
ck_cb3a40594da6a2ee,0.0222334232
ck_d0dc156441fcfdcb,0.0241828236
ck_66f0945add423e9e,0.0256332658
ck_a74f6a3030f5d495,0.0220175893
ck_1ae460f331e49ae2,0.0119396275
ck_2d177b2f4f0b40c9,0.1416619278
ck_92e474e4368c4791,0.0185435016
ck_3dee83fa2d109484,0.0019671287
ck_80e5ea27848069fe,0.0045924750
ck_ed0c4a83701ca230,0.0163960874
ck_0b8b7c5c581fd161,0.0010387747
ck_60bf8a2870956fb1,0.0094611776
ck_73a54b56a2bf35fe,0.6885760264
ck_2296d7a563424883,0.0116349951
ck_bc19c383560c7477,0.0263257447
ck_861d8e3d88f1079e,0.0846174780
ck_3f090fc96c24eb28,0.0045243407
ck_9a6a1f8102febfca,0.0330548383
ck_541b6ad5d2fa5a39,0.0026046672
ck_a760d38d1bc4de97,0.0018839316
ck_7dca4d7ee10b4eeb,0.0021963016
ck_15220e78d1545e40,0.0252093668
ck_ca24bb0de508efb0,0.0058760180
ck_56b389627d8f02c5,0.9817253161
ck_48a6754977a44db0,0.0060564702
ck_333a43ec339a04cb,0.0503936495
ck_f22aacaf86a65d7e,0.0242874856
ck_04bd8a1ffaf3ffd8,0.0012576145
ck_2737a72de6b700f3,0.0205001782
ck_c35e03b0dd0c3454,0.0219323644
ck_e0571312f395cd94,0.0323957888
ck_09fab6b9825001b2,0.0039520450
ck_18c3a095606209e8,0.0133241878
ck_2a97db9377d01e36,0.0037006908
ck_f29dbbfdd2786bd1,0.0143995902
ck_35d6c510ad29362e,0.3385273385
ck_5468fa99c945d785,0.0185970570
ck_6f8102f62c876cc9,0.0343497328
ck_91955aab3424ad16,0.0020537416
ck_9a43c0c73a39d759,0.0378118799
ck_60b023af6d1e30bf,0.4268679839
ck_9704c5cf8659cedc,0.0169955149
ck_7e5f02b51b9f78bf,0.1065582232
ck_7d3a88d1aa649708,0.9835253485
ck_8250eddc1ecb07a0,0.0445939240
ck_d979ef95ee44023d,0.0177385085
ck_5e5461dac83531ac,0.0127353331
ck_d1bb8890081e0a31,0.0211818278
ck_32246c62640648d9,0.0007710464
ck_77a40c7d2f862a32,0.0116572368
ck_1c8b94efe9238f5b,0.0041471000
ck_eaf3b6d11bc3cb11,0.0014296637
ck_a4a7ef3ad799c380,0.0171564108
ck_d5bd8f68da073cd8,0.0087256054
ck_6e6258227fc8db7f,0.0012064890
ck_c35d444e05799db6,0.0223813433
ck_74665e1209140ae8,0.0223661141
ck_353a272478f7e903,0.0138657376
ck_a2c9796ea229a4e2,0.0028186268
ck_e0171f91cb3411fe,0.0268783371
ck_703499f5410280f7,0.0025207687
ck_ae3a763997f8f385,0.0661441162
ck_f7ff94c3df5ac874,0.0194952270
ck_f3c16d8f747db046,0.0484396084
ck_7ef019ed77276496,0.0045958535
ck_d6a4faadab58a3de,0.0362000379
ck_ba7b78d31d74c794,0.0340831678
ck_36287d063350ce9d,0.0072855301
ck_5177fc7137ff26ce,0.0005254021
ck_dfd4e79aaa967b63,0.0085155228
ck_fb44d15fb93a7157,0.0099959805
ck_fca478361870a4ca,0.0173464275
ck_e57b94fe57341058,0.0126202465
ck_5448c946cc4758fe,0.0126321916
ck_c5ece5ffb8800ad4,0.0032492235
ck_11cb98211b2ed134,0.9108322321
ck_f655399ac75c4450,0.0119797254
ck_c817259019588d30,0.0131316246
ck_8740a14d8096c6e1,0.0111331323
ck_0c5ba86f4e05b38d,0.0127482428
ck_ccc917533d4b73d4,0.0385791749
ck_9eb80edfa43203de,0.0034507376
ck_d1a1cf4cf61d6801,0.0263323283
ck_b17c239f160e6017,0.0405572019
ck_410c3e13b48e0415,0.0010015677
ck_ab553954435e8854,0.4653337791
ck_bdbb4230c91e1604,0.0163801847
ck_8fd4937eadd64fb6,0.0042847485
ck_e0e90b196bef3c11,0.0032981206
ck_3dc4d464386f0eb2,0.1145022975
ck_51bbbf8f8e8ad005,0.9978537955
ck_c05737ab74cf03c6,0.0369292527
ck_dceabbe04d99afc2,0.0011634513
ck_5b86fd14e85bc9c7,0.3260266146
ck_d4febf0083800424,0.0743528511
ck_77d9f86dcf251739,0.0095656682
ck_b4dcebc543deaafb,0.0345570366
ck_cb856e75c949b0cc,0.0002413907
ck_61b067de8ffc1ca1,0.0407248568
ck_c0e8560ccfd9dd9d,0.0053612708
ck_173e1198c341087b,0.0046729032
ck_b4d55bc809000276,0.0164028540
ck_839bf139296b5cea,0.0057995164
ck_78cd402a2a4f2e35,0.0031963537
ck_c2925c50ebacbdba,0.0027906354
ck_5e3bc76eddbdb0a6,0.0012672855
ck_b7793edca26fc512,0.0119478075
ck_d79bdf04d6f31cd5,0.0034084778
ck_4b97d19ed946f503,0.0285739065
ck_37139b41c5370523,0.0203759085
ck_8c346eeefa9ce692,0.0155189724
ck_2ab7eddee2d8c49e,0.0024153339
ck_29da59ea3bffb9d8,0.1782622032
ck_c1d05ef0ec6e4be7,0.0072430011
ck_3882423b449f6291,0.8974724686
ck_5647030283171ed5,0.5613831610
ck_efbdcd9c181e72ca,0.0125669157
ck_192fdad892782daf,0.0963993116
ck_0bf2e13b9f2601ac,0.0667557201
ck_3d6046a533057795,0.0097611441
ck_279a1d3a3836e5cc,0.0116004522
ck_c375e929becde422,0.0108498437
ck_a59e90219939a1f0,0.0039910224
ck_4e9fba1ec54c3ff8,0.0322199870
ck_bcbd8588a13f5eef,0.0018349557
ck_5f9a7ff990341bdd,0.0021312013
ck_e0403d507519b7d2,0.0016034991
ck_c9490cb61aff5112,0.0145785052
ck_41dd44308e6a665a,0.0738200879
ck_76c23726cd7ca947,0.0061562763
ck_9be551300209fa83,0.3573126884
ck_a98848eec6c9581e,0.0894391821
ck_61176dafb33b2d8a,0.8553220412
ck_92de019e05971ce3,0.0102428683
ck_5d644224135d7c65,0.0201974296
ck_c767fc454fa215d0,0.0080555278
ck_5df85a8924e11f27,0.0139980739
ck_da2729307af06ed5,0.0152933232
ck_7c6b577174af7a78,0.0154290256
ck_893b8afbe11301e1,0.0018038248
ck_e06f6fed020ae014,0.0115769075
ck_386680372fb54857,0.0107330128
ck_7a7f3c4fe0c9d2ca,0.0047763415
ck_f908b527c4db422d,0.0929507083
ck_ec2eee6a133e9a6f,0.0723171120
ck_d98934f9fe0b02b3,0.0037954371
ck_398a1ed77b0130e5,0.0056116971
ck_d960af7a55b892b1,0.0071593136
ck_4637e54a9f79e2e7,0.0019353718
ck_02b9f418524f6650,0.0294737654
ck_d4b23804cebb045d,0.0142744506
ck_35b1939c48182a9a,0.0105448696
ck_2dcbb71e39d64305,0.0184074588
ck_47a884dec960ff2d,0.0128758286
ck_71fd8c346fde5cca,0.0717827683
ck_98e1992ac8e7d2de,0.0803157980
ck_ae7780327e210522,0.0154201898
ck_e6c584b4b1ad6d9d,0.0060543418
ck_344b2e326a6c3dcc,0.0070838389
ck_9aa899a5230b0963,0.0319782697
ck_e48d14d5b70ef5aa,0.0173778346
ck_59d380a0973b3951,0.0095501728
ck_11318f7c041a5ba9,0.0133566749
ck_7061786fe2f22f5a,0.0174442002
ck_e77529651c416cf7,0.0286079194
ck_7f79878197340435,0.0077439978
ck_b0a0fb0ee9ebf106,0.0059016252
ck_70c7679199776a90,0.0138078327
ck_b9facd2210daca5c,0.0528219319
ck_9949f53c155b8dde,0.0025348880
ck_1c607e24f2c4397a,0.0251893472
ck_aefd1ce3ce093cbd,0.0001724619
ck_5a29b7018e43280c,0.0025974545
ck_69eb0b2ccfbe5f95,0.0107446834
ck_fe037765aa465c58,0.0112554927
ck_5e512ef5362a3dd6,0.0038715789
ck_544a9e80b7fdc279,0.0037002367
ck_7825494e654d5695,0.0169362232
ck_f1f2c3c623553f0d,0.0001863094
ck_52730906e5b461eb,0.8828989522
ck_01e0689157fe9617,0.8961689529
ck_9da82e567074da9d,0.0400475014
ck_6a17384072f904c0,0.0173517343
ck_8d84d771a21942a7,0.0009577286
ck_39638880292782a7,0.0085739497
ck_7d51c86e0eec72ac,0.0156420755
ck_45f4c821c70d134f,0.5406926266
ck_0af3c13ba56ce57c,0.0025500185
ck_0789a05e061b2784,0.2354581333
ck_6ba091eb42ffa9fb,0.1705249429
ck_265accb3c5c32620,0.0741210517
ck_179039559ff7566c,0.0221498511
ck_17c0a6a92b5765cf,0.0099602496
ck_59371c9140239fd7,0.0183989182
ck_f9c4f8b4ce2691f0,0.0121963177
ck_a2637e4872cf4811,0.0731662949
ck_1de43fd6c6c22a5f,0.1193231093
ck_6e4f31bd108571f0,0.0015714371
ck_da06d97db0b18851,0.0019899258
ck_e0346d5081e640e8,0.0212883840
ck_c1c7d4e62c9fcded,0.0537842159
ck_2595669e421299f6,0.0158910619
ck_3b6057d51fd4c7d6,0.0064009819
ck_c5f8ab515840a0fe,0.0071180071
ck_435cb24538c6f77c,0.0332614383
ck_d84b5403da4cea7b,0.0404285986
ck_c2b61a98d1c8f6dd,0.6845170266
ck_c9dcd92b2f836b61,0.0677475760
ck_9eb5b3f5f672c2b1,0.0009569481
ck_e4cf189a8d31649a,0.0033418126
ck_6b114f2a48152b96,0.0014905062
ck_3fb95862b70f505c,0.0377053567
ck_7f780f465c29398e,0.0086790092
ck_ee387f9da79e67ea,0.0176037532
ck_fa3b1e85d27af2ee,0.0243568529
ck_e739eaaa7a1822f2,0.0386125637
ck_dfa0ac11fcb1dabd,0.0025127133
ck_6e8751b571ea54d1,0.0198455039
ck_2d695f8358383092,0.0123875096
ck_e7dce27edb700f27,0.0036619375
ck_e322da8b213eab52,0.0045647204
ck_d0b32e039abb8200,0.0024173302
ck_b354003302b272ca,0.0025623222
ck_f7485cba392bc294,0.1285305663
ck_d6a290ff8362c7b9,0.1375310942
ck_c56a44fe315c0389,0.0087113916
ck_f77dfe6512eae322,0.0159124617
ck_35fe969c58b9e70b,0.1865820055
ck_4c518637db2322d5,0.0588756589
ck_cb61902798ecc4fd,0.0295058712
ck_56e6cfa32156a916,0.0035442019
ck_343e6ed2b9d35c01,0.0053777953
ck_51440f64f7250ad7,0.0218878054
ck_295bca29c34cfe2e,0.0304515505
ck_dd30558576b45e7b,0.0146841980
ck_3a30132a57181fe3,0.0280701010
ck_4a733aeb833406f4,0.0119740107
ck_1b0b7c3d35ab1259,0.0434062489
ck_962c3bbf27cd4b80,0.0262484215
ck_9528e1d6b1707870,0.0335332968
ck_b3263e7f31aab45f,0.0239797891
ck_e69195a3c885053d,0.0020090266
ck_a907fa8795cd4baf,0.0005367790
ck_205c3405045bd835,0.0036354569
ck_e81fc223bed3c46a,0.0290387136
ck_363751deae40edfb,0.1205752993
ck_6176baea8cbebbb6,0.0049932622
ck_633e6579f5c74a5c,0.9082458839
ck_ddc11fc481eef58d,0.0258072577
ck_e975002c979e12c7,0.0256971020
ck_8e039b23acaaac00,0.0281557520
ck_1d6990d94a4d2ad6,0.0149256483
ck_e7b583acaa3171a2,0.0581835670
ck_c0133f60d39b2fb5,0.0224411108
ck_7d6bff85e7a694bc,0.0028258349
ck_d305b4d82f63f647,0.0020126730
ck_22bd0fc71f95e048,0.0276094238
ck_9a65fcfc7916f93f,0.0003889710
ck_d61c837b0106085a,0.0599079114
ck_be86a1db08dea456,0.0340056640
ck_90489c405e6886d8,0.0043418907
ck_0add2c321d579d75,0.0190153286
ck_482dea6eed92cbbc,0.0071434807
ck_c24b47184534cc2c,0.9959474240
ck_fa04ac31e596e7d6,0.0149034460
ck_084322dc5a3a86f0,0.0027517482
ck_ccb72a33cc1877b7,0.0153852823
ck_afaf374009d3b248,0.0073630798
ck_b53084ffede19a8e,0.0019292855
ck_4760216154c8cac2,0.1728299400
ck_37ad3a65db673e70,0.0038916883
ck_0c2932cc0d553694,0.0060940084
ck_86b853c52f20fef5,0.0053445578
ck_38703b7546d35a80,0.0140182063
ck_218b7e6e6dbd2da0,0.0097163378
ck_402db4184982fdf5,0.0117386601
ck_f917c82af80e4a79,0.0538243833
ck_3c6417a233c68c73,0.0782880836
ck_98068c397d70dd3a,0.0337009031
ck_b1cbd6679c0f8d95,0.0044214593
ck_9e962f9bb0e7bac2,0.0083382209
ck_b08247c3ad567d92,0.2447491387
ck_3ef7a03ebb81cfe3,0.0013169708
ck_5d7ae0e3562e99bf,0.0612717600
ck_c91a628236baf91b,0.0694224647
ck_7f8e816ca51755e3,0.5041363441
ck_5aadd286d188f5c3,0.0088445360
ck_a037aff5f8128c73,0.0016620649
ck_5df6529ce8290906,0.0036583631
ck_5f3609511443e5a8,0.0085617082
ck_a6f61864fac3c8fb,0.0041589869
ck_2733fc6ba23ae46e,0.0187527424
ck_22bfb9246646eb41,0.6933381503
ck_bfc2a57d8fd1610c,0.4259339942
ck_49839e761d0e74e9,0.0077918068
ck_aa4ba931dd37481d,0.0070552845
ck_2f9fa0d61829f815,0.0039831686
ck_5b82c774df10d49b,0.0016574645
ck_411219470d0a195c,0.0132729722
ck_d07485ba10514a2d,0.1869401410
ck_219bef979ee21bdf,0.0012146796
ck_eb1006e7285184a6,0.0389662195
ck_fd242b18575e3063,0.0513113897
ck_95188150ff059c70,0.0624241730
ck_a9ca2f447b984a6a,0.0077446719
ck_2dd39723c4088b64,0.0143719356
ck_aa2b4c662ff213b6,0.0133501662
ck_1867b1199c864db5,0.0486544427
ck_850ec97a5a0dab9a,0.0238924994
ck_562320295fa35875,0.0077694145
ck_bab5759b07fe2bea,0.0010155348
ck_b9f1465d803e57b2,0.1009078635
ck_8f21f2690c32c691,0.0592821087
ck_df87d6f61a63eb21,0.0066827458
ck_770475876d0e7e6a,0.0031547312
ck_b4c014d5c0cc9eb2,0.0029000926
ck_3add4d23124c9290,0.0032650967
ck_bce5b7fecfb6264d,0.0560647333
ck_604c17cb97dc89be,0.0346205032
ck_e52cbcd9aafd26b2,0.0039007142
ck_0ac9114076f5bf3d,0.0094994272
ck_dcc125b178b79566,0.0015028540
ck_4e333c09f0c37dee,0.0370404843
ck_ff7e31ff8ba731e5,0.0066622037
ck_8d0532d24f1070d1,0.0012008552
ck_3689fa41748a6f6b,0.1871550028
ck_7509eb97c1948b16,0.0401428247
ck_a9161cf1ca22a6bf,0.0071552989
ck_bed3e3db135b782e,0.0200338739
ck_9040edd974ef8e3f,0.6353194869
ck_fac32d76ed40f683,0.0225449646
ck_3d7b1078e2d57c69,0.0012598579
ck_dae09c4e074af5dd,0.0187702303
ck_fd84507228467b40,0.0653554202
ck_e2a2ce9b8cf44c63,0.0084011177
ck_cbe716f351d660d4,0.0033536252
ck_cba4162ef29a6d27,0.0183455907
ck_4f1e962ff8a29732,0.0027906319
ck_39a81899dded61e4,0.0018793339
ck_25382331551d22a5,0.0164380634
ck_6d64e1c07b19856e,0.0007368135
ck_165a868bdef28ad3,0.0402375653
ck_88774ae52e30e877,0.0114200952
ck_fc7a9d0643570053,0.0008526831
ck_c2017120b3b88a46,0.0044447380
ck_d115ac6b9fd62a7e,0.0054100375
ck_439cf7d51ec7de0f,0.0052144757
ck_2468a7e9e68a0927,0.0057773333
ck_7c418947124dee8f,0.0563567675
ck_fb0cf32c4a56f740,0.0303924929
ck_694eb6c43193afd4,0.0048181253
ck_993beb188dd4abb6,0.0157902868
ck_77fa39d3b733c226,0.0841299747
ck_49969a9abc47cb69,0.0160962604
ck_d3f44bbe2f7e9b2d,0.0671020486
ck_fcf5b8216d0c18ef,0.0007946379
ck_daefe1e2d2bc362d,0.0060644390
ck_9c9287cb28950eb6,0.0069290287
ck_c1d1a625b885a975,0.0143955506
ck_71b37fe47490b4ba,0.0045679261
ck_5d16e257c0635f7e,0.3806229504
ck_15918075563eb074,0.0035600331
ck_9a15fdefc47e8d11,0.0100215084
ck_6f04d047d1dde75e,0.0003811696
ck_1af2c0b3b8d202c1,0.0038665023
ck_174be2231c5fd2b6,0.0012918333
ck_bb0713a2a1d65982,0.0095906615
ck_0daec63bd5b0729d,0.0085694336
ck_c0b5cc3e8ad2ff44,0.0192050967
ck_35bee1fc12664644,0.1347867041
ck_a1c7cf63467df4c2,0.0011945536
ck_ecb1e15f0b185ceb,0.0670449468
ck_f280d31f54a4710a,0.0197834150
ck_30f4b2ee8abe1342,0.3842094061
ck_66bed631354de5b7,0.0033379272
ck_c2d3ecd7278eba2c,0.0027157943
ck_e901dec0e09eccbb,0.0031688004
ck_5d038ecb3c8748a3,0.0136553178
ck_283c5bea94b21e80,0.0030634242
ck_7956c251b85f009e,0.8732169706
ck_9f5f81d771146aa1,0.0004005397
ck_9323e6fc1e168eda,0.6136928583
ck_10495d3a635b8d69,0.0819466562
ck_1982d571cd36eb0c,0.0124667440
ck_4f5d7985bcc2eda4,0.0019967812
ck_7df526b2b4410bb4,0.0377630321
ck_dbb498b1a346a402,0.0029271756
ck_ef059997563e3330,0.0112271637
ck_02ec4e06709e6b82,0.0016009507
ck_9782c86ba6485f88,0.0028341303
ck_d69de468b44143ca,0.0051253646
ck_6430a8792f400e0a,0.0039440744
ck_8285bd3c90af94f6,0.0096263983
ck_985c9ca112000e9a,0.0322110402
ck_e679fbf4f4f4aa07,0.0052365228
ck_016e8c8eaf9d511b,0.0471967015
ck_bc996c523944644b,0.0261842554
ck_5b8315726f6204e0,0.0085020295
ck_78181f8e998e442f,0.0024722825
ck_71c68dfd011dbbbe,0.6990086022
ck_db32c95ce2b6f502,0.8761486141
ck_755010362a9b1bc4,0.0063497998
ck_114141d85256c9ff,0.0007626870
ck_9d1a5cf5a3b87e48,0.0159886300
ck_ab640420858ab5c4,0.0858438619
ck_97a8dac48dd62488,0.0997519422
ck_879cc3166fe1bada,0.0016716393
ck_b0ed11080076e381,0.0036075084
ck_7334a9ec656263b2,0.0055672888
ck_6494f0ef13ce44d9,0.0046834430
ck_724e459b9ece38f4,0.0129848000
ck_7fd8b1470401695f,0.3226908971
ck_292f81186358b0fa,0.0072172627
ck_fa7de64d37287615,0.0241705875
ck_d00e09e66ed6458b,0.1185592437
ck_b8d210e741be186e,0.0031313621
ck_3db59982cbae4410,0.0330881988
ck_69887d0a9aaca6df,0.0011535647
ck_4feb21e2fb0b3977,0.0034881692
ck_08c6cc1e143475e3,0.0064345266
ck_fe6e168cdbb46b9a,0.0614575197
ck_07f1734be7fac56a,0.0349211006
ck_d66d59981307db93,0.0211797818
ck_f928dba0d587d7c1,0.0022357694
ck_786448fe3004cbd0,0.0022315386
ck_29ea329fa40ace62,0.0195878135
ck_7ea52b6f27edcb73,0.0226340149
ck_18bc51bbf3ef198e,0.0518068960
ck_44950df09ff14ded,0.0013602073
ck_c1466b52c0a10b93,0.0323814260
ck_6cdac067cc4db5c5,0.0604896036
ck_53f55c6e8cf2d432,0.0015190321
ck_95945f48453ca532,0.0590294824
ck_87cce4126e215153,0.0062073547
ck_1ecd5516c92caa4f,0.0003734652
ck_819b482bca14c068,0.3095449399
ck_a61a879dd46fc9f2,0.0078631913
ck_af70aa32c009c3c9,0.0162853578
ck_f4fe78e249092ab1,0.0219186352
ck_12c46bc52bf45b36,0.0326114519
ck_f05f5e4b40afa52f,0.0311258333
ck_0f8cb09d3f4fc980,0.0512780273
ck_80a64a7f0275a71d,0.0081914068
ck_683af7b1540a0b22,0.0378676666
ck_51fe0b613c076cbe,0.0043707331
ck_da1a2450219dcf19,0.0597289539
ck_2a7eba01ceba6c2c,0.0454327787
ck_4e329e29dfa743ea,0.3616417733
ck_0274d881d6db82c8,0.0034724461
ck_0af5b7d128035b35,0.0076604006
ck_ae0a7be6b0a0ea68,0.0383945413
ck_de5bb7a4d091386d,0.0673140837
ck_2bb7c17168a9d17d,0.0196204172
ck_0ffdff7b2f5fdfe4,0.0067742354
ck_718a8390b3d42d7d,0.0159151065
ck_7c4f12d70f184533,0.0016732682
ck_d3e2c26b8adff099,0.0252544305
ck_ac9d3d9754104cf0,0.0041585671
ck_3b1766a1d51f8f0e,0.2286711487
ck_a9bf75bea912027b,0.0335028221
ck_687eab3ffe1f8cfa,0.0206099782
ck_25dd0b02af5b2f37,0.0580529291
ck_1747fcc466f0ae38,0.0008332472
ck_f6e9d14dfb6f3c28,0.0299839230
ck_c6a7bbd0adc4d5f3,0.0493657042
ck_46656a23f4456d22,0.3268831382
ck_7519260415c2998e,0.0220043241
ck_754f30ea19df857c,0.0392699463
ck_ba88a244d5f7380f,0.0139609108
ck_f268416945316815,0.0112162183
ck_21860dd2159dff28,0.0018369817
ck_7a86ef4e2beaec38,0.0007575135
ck_0414507baeea936a,0.0290299798
ck_60796eb60fc3043e,0.0044426648
ck_1e0841ed17fe0562,0.0110121469
ck_0d641d32658d6e0f,0.0019919187
ck_b36086ae6d87eec1,0.0073231196
ck_962e65ab33b5c311,0.9550926205
ck_b046a42684468e63,0.0102544295
ck_ab3426435b0017d6,0.0295964126
ck_fcfe06e44d09a344,0.0203617932
ck_0f6d916c92189516,0.0183678012
ck_d4c8f0d957c3965d,0.0292959082
ck_2ca83dbd728af019,0.0013358198
ck_2857a4ce9f72fbfa,0.0008597195
ck_a60e6edc48e3d0ac,0.1825309884
ck_0cbd3b27063d4415,0.0799540979
ck_612089ec90c37219,0.0102676519
ck_ec4e597f17f473c6,0.0027541584
ck_1c93cc58f314bf71,0.0212618742
ck_2b359a979520276e,0.0069703476
ck_1496568ddc3b2d56,0.0289586377
ck_41d91dc9f5063566,0.0174059471
ck_4c5ff58afe3d7a67,0.0039476218
ck_81709736281fa3eb,0.0028744161
ck_d89abbab3d4957aa,0.0125384132
ck_52453401f88935da,0.0213801905
ck_a477654d34783e06,0.0023378726
ck_72dd0dbdf808cb00,0.0610866117
ck_c183dff3781746cb,0.1712580076
ck_c8b7f241810b45e5,0.0039463536
ck_f88028c3f306bc70,0.0216768047
ck_91d48d69e4f5d9c2,0.0101384641
ck_b74b9ba6d7c9aab7,0.1243542532
ck_03e904682dc73bba,0.0103699930
ck_fc6fed6ea96a004a,0.0050707252
ck_51efdd240e34c642,0.0701356399
ck_e78ab4ff52b5fd2d,0.0076741386
ck_4af7b97c24d89a45,0.0605303378
ck_295c0072eca7f7a2,0.0069707147
ck_8abd1a50a9227463,0.0251135695
ck_ecaa6f13304e3dc5,0.0012052341
ck_de436e7b319be1fa,0.9951965420
ck_c802cf8f61466027,0.0020819769
ck_3d83e0a3c1cfbf8b,0.0274734887
ck_28d2003c2d16e4b6,0.0015155187
ck_8ddaf745bbb9cd62,0.0009041123
ck_493b6256091014cd,0.0252703112
ck_a2245822cfea997d,0.0028815430
ck_f7305b3c64cf8a03,0.0441334069
ck_9937dad93a0ed3c1,0.0029353529
ck_d654449f9231ad76,0.0060736897
ck_850e2b59bc535490,0.0234904196
ck_e55e5bdfc0242aef,0.0254340514
ck_d35c51e981b98c5c,0.0122782962
ck_27cdf9c5e6f0915b,0.0210656582
ck_d328db1e1052d820,0.0098477243
ck_0ea30eff5f361cba,0.0051128122
ck_9994323f97109f4b,0.9864027336
ck_09054e97bdf9624e,0.0034138761
ck_723b4afc388113c8,0.0049789477
ck_588f6e6a6a6d93e8,0.0134993329
ck_e1d563fab4d6116a,0.0083923091
ck_53aca610e20598bc,0.0183950863
ck_c8131ddc7ed33448,0.0103663269
ck_899f88464305824a,0.0263431561
ck_1c17c65804f8889e,0.0071981420
ck_45a16ce12893cf9b,0.0060845483
ck_f9d481aa4f9b2808,0.6998312777
ck_1d5d74169cf892ef,0.0299075555
ck_aba32acb61c1aaca,0.0158565480
ck_ec4dd3675a8d28cc,0.0105212051
ck_5dcd443fe0bbdeac,0.0026529356
ck_3a47e3f54475e854,0.0029427164
ck_a9aa5c344c315532,0.0211348856
ck_9652283c9f61fcec,0.0007158282
ck_752dd3d2487f78ea,0.0079315824
ck_a821980ac4db9943,0.2300861586
ck_93e0d6befb67f7a1,0.0401928130
ck_e7a3881c3e36bd51,0.0744512595
ck_12631b78f8a03df2,0.0026808662
ck_57b8226610b48854,0.0049471634
ck_352657008983fd4b,0.0419284926
ck_0841a5c24fd3dd28,0.0180443665
ck_db9b9d5d30f74070,0.0672031690
ck_a9dded7f6294e44f,0.0576107542
ck_91a16336ce3217dc,0.0127334210
ck_371bd9388b287677,0.0012252810
ck_f285e5e1912a7c62,0.0016379817
ck_368b65fca69fc415,0.0371059340
ck_d27a73596b6500c2,0.0286314069
ck_2d963f9b2c4d11e1,0.0413151105
ck_7c500e219af39486,0.0119449183
ck_7d025dea5951cba7,0.0070261202
ck_32f632706608859e,0.0100022362
ck_53816231f3ffb48d,0.0055873973
ck_9dbe184e81c1ca8d,0.1516934303
ck_d74123617f22a21e,0.0156727993
ck_275386782b1606f8,0.0039523132
ck_0b0e79d33e50cba5,0.0014805623
ck_ba93cb604f792915,0.0420452711
ck_a86cd653472eccbc,0.0127497889
ck_87771861e0447210,0.0967978519
ck_212380e0371d8a6d,0.0091783844
ck_ef0d702d7b0ed745,0.0015866795
ck_2b8f33e22f939372,0.9347952987
ck_480347ad92037105,0.0378333822
ck_20124c3a16c53ce4,0.0072682324
ck_c9e1e3229baae708,0.0200196021
ck_b1befe967f7a5ebf,0.0370030269
ck_4672167d7c989bbf,0.1413120323
ck_f0c44ee5e3a42e3d,0.0194888224
ck_c416357d20238a4e,0.0078944475
ck_d0f470f8078c91df,0.0193044040
ck_3a70b4ee59084715,0.0085456996
ck_179ed66cdfc1ce27,0.0019240811
ck_387e5a7f163c7837,0.0267582205
ck_08fb463e69f647c8,0.9934841620
ck_732f725747393ec8,0.0305263196
ck_7cc5e0fa3ca5a713,0.0011288054
ck_ad4a4daa826ac68b,0.7098657271
ck_472e0be7a3b533bb,0.0279703722
ck_7190177963eafdd9,0.0105288806
ck_647ac26c5900f082,0.0126254462
ck_272ae2179bbd8e58,0.0051851601
ck_09b0d8af304646bd,0.0007503804
ck_ca0cc8ea9f344408,0.0034530615
ck_332ad134fb909869,0.0080038841
ck_fca2798914627dc8,0.1008340221
ck_4450b55f462ae134,0.0023278316
ck_d67d9dfb60b286b9,0.0013837465
ck_a9d2bb4f2bde7052,0.0049294720
ck_929bcae878a3ecb3,0.3246176211
ck_59a9e000fa275e1f,0.0214339518
ck_57f17254e2688637,0.0139323602
ck_0508908697f60ce3,0.2034637899
ck_946afc2943298d26,0.0030174921
ck_7176d12b18f2cc0e,0.0196627243
ck_5c47b49c26cce286,0.0282715690
ck_b6a2bdb2d335e1d0,0.9843930959
ck_1d58f6caaa4d012c,0.0047893801
ck_71c917295020ccc7,0.0024072799
ck_bc89644ae3688995,0.0101750675
ck_e7c212f16d6df272,0.0076728964
ck_c6d2e11a368184e6,0.0025825478
ck_eed7f1f7548df15b,0.0150495349
ck_75b69034000ca7bb,0.0378680028
ck_38da3bf629458682,0.0021351592
ck_90114c891239d821,0.0014967661
ck_8ee08f6777cc155b,0.0143424704
ck_bd86132499defcd0,0.0148803815
ck_b95fbf2b5640aa82,0.0076829447
ck_c530235393360e3b,0.0134455313
ck_be52a7ec43241ba4,0.0603921727
ck_d96eb3cc55f2772f,0.0121034154
ck_dd34f0a844fb115d,0.0653446210
ck_17cc7b411f448e66,0.0267862279
ck_856ea65fa27d06dd,0.0236697186
ck_056d5f0301c30902,0.0957353949
ck_e662b14b2bab23a2,0.0971231492
ck_209f574c8d92274e,0.0110492699
ck_62720b81617896cc,0.0071123789
ck_041614694b77e599,0.0050453194
ck_461e3f7b97db8d16,0.0352354654
ck_1b74b798eebeabdc,0.0124007731
ck_0ed2739384f1d644,0.0059747531
ck_5a4d19f1b83feeb8,0.0041315991
ck_463937167965a1f8,0.0243398425
ck_9d7151dbdf100e0e,0.0107800762
ck_20a7d1ce6cc27312,0.0020440266
ck_6031211ff118cf0f,0.0014117817
ck_a6fc92aa91e99b77,0.9752758497
ck_0aaaa9d2f75a0518,0.0406713607
ck_ec26e327cc1848b2,0.0059472843
ck_0e6bebf8ae9b9b03,0.0155507217
ck_e107537a4cb738f4,0.0038065130
ck_e8ea56e122a5a487,0.0251376799
ck_98149ed45d38c4d3,0.0486203122
ck_0e719b3a6906b8f1,0.0004615501
ck_0c6e7bd357e4a348,0.0012616988
ck_d3b2b250da61db19,0.8945720211
ck_8bb6b0a292754576,0.0668086697
ck_87d70f5fe48a6128,0.0199388176
ck_ea9edf9c107d429f,0.0111612706
ck_059806c52cebe4f1,0.2065733579
ck_a72d6df666e1c21c,0.0155193555
ck_1d2b80ab6c4944b9,0.0046871220
ck_60557f077abc42ca,0.1680994739
ck_e5f5cb7dd6ce4a37,0.0143501220
ck_4c4a939154446053,0.0037167646
ck_50ede3eb561a202c,0.0139901740
ck_6d03a542922b2ae8,0.0103527240
ck_d6fe761ed0db3270,0.0090912365
ck_7f0cd6ea3096f985,0.0021390465
ck_23edb6d938a3b87b,0.0070854579
ck_799aaf9f2b9ef621,0.0136842036
ck_f8f6a03613b6dda8,0.0020455106
ck_7cffb189f4f514ec,0.9592668861
ck_c081e1967dcd811f,0.0305761026
ck_583d6ca78c97d91e,0.3800349864
ck_9332bbc7125219a7,0.0056178029
ck_956b5af6d7d86c65,0.7649326052
ck_2d634e3f24681c0f,0.0620766545
ck_7b35d218ed0c5a60,0.0053170105
ck_ca5b1057f8248f73,0.0117429432
ck_ec5ea81cf813597c,0.0290698000
ck_eaebaf4d28400fb8,0.0410105332
ck_ae2ab6be219219aa,0.0014524134
ck_d99a8b4c820eb46b,0.0050278915
ck_bcfb7ffb7cd428bd,0.0133205119
ck_3dd542c2d31be2c0,0.0135341142
ck_c7dd84401e29a7fc,0.0025101791
ck_c4bcc7cefd40f8e2,0.0036772388
ck_c251898b5d51e3b0,0.0094627311
ck_36d37be780c1291c,0.0024292878
ck_99b4f266b61ae7ee,0.0173704762
ck_c37f03995f0f0169,0.0023531002
ck_65a23ac8e44eb901,0.0043039219
ck_644b1c1149eea9e0,0.0263365857
ck_9cf44eb0237c2429,0.0026056001
ck_20541686a94fb71c,0.0541805758
ck_c18245be844680f3,0.0094967762
ck_56de216eda6b7fa6,0.0012346577
ck_406c4442dee45cd1,0.0032066073
ck_df1585c7d72a96e0,0.0091720322
ck_b8e8dba20676d87b,0.0281731739
ck_0ee6965e68efc177,0.0285952957
ck_c2a5c54ad8d0d297,0.0109924422
ck_bf6fb7e6470e95cb,0.0011563355
ck_27fa694569140345,0.0015024559
ck_e04166b0ce66393a,0.0056041691
ck_8742114f4f0cb22c,0.0840033378
ck_6eceeafd56b42576,0.0908928560
ck_34f9951b0eca1965,0.0098677827
ck_384ccecd342a24ad,0.0039507632
ck_49c98bebd1338879,0.0015763877
ck_6c26c12071c91ff6,0.0043778262
ck_01e5986ebb9a78f1,0.0191745139
ck_121db7ba3be29ee8,0.0310483253
ck_039e6d5a330cea1a,0.1897395016
ck_ae8c9163cf957d7e,0.0128497979
ck_3f5e8f3f1df0c8c7,0.0949600317
ck_b1c51fdafcd80122,0.0163083132
ck_12e2b5ebfe8986b2,0.0047127365
ck_d55eb81a4d543c59,0.0138927508
ck_f85155ca5c312c7b,0.0387370233
ck_133d8a1ac7c0e301,0.9945470389
ck_04212a9bb9b28696,0.9973183630
ck_4cc11c7d3ca61f73,0.0094432553
ck_2df4854186ec515b,0.0128213392
ck_aa9b28e7fc43af79,0.6321080285
ck_47cad6c3def4c9e4,0.0025144210
ck_fbff7b5da8111567,0.0105461043
ck_bd25ea782e375b22,0.0217357759
ck_7989376f8cf64a9d,0.0122381432
ck_675c0ca1ebb1051c,0.0015057190
ck_1436f6e11d4008f9,0.0101024217
ck_812cb3a4482cc618,0.0135842647
ck_6e606f73a1094afd,0.0090846880
ck_1b708e2a4a0584dd,0.0070377626
ck_a60d6b324bae0330,0.0164356536
ck_706a4f673a9fda3b,0.2220677941
ck_a75ece9a9044eed0,0.0035188670
ck_9aa45c4e03c8c57a,0.0200690043
ck_9fe9bdce982b312c,0.0725932559
ck_c6fbdc5ba68a8466,0.0125667543
ck_ed0cc1b1c28f9511,0.0176169656
ck_a4e2607b4c8021e8,0.0009767778
ck_e02f93f51cc8caf3,0.0064055881
ck_7084ed3cf20781b7,0.0283696963
ck_cd4c63155570d6ea,0.0024059289
ck_d1b9e5d32d2d789f,0.0092761385
ck_68f56f6560a7a933,0.0004780780
ck_8bedacc6233c6269,0.0142442077
ck_ab7cb50407d6b13e,0.0250052540
ck_f17ed7e0fd687742,0.0558715252
ck_b0fe4b92fc70f72c,0.0019491412
ck_84d62b8196da2452,0.0087049890
ck_9e298cae167f4693,0.0078505052
ck_405b20ef9ad0ba5f,0.0439192533
ck_813e02e1ababd177,0.0115658218
ck_f234ab47061ba7c0,0.0006015952
ck_22b587c18363899a,0.0047188591
ck_4e862c2f48c38aeb,0.0038382607
ck_b89cb90a420c9075,0.0139691150
ck_be2251640f27a3c9,0.1210380485
ck_46bec0bff167ed3f,0.0421591357
ck_c0032232c2868328,0.0089652769
ck_030cf09525dba4ba,0.0021072939
ck_6ecf56236789fc09,0.9671087502
ck_38d4ed52cbe6d123,0.0302896476
ck_2d923d957ffd4d53,0.0082610708
ck_3af1eb88728ed8c7,0.0385548394
ck_2f8120ca80a1592c,0.0084075146
ck_6cabb1a133f0b151,0.0148746429
ck_bb6cf7e7b707731d,0.5299409041
ck_c8307fecafa90140,0.0155172176
ck_75f968be67f46d24,0.0147392278
ck_df6fe4ec5a233213,0.0064219162
ck_b53e88c0e927d896,0.0007895833
ck_f0093064aa28f4d0,0.0117509969
ck_ec9976cabc63ff92,0.0027479805
ck_30dac0a58c5590cb,0.0400414581
ck_348a525791ae6475,0.0402793284
ck_b898d912d1181ef9,0.0191720853
ck_f5b1200dc6f95760,0.0226637565
ck_54978a073e7a0b1a,0.0094692489
ck_55933936536a4071,0.0218615115
ck_d6ba7ffd2ae08863,0.0194042479
ck_404e2217fd87fdd2,0.0029819392
ck_dfaafdaefa5716b6,0.0601048574
ck_556c62e92d4e7e5b,0.0710873898
ck_7ce44f4e06d58111,0.3288550039
ck_465cb8ce232c7670,0.0142784846
ck_237508ca4fb37268,0.0392646115
ck_ba4a6b9aa63964ef,0.0156875572
ck_4802a0a7a1882c88,0.2296034766
ck_9478dfe4114c30f6,0.0048486796
ck_5138f6c575dec64c,0.0137720769
ck_aebb42afe430e2e9,0.0063665458
ck_004efa95555437e9,0.0057584537
ck_11af112667c98394,0.0107148857
ck_44e9a18a8645c9d3,0.0057913505
ck_2605fd571219e28d,0.0025733387
ck_dfc933493561d84f,0.0067316000
ck_67674348e68d1f25,0.0056186960
ck_dd97429277a2fa00,0.0685912707
ck_d3eab7a06eb48348,0.0549818795
ck_0b9fcff9667ec05a,0.0111413419
ck_fc4bfd6e739bddea,0.0030548230
ck_43292f70a03ddf2b,0.0154095748
ck_5ff6108056a3fef5,0.0130153541
ck_767e0be086b5f601,0.0395230765
ck_b8465b1a5666155b,0.0332715585
ck_ab2e3fc56f5b3aae,0.0215454687
ck_1833c81d693c1e07,0.9335761553
ck_0308e0602b856445,0.0040360250
ck_ccbdfe744acff8bb,0.0109657646
ck_b294aa27a0b586d7,0.0021743002
ck_a3747201f377626d,0.9826577206
ck_edde1d7d1db24725,0.0307241690
ck_ae3b47d6e1063704,0.0123863114
ck_3aabf5e0f4defb41,0.0056873779
ck_f034adb57391f3d7,0.0568573774
ck_533672fb40531607,0.1687463622
ck_2a244f1ae08ef83c,0.0178908288
ck_a35d81bcc54ece2f,0.0115543235
ck_78a61215675b38f0,0.0107428827
ck_e013d88ea7939616,0.0184073056
ck_e5018f9418e0102e,0.0475088875
ck_d4e024fcda401a31,0.0113079868
ck_f736cffbdb82db34,0.0006229183
ck_1507f5aa50cdf3a0,0.0133477875
ck_18270fee7c8fcee8,0.0023073505
ck_95ffa1a805a1c9d1,0.0009171768
ck_11132d245b94d045,0.0033727669
ck_7b93a622e40d8b14,0.0208425876
ck_3854c08d17704347,0.0373221810
ck_7717fcb100dc4b5f,0.0097075115
ck_ba54e0a1c328119b,0.7087143913
ck_a7afdac4ecbf2de4,0.6081455216
ck_ecfb771ed2352085,0.0103090107
ck_68be4fefc85a6b64,0.3101514625
ck_dac7c50bd6d0148f,0.0022086423
ck_87cf36a03bd63c24,0.0553642495
ck_8adb40b168b59d7c,0.0322056972
ck_8d2f62930777416b,0.0686740069
ck_9958b58da9e3c21c,0.0157627197
ck_9440335375701f44,0.0205156293
ck_e2f88e202b6f700a,0.0193875530
ck_4c7c50684827a2cf,0.0092208947
ck_8a6ea4a79b1c7a8e,0.0114894061
ck_186dbff4b24a3bbf,0.2010938702
ck_220fda3c11c59b6c,0.0705101774
ck_3acccc69f8b1fd14,0.0414245653
ck_9de191bf79afd676,0.0125063918
ck_6de6b1663f9457f4,0.0023147248
ck_062754f8b79b86e5,0.0009032181
ck_aa153a89a52f7eb5,0.0169090147
ck_34a6bd3be642f15c,0.0194276588
ck_9371c700d9830326,0.0195198095
ck_a99e0c258ad7576b,0.0028192440
ck_0a7ba51d626e932a,0.0066606475
ck_852c50bbba1ead13,0.0359182197
ck_43dc13b6b6d31297,0.0943237759
ck_7d81b59d615a6649,0.0229829835
ck_39a3f1da060e88bf,0.0099869868
ck_6fb2d142c09ed3ed,0.0580963653
ck_6e5752b87324b58c,0.0127832255
ck_9441d48a12e8a4bf,0.0613565961
ck_09e9c51eb538b255,0.0142290447
ck_8d0cd981ed3a183a,0.0139266084
ck_57c07c45269ca8c0,0.0040614913
ck_ccfc9ab888ba933d,0.0288963450
ck_9658a6ef471053f0,0.0109954228
ck_dac3852758f4ea89,0.0023292938
ck_b1ed2278f5f14d82,0.0318657676
ck_333544d173524f70,0.0345549868
ck_fd4582e3853ef23f,0.0224658263
ck_614d936cef98db04,0.0017641207
ck_6bc351a3d57aac54,0.0143372284
ck_af5842fa7202ff25,0.0162189980
ck_81307759252571be,0.0028705813
ck_b4d2f02d2cd45720,0.2872709904
ck_1bd753a4681946c8,0.9801424373
ck_46d8c029d46867b2,0.0018285639
ck_b7da6640fa2f49cf,0.2845183276
ck_9ea3d5a5a91fef9f,0.0710851441
ck_7b922518f667f76a,0.0015942241
ck_2a5b31594206eb30,0.6919287046
ck_d9506476ad3f9e08,0.0176757836
ck_c8791f7ebd4d93c7,0.0089817597
ck_b5a3e20fd210017d,0.0158500784
ck_8e54386f4fe22cad,0.0125710909
ck_75296704f5806f56,0.0357939487
ck_0fbbc7a6af300368,0.0044826192
ck_d19bf4dc0627113d,0.0037934908
ck_7951bd4eb99a0175,0.0026869136
ck_059e4fac6b7f704e,0.0071222172
ck_2ce8931af02a2ce3,0.0044905735
ck_9e665618a4860306,0.0053469939
ck_6fce5a893613fd2c,0.0007346321
ck_9e3fbd04e3532f32,0.2924699610
ck_55f2ef0de3420e3e,0.0407903298
ck_8d87658a6f5d204c,0.4643005667
ck_6d6ac1f5dd882aa5,0.0010314587
ck_55d0c7012d7ef236,0.0532641079
ck_7738eb085e5753d6,0.0051687725
ck_0e6e05c3cc8c8242,0.0102949099
ck_8d27ff8383d48132,0.0055489237
ck_9afc3bb849f3a64d,0.0079744995
ck_27eb86a9898cdfe3,0.0070315654
ck_1d40e4fc541abe93,0.1341295863
ck_4fd9dc00e1913587,0.9868405944
ck_b26cdb2b7b165d2e,0.0238005665
ck_a79a27767a02e31f,0.0116592682
ck_f0c18cb9f951a71e,0.0135661951
ck_50460e0189de6274,0.9549175096
ck_5e5280539257c986,0.0160728567
ck_eeb854318b3a6f0a,0.0080683054
ck_943f66f28dd24750,0.0013234194
ck_984dd7452aee372d,0.0484197642
ck_ecaa6de0aca5e9a0,0.0248211143
ck_8f1cbc432e2774f8,0.0256796858
ck_d91d9f8445b9769a,0.3747679926
ck_73c18e03e3c7612e,0.0025283307
ck_aded05ada490da20,0.0127861524
ck_f744e208183971f8,0.0015009465
ck_02d4cef6358ad3b7,0.0057304331
ck_08ff5bd467226a5f,0.0016629911
ck_f824b326d5089885,0.1808166648
ck_3420f2fd520890f3,0.0020336348
ck_1838cf8d00f5b1e1,0.0033382978
ck_a85182ad90b6f1e1,0.0010481138
ck_fecb39c82c43e76d,0.0057760805
ck_162513e73782929f,0.0125232182
ck_2c27b77c59d8f23b,0.0743806798
ck_4221e07b17388fd3,0.0553354658
ck_adfb8472d5c3d669,0.0175008927
ck_0742fe64055d686f,0.0028754632
ck_5060aefcc8b6f958,0.0217316525
ck_643f549b4ac78a26,0.2536276598
ck_dba767885bd6ad69,0.0104974167
ck_0dda35c0c64c7073,0.9597409784
ck_38ea56d43afa5660,0.0125118556
ck_d813e15ac91f487c,0.1075425632
ck_4c840e5585a7b167,0.2227787029
ck_cb8551453a7bb929,0.0077273217
ck_05a00b1dd5a03359,0.0071544115
ck_837cc7fd48453a01,0.0080920827
ck_49dd816b31fba6b6,0.5868575787
ck_86a61d9a39768e87,0.0244574095
ck_cd0e76f0e7bb38cc,0.0168305424
ck_dbe58392635133ca,0.0313254502
ck_3caec7dd6f8d02c9,0.0471152947
ck_bfd9bfc5b6ab4a54,0.1251169731
ck_2103399bdb2898a6,0.0196325157
ck_329f7de7279e74c5,0.0110368568
ck_9bf0d28119fc42c8,0.0112440213
ck_f781539b1042dc83,0.0051171833
ck_9986c7d781ac6b4e,0.0062296769
ck_a627734880aca848,0.0004535353
ck_2106e509d77fdb4a,0.3989801189
ck_420d1a9c604293ce,0.0198444465
ck_fce0610c527e2b56,0.0293122480
ck_073da541ec3f9d3d,0.0047489962
ck_aa5f3ab48c17fed8,0.1100142949
ck_0fc1086e1c9e04b6,0.0048718038
ck_5c33bb46c1a5945b,0.0335964095
ck_500948a8d4bd8e13,0.0211667218
ck_19becd44f2c3d2b5,0.0282349291
ck_7d0fe77dd5ddb656,0.0150406300
ck_f158d9e5f101bb35,0.0265831846
ck_cdd7c77823c2257f,0.0715546687
ck_6c7b41374f9b2e55,0.0162724923
ck_417090dbffb1a63c,0.0213551622
ck_dd0e17605f970319,0.0064390415
ck_3646515079e6be55,0.0073096815
ck_89c8b06aa8c84b2d,0.0848282985
ck_e4d6dedd97233c07,0.0264407735
ck_bc82fb1895fddde5,0.0023637094
ck_88a8b1d442ca3686,0.0319078397
ck_5791f8f76a629a4f,0.1024760020
ck_9cf5e88e97c8c7ea,0.0139811802
ck_58fd684aa5a6f289,0.0001052414
ck_9800c21dfbd8e811,0.0021878592
ck_8ae64df60ab6ccda,0.0380891982
ck_e535fb0f0c00418d,0.0421003788
ck_48011996d54855ac,0.1791006598
ck_ac79c72a8fe3fdef,0.0371119861
ck_b8cc2df5192bc49b,0.0223077104
ck_e96a5e1f08f8a867,0.0018017724
ck_84df6770549e43fa,0.0036105308
ck_e5f7b99ba6ec5767,0.0382625788
ck_8347455ab53ff620,0.0037369340
ck_a84f2cdf695a71d6,0.0067108864
ck_90456160115f9ef4,0.0082034194
ck_ebd178b3f3a9c50c,0.0265742054
ck_e1140be6157bacbe,0.0028693866
ck_744ffc11d32b96bc,0.0051586771
ck_e12a9f7d027e3387,0.0039870585
ck_cbe525da0b69f18a,0.0188743120
ck_aa59702537557ff1,0.0515139858
ck_0348cc6908f7f3af,0.0005831937
ck_120e995d50956bee,0.1140828168
ck_9fcde1ff46cbbea5,0.0005600032
ck_54b0b070689c50d6,0.0008089244
ck_966a167758fddfd4,0.0275817077
ck_d5194f2e92fd6427,0.0131900873
ck_2ee84f3fa27f2cb8,0.0051337676
ck_57d0a7eb7eae2eaf,0.0834959545
ck_6a2c4edd82e10969,0.0011700490
ck_96e4d38ef670eaff,0.0154124973
ck_52cc2fd5095b169d,0.0105706754
ck_4b088920f3a844c1,0.0284651055
ck_8f3ccbd20d59f1f4,0.0076557826
ck_e5e5dc431bed6f9d,0.0086025959
ck_e8b5bfa6838e28d1,0.0029240151
ck_4bfeb78b47b7c6a1,0.0617134577
ck_a705c61bd679496f,0.0097596999
ck_731869a0c39cb2fe,0.0415795774
ck_259eb102342057ea,0.0047981242
ck_47a6005fabc33551,0.0077567819
ck_682262b455a9edd4,0.0013300850
ck_e839d104854945f0,0.0039526367
ck_761989aa4c47d746,0.0171898068
ck_44211dc210139ed3,0.0102453657
ck_9915ceedf63a5289,0.0763043500
ck_da59ab47cb6284ad,0.0024925564
ck_e5cdbfcca2456652,0.0020957027
ck_13f2560c6a1ec62f,0.0225374077
ck_a0543e9b3abe1001,0.0458737204
ck_11c7a58e09e6547b,0.0252497395
ck_69587a134d43a4ad,0.1237906466
ck_28dc0de0ae291f37,0.0224451778
ck_298922703c5bbe05,0.0304082902
ck_fa5ba9ed9ed6a343,0.0362543322
ck_c08e64d424e56c05,0.0233250367
ck_598e036a28262aeb,0.0484857839
ck_3f7c870510083a51,0.0071823291
ck_364f8203a3e98d36,0.5195331798
ck_7333cedb61506ead,0.0108963374
ck_1d96d7fd65f208b2,0.0049995394
ck_63133a79f23e2627,0.0582023753
ck_901d820e0b72abae,0.0017666136
ck_5dd80b3c01457bd8,0.0164958231
ck_c0b8067c144ed6c1,0.0107146045
ck_cebb8aa8c8f62c60,0.0086933407
ck_79749eca42ff1f5f,0.0195478049
ck_2cc1d9b587f6da31,0.1042775377
ck_ccc7916b56d42195,0.0065197015
ck_e43e53cc7b8b8e41,0.0395419006
ck_4ab74a6e7450416c,0.0038776082
ck_6e44024e9de301c6,0.0009688024
ck_dd78cb6ae2866cc6,0.0264685526
ck_c363d3b050baf3b8,0.0595901276
ck_2d46291975f0dd08,0.0019282453
ck_76ebeb5aee42f041,0.0273869470
ck_8395f004cf4d4c08,0.0053132604
ck_de7259c3741db179,0.0242935006
ck_3938e92585df2b34,0.0298545499
ck_af69bfcf4f07d932,0.0090794944
ck_1723900ab9afe374,0.0845569717
ck_3d58628d1c853c8a,0.0063710909
ck_12a074db100481cf,0.0347007940
ck_8716cbf892c50e29,0.0045811187
ck_fbf7351958ad9615,0.0218427983
ck_a50370907e6b397c,0.0732659970
ck_937402a60df0821c,0.0026692204
ck_8ce9c5807acbef48,0.0093612283
ck_acf7d65eaaa4c31c,0.0035375156
ck_ec3eb6dd0967cac5,0.0482832870
ck_fc832b0c90c9bdb9,0.9270328207
ck_8129e81cde280131,0.0058930736
ck_52c0ef68aa2fb8cf,0.0086910700
ck_06f042e9b1b662fd,0.0322770257
ck_0bf35dcf7b38f650,0.0032034387
ck_615763afc2e17a7f,0.0011388212
ck_e72db9d4b2fc9997,0.9786058667
ck_13757bf0eeb353e2,0.0035041687
ck_abaf371ec8249c4a,0.0710823234
ck_9b7167da0920c37b,0.0411614696
ck_2e824b0b27494a17,0.0363115291
ck_9a0b605e9c3220c4,0.0210800671
ck_a5276af466b681de,0.0012138411
ck_9e0383e1fb6e214d,0.0573470745
ck_6a27c44b691dbfac,0.0032547621
ck_af39767cf583905b,0.0068744853
ck_243b1b9fdd3f9a74,0.0019805944
ck_c0422e638a9c6046,0.0428515806
ck_e0f3ea3373dfc4aa,0.0168703597
ck_d56ee1654378ffc7,0.0162752391
ck_20cd2f5666719baa,0.0006335241
ck_4dfa1c1e9b69fcc8,0.0218805328
ck_5d22e9ca1d15180b,0.0957883113
ck_f4a7ac178fd55f0e,0.0049297691
ck_fd5609bd23a1eaf8,0.0078374047
ck_49c3bf13dc9471ce,0.0110527174
ck_724085c3452d4693,0.2022401598
ck_e5d1462846154a75,0.0565384664
ck_c69ef0f3e7d6acf9,0.0357018500
ck_a2d0417791d4132d,0.0072073318
ck_00a07fc2a9183c3a,0.0010645041
ck_781b8288e54ba8f8,0.0825032857
ck_d74a62ab3804a81b,0.0102882480
ck_abcbde211b6267f8,0.0816165449
ck_16dbafc035574654,0.0061524727
ck_018f780215ecaf38,0.0139329211
ck_0b259620eac51618,0.0052293216
ck_4f875342394c110f,0.0560940699
ck_399e45e5fe9beaee,0.0068253771
ck_36224a2d394ebfe4,0.0630544981
ck_c189b551bd111332,0.0020087744
ck_125c5a720ecb177a,0.0638345683
ck_76d010aa02eb477a,0.0015349970
ck_1071d14c46c92379,0.6512600068
ck_61d244b2cde483af,0.0134935210
ck_2ff1860da2004c84,0.0020411376
ck_c5b583490198672d,0.0073496849
ck_1294f7af22fade11,0.2375918208
ck_e3a22799716df39d,0.0202741117
ck_c77e22834ef97005,0.4384899014
ck_73d3689728270a2b,0.0039287811
ck_295565fbf77ef885,0.0023470021
ck_80c0a7f54ff4895d,0.0042987953
ck_f1ef5cf7f10b16c8,0.0161891481
ck_a958b2461ffc21a2,0.0724014706
ck_0e7899a57cd617d6,0.0015384539
ck_9d4fed252718f58a,0.0119775952
ck_83c2c34add971d76,0.0021973766
ck_9ccc030ba2de9fb2,0.0189329061
ck_cd691e3466fb3742,0.0051443099
ck_49df70f908dfd069,0.0302454576
ck_362ce13eec1e33a0,0.0035734617
ck_2452a30397dfc54c,0.0118731936
ck_a443d49c2b4863b0,0.0150005860
ck_c8b2e2cb349dd0ff,0.0098795070
ck_354909fecf5da8cf,0.0091735850
ck_841f598bbd54c83f,0.0205119653
ck_cd6fbd4e8724f994,0.0175618062
ck_e0b3158111370118,0.0130127183
ck_4c2f2eb657c2c60e,0.0039202222
ck_ef346071f0b7654b,0.0098742312
ck_f3bc10e3decefce4,0.0017189186
ck_189b6fbe9b9192e7,0.0092574793
ck_5245cbc5ff4d4fa6,0.0243188092
ck_cb42e3be6fe87f60,0.0060244030
ck_966d4d713cbc7792,0.0033022510
ck_1c8c969667cbaab2,0.8094551706
ck_d35e3aa9ef5d405e,0.2081412132
ck_a1c39df50a5873b3,0.0238990386
ck_a152165caf295b51,0.0106098348
ck_891eaedae139828e,0.0134605497
ck_1a46b56f4734d52e,0.0402713089
ck_5e36042cfad96c99,0.2275537120
ck_02a8582c2603e675,0.0096459248
ck_6def9d0429e4ed4b,0.0487752075
ck_e137400825a1e3e6,0.0119049127
ck_d91ab840848a54fc,0.0011801527
ck_becb6e1c608e0078,0.0027031295
ck_6fd8c86ac719d7eb,0.1081484572
ck_3ed4d13f12fd9d0e,0.0594530433
ck_007337aa99a4891e,0.0019529922
ck_60c3d8306527a08d,0.0027095181
ck_95458880a54df0b1,0.2451583582
ck_b48cd8593533fc1d,0.6919504129
ck_021c6a4a7e3f1f0e,0.0026341089
ck_764d40f865e710af,0.0149136059
ck_4b84357ae8ec7777,0.0084501675
ck_3397c7856b4669a5,0.0006581841
ck_920bb003b42e6310,0.0027690726
ck_8f59f11b512d5b7c,0.0288833951
ck_a3acf4b986afa98b,0.1431118448
ck_e89d25ed7bdeeaea,0.0048850347
ck_70e6bca473bf6902,0.0023148963
ck_186161ce152836f5,0.0072593894
ck_9191579254663f5d,0.0027214001
ck_1e6628879e9d653c,0.0087580442
ck_b498fa91a0776ff6,0.0122915351
ck_cfc2384f22954830,0.0827298807
ck_17673a1c2867888a,0.0005558231
ck_523dce06515b072d,0.0103623810
ck_c20638a325ead2e4,0.0049787027
ck_d3877e1f907cc148,0.0829286588
ck_e9a2495dea8675e2,0.0222684489
ck_7e561caa5fa1f3f1,0.0316149584
ck_455672e652fe1abc,0.7250576333
ck_7f8f864fcc90ca82,0.0449207829
ck_1ad36046aaeb816c,0.0074981569
ck_de056e37c82e8e00,0.0180417912
ck_7484c214c889fe7f,0.0533740812
ck_32430e678c4f9f53,0.0079011164
ck_6276ece8f80ea799,0.0138143609
ck_ae8e5dc4b725bc25,0.0209909076
ck_f01be92dc78a2dc7,0.0101571369
ck_233397a8bd40d38d,0.0029277339
ck_f8124911450fdf31,0.7084490765
ck_aa0a3179f1111674,0.0071242850
ck_2366b29ed9887a5e,0.0024259691
ck_1f22f04dfc08cf27,0.0062929152
ck_b62276c3426d680c,0.0254617240
ck_d099fca88691f66f,0.0950071751
ck_166bd1dcbaf4d6fa,0.0007517381
ck_7b1660e942436e12,0.0115417241
ck_4a9a791a1d409a3d,0.0522705860
ck_b003e5b54df65db4,0.0141516550
ck_64b4dcbf436f0b75,0.0103429376
ck_26e9a7bb2061a58e,0.0466583532
ck_08b77ad5f8f73007,0.0103691346
ck_366616a725afc6bd,0.0160783260
ck_934fb5064b6eefe2,0.0011626230
ck_c6abd5d57b1009d2,0.0013267679
ck_edcfa9e1cf29d813,0.0175887312
ck_c30201ebd003fdc7,0.0075666963
ck_c54643d94d3ce355,0.0460399095
ck_02adda6e91e49650,0.0225366688
ck_5b73d7c5255e58a3,0.1218820681
ck_129ffae92dc01408,0.0037499187
ck_fa321945ebedb916,0.0360585654
ck_8da980cb2e1e2bfb,0.0199556765
ck_0576b00d728bdf19,0.0320685247
ck_c543d82e22b3c8a5,0.0025340619
ck_0027ba644f9ae2cd,0.2341801542
ck_8dbf61df902a6bbc,0.0044065164
ck_90eeca1cda79fd41,0.0016423405
ck_86d7127391d4e01f,0.0012055989
ck_73762038c7ff2f6f,0.0031493468
ck_a1484e6215fac651,0.4332546309
ck_cb83b9f806e90dc6,0.1267873358
ck_8c6f059c95872126,0.0056452585
ck_3174419a81e7caf2,0.0042496408
ck_6a0f8f8fa4a3c2bc,0.0598995259
ck_b5777605668bfca1,0.0023684008
ck_27e4de495abb4d15,0.0146324275
ck_7f6fa79c7a107161,0.0109909129
ck_c36ed9f8e6792ea4,0.0309397745
ck_67a1aa88d2ea554a,0.0142304821
ck_09748dfe4df3d540,0.0022293198
ck_27fd85b1e38b675a,0.0020563613
ck_2369689bd795ee10,0.0055786612
ck_4eb1c12f7d092bac,0.0002707285
ck_01fbafc42c8e33f5,0.0152345174
ck_93c4e05699b3b7d0,0.0048069322
ck_afc484d1b6907983,0.0065756921
ck_1b2d9cae92a1aab1,0.0756667223
ck_73b729cb161487f2,0.0025893125
ck_fe3c1d0ac090d960,0.0269019506
ck_408efac1d3885ff8,0.0258976281
ck_ccb4dd9d0a48a76e,0.0060290108
ck_2987eab34ca7805d,0.0194158370
ck_1dbf1f15193197db,0.0513090312
ck_4ed711fe4053e74d,0.1657207438
ck_6c54adce174f45f4,0.0027199712
ck_a6c740041faf0bd5,0.0109001871
ck_b05c4d33c4f43639,0.0401323557
ck_032880f1114dd51c,0.0198963029
ck_22311b037456a76e,0.0018440822
ck_5866b413549765bf,0.0048780615
ck_0e808afe2570ecac,0.0069147736
ck_634276b05f4381f8,0.0093824270
ck_5d8773badd0d4740,0.0143501189
ck_82b5b79ce3517102,0.8834800895
ck_b378b8d8100ee4b1,0.0145435668
ck_54e581f71be5430d,0.0016172063
ck_798ba4b8aa544fea,0.0017834835
ck_3fe86b6331ff95e3,0.1166551889
ck_81275d9d4c559e6f,0.0024226404
ck_99a4e5ef02d89493,0.0285172119
ck_54e2eb018d947790,0.0114602666
ck_966901ea9c77cc02,0.0159185949
ck_27d69ff4e0cb428c,0.1608956584
ck_2cee2dd7bbfc09a0,0.8033446919
ck_4136b00924695ab4,0.0003650942
ck_59a164c40c03a45f,0.0327653683
ck_3e24b026bc66789b,0.0003139051
ck_8105bcf69a75ee47,0.0028163499
ck_7a1782cefe26a456,0.0481841063
ck_970c7dc195161272,0.0007089698
ck_a48ec0c00ae20e82,0.0379599300
ck_54b374ade34e1dc1,0.0038766226
ck_74e5dec189761d14,0.0028638849
ck_4717f24f2c6f40e1,0.0411253417
ck_fc8cd8a8209e802d,0.0091204969
ck_71db4131d7efe218,0.0054230967
ck_45424ea6f0bc4650,0.3074869965
ck_3716c6181a5035bc,0.0234115091
ck_26de14b96bdad4f6,0.0024626756
ck_99c0a41ac9c73857,0.0017271444
ck_645f15bbbcff3b4f,0.9857452476
ck_b7e25ddd41514d4c,0.0025227600
ck_d5c14e877ca7b755,0.0046659625
ck_05ea4440dac6cfad,0.0120375350
ck_c58bafff7b1955cc,0.0148603217
ck_f0cf85b67a9b840f,0.0175919173
ck_ce1500a7f0d03fba,0.0096135415
ck_d4972a775aadbbc8,0.0113999214
ck_3eb6146c262e0fc3,0.0018082452
ck_afb23858a4ef42ed,0.9899659798
ck_2c1def5c91c52a5b,0.2136093093
ck_72e550559487b919,0.0014982519
ck_0284dc2b4f856b3a,0.3381685448
ck_03be334935e999a2,0.0077111945
ck_e35a4b4a3cb4cedf,0.0146390989
ck_5abe57dfff4b735c,0.0081615310
ck_f5f87f772388efa0,0.0143763159
ck_5a22cb36d612236e,0.0043222059
ck_8ff1e6028e764472,0.9592209981
ck_2ab28149b0986642,0.0646951141
ck_c88fc1bac79fa6d3,0.0717860014
ck_5b137d74bba6b1b4,0.0004969073
ck_11f362dca2dfaf5a,0.0161424545
ck_7f960541e5174565,0.0012851155
ck_d5458ba39ae94498,0.0272342244
ck_0a921a73a90c2e39,0.0673191896
ck_6ad56ef40086dbe4,0.0060616167
ck_b68199ecccf2350c,0.0018086088
ck_6dac66c8198c07d8,0.0088277951
ck_9b9ce7bebc235fe8,0.0079283323
ck_6b817117d87063a8,0.0164317786
ck_900d62b3184378c7,0.0015411333
ck_eafe9b89857149b5,0.0057162932
ck_e74716a525ee5b24,0.0013901177
ck_4e9a6f06ab134102,0.0174077324
ck_b0d33b5a3716661d,0.0089234709
ck_8703543bf3134306,0.0192464121
ck_923d6a0f83accef1,0.0167920012
ck_52e37e2170532e2a,0.2900119717
ck_c1c5ea839c58958a,0.0437320231
ck_660f0006780e87e7,0.0097634248
ck_830b2c5d1818ac07,0.0862371466
ck_b080ff636932d1f1,0.0003698958
ck_38730aace405f2ae,0.9968652643
ck_9790138467a06223,0.0007988661
ck_10de0b0d86b17839,0.0021965068
ck_c3e37a4d3382c32e,0.0018027245
ck_dd8edfefa1eba531,0.0012803852
ck_8153cdadd300d234,0.0009508936
ck_74d0e7c2c6b63d36,0.9103029982
ck_c478aae3031bb328,0.0091507997
ck_cf301f2194975866,0.0078711417
ck_f4de03f44e3a5bd5,0.0032838976
ck_b06ce826e593b210,0.0335023123
ck_2fc70b6baf6a0e26,0.0088184095
ck_d208494cf5c90047,0.0393844126
ck_086d29ccae565e5d,0.0040047419
ck_d5ef6dc116dee408,0.0117585592
ck_fdf0c5b722d83464,0.0022237960
ck_de8494b13adeffb5,0.0038888121
ck_556786868599143b,0.0074255662
ck_4940e78cbdcfecf3,0.0052789756
ck_d32fbbfe32c00416,0.0192950696
ck_bc7710f7e9fae649,0.0132209469
ck_416f7ac57da081a3,0.0100346621
ck_6fb39b60c67d5475,0.0028903066
ck_e40a156511345d6a,0.0014282611
ck_49ab879b5aa7fccd,0.1801764588
ck_bb643194d1cbc47c,0.9691868312
ck_b3ce8f1bcedfa043,0.0218268451
ck_558ebde8c29132a4,0.0170001851
ck_e6222925762273b8,0.0631425681
ck_bd80546b4807dd59,0.0568385131
ck_bd21164bd2bbb635,0.0473334145
ck_ea835557d7043667,0.0056034468
ck_1411a80a157ff39c,0.0107526285
ck_ab973888c20c9120,0.1021938792
ck_95b48972061abe82,0.0029766371
ck_fc4a43f8876bf10f,0.6380301046
ck_f34fb7ccf82f41e5,0.0170110837
ck_5af9934a56801ac0,0.0045635965
ck_fc7445ec76389a58,0.2429655441
ck_1eeacc26f02fbba4,0.0110941390
ck_4f325dd15c9bd45c,0.0360260344
ck_5009a6c8bbaf15ba,0.0647439029
ck_0f3de7f074bb33af,0.0061219041
ck_2cbc2f93a32eede8,0.0685571580
ck_4bb90a61c21a303b,0.0159873306
ck_3ade9eac7d7b0dbf,0.2315551396
ck_4859a58629622915,0.0206673887
ck_5fed957287ebca03,0.0015096758
ck_ec01ae5351500355,0.0014033351
ck_703b41624ae6a5b6,0.0023877241
ck_97c38e7f61c27e47,0.0087386203
ck_db2c0908150cb2cc,0.0293736111
ck_64ac5e6fed86ab60,0.9184304527
ck_da1c853b0a061e83,0.0234858470
ck_9a36916b60178ded,0.8467197113
ck_3715bfa7fed2c675,0.0024318916
ck_dd3feb77d7d4f6d3,0.0066307757
ck_982ebb24174a4ade,0.0042743544
ck_f6b7a10d47dd9a1f,0.0079855295
ck_1f56fe99f250cdf4,0.0178254616
ck_deb3ac0606d6f6db,0.0057764447
ck_e666629e5a41b39b,0.0042863187
ck_756d2c13d02b3e09,0.0239757752
ck_7bc752ae7cf5d55f,0.0194888268
ck_fc0cc4b25e6a8194,0.0041488471
ck_9b2b0e286de78a1b,0.0096268777
ck_24b0803447211bf3,0.0157844107
ck_82eed68d05a42128,0.1538310101
ck_c8a03c516ed5b05c,0.0711626039
ck_e914974cee1bccb1,0.0093714700
ck_0c533ff2d0f9962a,0.0114556309
ck_c12805fa5d970a83,0.0438915652
ck_fc2cb29918631f10,0.1297569085
ck_c20e89afe575549b,0.0026400614
ck_e1ff9e31becc27ae,0.0631223834
ck_18116d0ac08f1996,0.9246334355
ck_885a83975cea5e64,0.0027589332
ck_a0c3059a959ba5d1,0.0083993182
ck_75257ca7d7da2861,0.0154396674
ck_2210f7a0d13bdbef,0.0349475384
ck_9cbd9ecf8374f65f,0.0054385022
ck_18f67c00ba21fbde,0.0044745837
ck_2d28f14d3973d8fb,0.0015225178
ck_8b3401b44aaae728,0.0040309624
ck_9d8e9ef37797d3af,0.6360993414
ck_9f50920c894f64e1,0.0078487445
ck_4737e0d56c6fa0a1,0.0119905531
ck_52c311f29ca3aca9,0.0002166401
ck_6a4981bc721df37a,0.0081440475
ck_823539d936c55fc6,0.0007245361
ck_df5aedb4118020bf,0.8280238063
ck_a911a066ff0f7b56,0.0216039812
ck_684609767df4a14b,0.0751025366
ck_f2350bf355dc919e,0.0169481056
ck_8452b6cf97c65a5e,0.0088269632
ck_084cd84501012218,0.8172430671
ck_ace6b72e5bf3e93b,0.1071963921
ck_2afdd69094c955c5,0.0861469030
ck_fa7d5be26bf7b31c,0.1455984825
ck_4b041217690fca2f,0.0083701666
ck_9fb8e3d38cdf276d,0.9541171393
ck_c1ee56d65a42f59f,0.0191958408
ck_fdeaa1cd085691f0,0.0267155734
ck_5de33a7a87e9aa62,0.0261788298
ck_7476e7fe1ff45545,0.0189010832
ck_b0a947b498e47018,0.0274394158
ck_e3894ed88a7977e4,0.0021641428
ck_c7e07ebfb0bc15f6,0.0452257426
ck_3a3daa8b376f2a18,0.0031000876
ck_87809324c2675b0a,0.0286793095
ck_7eb4f33260f1dcd4,0.0262612767
ck_ab9f0e08af030060,0.0230637051
ck_5b8fc4a76f340797,0.0265701696
ck_0e7bf10ef49aa818,0.0497488388
ck_a44462a3853ac67e,0.9712351582
ck_2d14bcd2e0fc043d,0.0015527537
ck_df1f2dba802296be,0.9344254845
ck_466a7316eaf149b1,0.0216316017
ck_50df50af592b0c06,0.0068200636
ck_5f9e34c849704b95,0.0057460552
ck_7836bf6def26aa87,0.0194640230
ck_ba175b1bd8efaabf,0.0008892187
ck_1a0aac7f7b94b1be,0.1948516638
ck_6768c4b2aa8ce586,0.0149646850
ck_eefcf0ed15897898,0.0145073602
ck_7a6cb27e390b6ceb,0.0139990381
ck_5275be4e1577c1c7,0.0022135336
ck_6bc0e5b8c0b7d2bd,0.0299218985
ck_4874bdec79f9106c,0.0359754504
ck_a678731156ad7bd2,0.1281163626
ck_db906debc36a5d1e,0.0443022476
ck_e87897767c612942,0.0147300951
ck_45ed5ee496ef8a67,0.0034537663
ck_ae20e28f9854f3ee,0.0285023699
ck_9ee044b73943a90b,0.0117657301
ck_dab34cf6f0626c9b,0.0313512729
ck_64a02b7b96149810,0.0008763832
ck_c417d06f3e94685d,0.0054819606
ck_3e0149cdee4cb294,0.0236887719
ck_0e6046fc30f81705,0.0214613727
ck_c383aeabd53e9c89,0.0132285497
ck_2ef76f1f36e8b869,0.1363492483
ck_43948784650bb9ac,0.0116412661
ck_bdb966f43ac350ee,0.0484677218
ck_5bea0e0ee0b094cd,0.0018856555
ck_dff090f03ca5529e,0.0055659098
ck_a4691b57f837d88e,0.0339117292
ck_99ee90946395d74d,0.4054108307
ck_cc81dbc83a8879fd,0.0130991243
ck_f3dc0725621b3a35,0.0020887880
ck_1bb212d1288b9689,0.0410632079
ck_9e7278fc7679f002,0.0277341676
ck_3ded7a8720d7e311,0.0090297428
ck_798157bcdb9453e1,0.0015114431
ck_9fba80f56f357fe1,0.0070152428
ck_f1e1c8491f16f912,0.0025867486
ck_7b1319a5ca2f63c6,0.9816912071
ck_124432fd5c92af7e,0.6245472910
ck_148cb0c723284dc0,0.0164312226
ck_b56c62c950eda009,0.0055824996
ck_a0498755cd8d7188,0.0037929135
ck_5379452a9d74efae,0.0046479811
ck_6c2453229d608183,0.0146235270
ck_f9d8b4813a88c1e6,0.0098024400
ck_c2c7d1e45a521857,0.0452543990
ck_4364a83a11743888,0.0036342923
ck_2cdf5fd97ba75e06,0.0536470673
ck_71bc01291e0533a0,0.0138533859
ck_a725d7aed2a0bdc2,0.0007552859
ck_a9b0c4dbd7db6a91,0.0442920219
ck_a4258806a533efa9,0.0235655629
ck_905e460591d9a278,0.2585465639
ck_20de8abfd8960ee3,0.0247438885
ck_252b0a0f1119b220,0.0025979737
ck_95e4bef65c36af1a,0.0004497176
ck_5ab68b434ad53fea,0.0018912372
ck_13677a1957078827,0.0018970225
ck_d251e9fa09e542dd,0.9975976792
ck_700cb620f300dd47,0.0057804796
ck_39a68c55a1bd3ace,0.1054239164
ck_61a59a7944d6c53e,0.1338423440
ck_db6d1c6d31da967a,0.0068081791
ck_650020c500b1b50d,0.0101803316
ck_d812eb6930192793,0.0019472646
ck_92f6ebc11ebca89b,0.0442925809
ck_d87e26eb5bc84b01,0.0002891666
ck_66439e697695224c,0.0015614955
ck_f21efd504faa654c,0.0069252797
ck_15eed0f5652f0352,0.0046649106
ck_bcdbf57d98dc0d27,0.0347528016
ck_873ceb8004d3a9f7,0.0348646288
ck_70bef9ddd4bab005,0.0004560856
ck_7560f1891d66f294,0.0022557968
ck_f439f16f8693883f,0.0199249522
ck_14f9535e53f9c7a6,0.0106284914
ck_5984be472d2bc267,0.0418274490
ck_ed01be7504dc4187,0.0225206256
ck_dc3d8b5c17b67ae9,0.0010252122
ck_9dc23031b6b494af,0.0193725335
ck_fbdac0221bc03f66,0.0093824948
ck_863708a99b92ef0d,0.0259697917
ck_22b52654776a1ea8,0.3755918404
ck_a0714f98001efa0c,0.0345877328
ck_9c56114f84e9a541,0.0116660226
ck_e155cf506b2fb699,0.0030344568
ck_65ed7e72f24731e7,0.0037102560
ck_822d6e8e43befc72,0.9428524765
ck_b1182471d9ac6b26,0.0010481188
ck_821446adc95e6da5,0.0100742571
ck_ff182f033134dbb8,0.0224915752
ck_9c5feef7647b0588,0.0038776582
ck_df935d8bdd44883e,0.0108630841
ck_01eb24c18ad11fca,0.2349745759
ck_00d6730134a1eb51,0.0040668162
ck_79ba8e85678d0224,0.0120909824
ck_97e3b04a1350f6e4,0.0142124370
ck_74e9747954a46eaa,0.0220604510
ck_397d5fcc9972f909,0.0160663418
ck_9ede89e8a43c3f53,0.0746382798
ck_303b33910d67f306,0.0022175728
ck_3c17841636f6f7dc,0.0128757056
ck_78730527f8ba1438,0.0747391645
ck_5ee32bc6bb5d1d4c,0.0924346269
ck_a13fee8cd925d0dc,0.0028566777
ck_6f847263379f2e43,0.0251672937
ck_9b9d9e579e7b55b2,0.1133219202
ck_87c1d0a79e79c84b,0.0062248577
ck_bfc453eabb472f91,0.0035938252
ck_978c21bb5fe3171e,0.0371089775
ck_dd882323474431d4,0.1071329247
ck_533c4f7400d5ab22,0.2679494129
ck_5f217bfe28954e75,0.9863052935
ck_ae96d35465b3b4bd,0.0075057144
ck_512ebe97c0af94dd,0.1145246311
ck_f558fe02bb0219b8,0.0163814685
ck_84092e23d5ef4d51,0.0561204469
ck_17d3022ca12eacd7,0.0055840539
ck_8a8f81bf3558fd9c,0.0110127027
ck_0ada6fed1864e7c4,0.0113964678
ck_21fe7bc59dcd78fb,0.0031036355
ck_e136e20c1c74fe38,0.0087231084
ck_e7a530e09d113dd7,0.7854649169
ck_7cb0c9ded4d63027,0.0447189404
ck_102db9615e722c9e,0.0337646649
ck_129e39ddfde92eeb,0.0010253821
ck_d730ff21bfd7769d,0.0082899477
ck_54459b45d2be8459,0.0016262010
ck_7f1c20319eb60aa6,0.9973109899
ck_939fede90473e412,0.0027182862
ck_e0f9506a6d5f4a1a,0.0035166414
ck_9a4967cdf49265cd,0.0764786890
ck_b9eaf03453ac7d5f,0.0051929038
ck_522477be6376b450,0.0102855028
ck_9b6282e3bad50710,0.0163007138
ck_a0e3a2facd508e49,0.0355548950
ck_97ffae702f7c3d08,0.0025418817
ck_344a95cb7115ec67,0.0042182530
ck_1f2760764afa45e8,0.0034447384
ck_720cd658d11ea428,0.0674725212
ck_04e32ee9834c088d,0.7034039023
ck_2bb1389e5e72c8f4,0.0439440570
ck_961e7dbc217cfbbc,0.0019537987
ck_f3bce4eccfa6d6bb,0.0032607234
ck_e0ccfa0d689339be,0.0054328572
ck_98217aeafa0bfefd,0.0207143476
ck_a02aeec1914c158a,0.0202249910
ck_20a17e8f206a14c8,0.0085841292
ck_114c32aad4b6183f,0.0500627780
ck_79f5198f0decef20,0.0051265077
ck_2209de229b4c71c5,0.0092489128
ck_6ee939b7f396975f,0.0086792321
ck_202f0c14b07ace01,0.0572006851
ck_fa24db9d416ab904,0.0033787012
ck_cf6aa24b92c4d33c,0.2598526449
ck_45f57fb8194cefc8,0.0095219722
ck_d5eb179dc45394c6,0.0109339025
ck_efb24be983342f75,0.0188857326
ck_245f5d62ead5ef28,0.0093945970
ck_15fe2a47fa7e92ea,0.0041151578
ck_b6527a85fd682554,0.0250989819
ck_11f9390a11ce9ff5,0.0250362087
ck_ffb4d892c5158201,0.0045921632
ck_d4c1da5a1427fd6a,0.0215389433
ck_2c041b1efb1c5063,0.0034360298
ck_ecc18f40b33be769,0.0829768751
ck_0525349f3945375b,0.0606015796
ck_0bfe62e0c7eab9c9,0.0154186237
ck_b7c37d410b1646c2,0.0205338439
ck_4b15b0746318cf42,0.0582264305
ck_e5ee006ecd8ff661,0.0222205116
ck_ccc83cf66365357b,0.0477009708
ck_34a33ffe8339f66d,0.9447456855
ck_4e39e3b165edab58,0.9695794264
ck_1a71f8081ae00190,0.8158166013
ck_ed8f1200fc049c40,0.9840345139
ck_8a5a57858e8c77f3,0.0487187436
ck_fff9fdc2adf5100b,0.6644852643
ck_c76f1bf40f3b787b,0.0008969604
ck_1a6ddfeef82b1b1a,0.0047196528
ck_478d2667aa9896d9,0.0233494403
ck_641c8e7694b21f3b,0.0159228865
ck_293581d879f6663b,0.5607535683
ck_1bfa8abdb22be8f0,0.0742451533
ck_05ab5b03d0bf9ce4,0.1919843840
ck_35694db37f0cde7a,0.0008897080
ck_fe33eb743d714c03,0.0147624294
ck_abd10fbcbaf2b038,0.0136150081
ck_46d51648c1bf80e5,0.1313470043
ck_5c8390017fabfaef,0.0299380183
ck_87d55ca333f22072,0.0037171499
ck_c39c6a1453e2b92c,0.0005328032
ck_69ff1b0aa143a168,0.0023904729
ck_e57c79eaab35ded7,0.0088768316
ck_463ae759e2b6ad1d,0.0109288107
ck_0dae4a7eb587f3ba,0.0126508320
ck_9b12fb56529ebc4e,0.0240880182
ck_1af547077ba2dd03,0.1786945602
ck_de13de941bebc7cf,0.0010066876
ck_83dde7da2bf647ac,0.0012876777
ck_c80a94d4660041fe,0.0242737033
ck_f39cfeb277ef6528,0.0007860858
ck_1cec1ed1512a2d3d,0.0016578005
ck_7955a359b6448799,0.0017912185
ck_8c0955dad13c3ca1,0.0030269940
ck_6d4cd2de601a2308,0.0103382002
ck_f4536ba8dd2d551d,0.0104979839
ck_b379c198d6db2d62,0.0143983484
ck_76ea90ebc74bcdc7,0.0151621266
ck_734f06bd4aa92781,0.0276690416
ck_677e1d0c14cbf569,0.0071043776
ck_259271c70f3fbcbe,0.0292873354
ck_c0b744eb9e7d4eb7,0.0114798318
ck_3d41faeb96802f68,0.0021330676
ck_8f604fa70fc3c8e3,0.0051953396
ck_0b3c3bea0e0ed339,0.0059271898
ck_be5df076b8a86409,0.0017436464
ck_6a475fe324d7d790,0.0187595824
ck_3ba3fa5387bacee8,0.0005819496
ck_324b9939d9c1c31e,0.0038856374
ck_a7fcf7b592f68ca1,0.0220704428
ck_5b2728f7cca414ae,0.0009920947
ck_5f4a25ffd0b85a47,0.0174594701
ck_63d4f5076fe4406e,0.0070878850
ck_af528d66c86f0cb8,0.4918469791
ck_ac7cdb9b8da7b5dd,0.0177741899
ck_3bece63711407e25,0.0341623009
ck_d4e0b2a12fcfc35e,0.0040083060
ck_ee3e7c9d3a9c74b4,0.0554195456
ck_50d7c4dab837bf66,0.0118659726
ck_ebcb93a2990fc914,0.0702721918
ck_2329cc9702cdf7a0,0.0331606083
ck_db1fa53d588bf99e,0.0059753097
ck_44e57a0bad5a0745,0.0181304914
ck_472c81a144f4631b,0.0009998323
ck_1658429acd5306ba,0.0092391367
ck_466103ec5bd9444b,0.0108632297
ck_9757163e25262b74,0.0376107526
ck_34ed59bc2c9b0186,0.0021415134
ck_b7bd3a7f263f4f29,0.0616565865
ck_149662b09d632e41,0.0089372181
ck_a9ffd6b3957bd41e,0.0029454152
ck_ab80466ef615e85c,0.0010500203
ck_f2c824d3473db24c,0.0025812404
ck_a4a01fd45936b078,0.0173800861
ck_8f6ce158c2902877,0.0010978872
ck_5189a302cfa7cefd,0.0017070955
ck_430a3d03be588201,0.0093417780
ck_b5f9dd00914b4db4,0.0064394137
ck_52dec82e9cf6135a,0.0036909698
ck_95e444a01e2ab4a5,0.0246715349
ck_e37cee7b123692af,0.0181131206
ck_d68d42858a55adff,0.0460033367
ck_3abfc010091d679d,0.0205141843
ck_cee4e4e1b62bf82f,0.0422749804
ck_9ccb17c35e636c5e,0.0074935039
ck_f72a5a3b0d6c1177,0.0014892394
ck_7508aa554fae6afb,0.2065500234
ck_003aa842b7ca1d77,0.3651507199
ck_83b2b192f41ee2bc,0.3097576405
ck_64796b6b2c3c7f06,0.0180783432
ck_6438ae81d43cb196,0.0049661603
ck_2bd73d9098504760,0.0907713887
ck_aa8b9b36a099e4c8,0.0318675863
ck_e5ece47d0dd10526,0.0157901467
ck_16077ac345472e6a,0.0046483004
ck_a4d6e152b0076964,0.0045207461
ck_d90b1d03ae151f62,0.0166561475
ck_18b36d342b530af4,0.0093598563
ck_2a01e610348b84f8,0.0362260111
ck_0a93ed76bf36c8b6,0.0227159907
ck_3d56b477fe2370b6,0.0138078266
ck_17ab3068fa303682,0.0028266671
ck_592a3520d841d11b,0.0136148477
ck_84d07028b5fca2f6,0.0186766568
ck_f4a2bb10afa85743,0.0027249783
ck_4fe4b072f03f2c1e,0.0018903676
ck_9ad08fcc183ea1e7,0.0013574259
ck_130d3848b9dcdb05,0.0079105099
ck_bb399ed6bf28c230,0.0362375100
ck_a31a64a39a2c4941,0.0022522919
ck_c49f25dfb39909cf,0.0704068644
ck_55f50a9ae2db8ff7,0.0010772783
ck_09faa4e771cf876b,0.0052320856
ck_df520a7a6e405889,0.0132374012
ck_8c8c98cc694ac900,0.0245862239
ck_7f0c4f609673ef62,0.0126032152
ck_f51fe59cd445d2cb,0.0245034000
ck_b3fb83f0d772a831,0.0059765379
ck_d6e7e257751c299b,0.0013291321
ck_0d362ddb4a1cb6d4,0.0202425945
ck_a574a08edaf81781,0.0044650041
ck_a823f5bcb0e4b9df,0.0004129363
ck_f792586ad0381eac,0.0236384900
ck_54bfd70022c66983,0.0022594638
ck_fe0a9372c9372de9,0.0168048200
ck_5691cd6fdb6d8147,0.0192581144
ck_a95f212a02433d23,0.0027441941
ck_f5adad75e1c06731,0.0247577163
ck_e09c97520eb0533c,0.0094211602
ck_a1e13c0d58560340,0.0010688318
ck_cacc2ca410cbe80b,0.0070341747
ck_c0dde2a6ef1e08c5,0.0020250689
ck_a04403073c90ce38,0.0010277335
ck_03d3026107175dae,0.0162173649
ck_50176dae5b1b716d,0.0031292847
ck_6c084bfcb38e96c3,0.0372164377
ck_36d2be9012f7909e,0.0113900549
ck_958acf84c6137a22,0.0210318956
ck_114722e12db90a73,0.0023215864
ck_203c2a22c0c165ac,0.0136331296
ck_2c44ca550e5cfa82,0.0207490975
ck_df0a8f20ab8f14f4,0.0333446716
ck_826a27ff7555192e,0.0102863711
ck_09a988ebcf062297,0.0559812553
ck_5c82444b3b9160ae,0.0152784545
ck_f6a4a7ed27fe76fc,0.0385163718
ck_17de46314b5c6a92,0.0148601881
ck_335e63101b1e6c4c,0.0681745564
ck_c5eefc0697451de9,0.0394629008
ck_49a0efb5d4067b6f,0.1380499545
ck_c1f4509c8f5dac5c,0.0066044693
ck_57658eda1c59bc52,0.0027099109
ck_0d5c0736ec76385a,0.0018271407
ck_e0239e6ae30795a7,0.0218953072
ck_e4459115cd8e5e4f,0.0066418269
ck_bb4aec09d4968dda,0.2187734370
ck_a1b4c96faed3e0db,0.0212360935
ck_8247b79ac67aae7d,0.0179779576
ck_fe2fc7d6e5d83f09,0.0046724369
ck_f6aea576cde8d592,0.0002356035
ck_b7e7f7d0cd886412,0.1087868255
ck_ca7b993e8286af7f,0.0269284231
ck_47de038381a9cd65,0.0211009219
ck_d38f941d09eec820,0.0469887655
ck_d9ba2a6c0d926b4d,0.0029010679
ck_cda72f597330d0f3,0.0017024835
ck_16d2d27fadeeacf7,0.0016983477
ck_be05447853d423a9,0.0006257549
ck_cd92852d7376a4a8,0.0035992003
ck_2faf7ecccc9fec58,0.0011654811
ck_db8733fd92f20cd7,0.0267743095
ck_a9989a3a94c26634,0.0140751156
ck_957fb25437c75e41,0.0455397501
ck_e6a6caf6e7de17c2,0.0052764167
ck_f7bc569b37e8bdda,0.0208003824
ck_703b375dd86a6124,0.0195366536
ck_d3cfb3603f2c6ca3,0.0436667366
ck_07cb2b6f2a4303e1,0.0246816067
ck_31631e2028d4f855,0.0103288502
ck_1631bab0ba1256db,0.0115275236
ck_5fdafeaec036f016,0.0082414726
ck_6eda4c36aecad602,0.0062448532
ck_bd1bf9e3e29de281,0.0355404735
ck_bf378ea558a4125f,0.7100804215
ck_7aa2deeda0e57412,0.9952745881
ck_d229cf7f5a3f38ca,0.0138292963
ck_9e109edd124492a5,0.0026194703
ck_779491819995625d,0.3963240732
ck_b89c6fa2ad0a12f5,0.0081307435
ck_1d01b4a609918c4e,0.9495184805
ck_714c5d7cb17bc9f2,0.0130191337
ck_269f1746f2609ed4,0.0047466938
ck_4be03a2aa62b93c7,0.0029887154
ck_cf920313f6dd28fa,0.0155137492
ck_fb00aae4e17740c5,0.0141836210
ck_085d8c42739e2b10,0.9971670342
ck_c72a7d0d03cf3e17,0.2754348668
ck_8f6ca5d3b17eac6e,0.0007133123
ck_d9573100bbff4014,0.1343105897
ck_79d6793d1d0cf43c,0.0020288257
ck_91fa5032f7aff0f1,0.1085262387
ck_87110d84872c0fed,0.0389150471
ck_8220da627e9992a5,0.0028002992
ck_2ae44938847f3852,0.0048315112
ck_b0f191e44f9b6f35,0.0243532356
ck_3049d744b527f4d0,0.0061101985
ck_47d3e8d1dd3fbcef,0.0164034111
ck_ddf787359d2b5deb,0.0007862514
ck_b27a9e39726b26d9,0.0029442222
ck_80c4e9274cf976b6,0.9871858577
ck_c6afa913168ce8fa,0.0041806057
ck_52427b3f8478db19,0.0240033852
ck_3b810f15ca0eaa55,0.0071240133
ck_0c9e420f97baaa06,0.7621374335
ck_f8540cf3a8b2f8c9,0.0197713187
ck_1402d24dd623df72,0.0064234032
ck_eb4f4267e24d042c,0.0031337901
ck_6f661b428d6fb8e4,0.0260765116
ck_519a26ecf3d29c90,0.0024597138
ck_e886ba71d4a6fd73,0.0374166564
ck_437f9ecd2016a1a8,0.0051294864
ck_f01af1b0c977cc06,0.0043142493
ck_614f777c2eb5d537,0.0041493985
ck_b804e784cde9af8b,0.0045623275
ck_c2dccbc1b24b137b,0.0718245499
ck_1df4a1781a0f6999,0.0134608309
ck_bd2cdd53fca26171,0.0107012934
ck_424c254249a109f0,0.1951579965
ck_cf2ca4f286e289ba,0.0219525807
ck_6c33cb15b0d8af54,0.0085329016
ck_311d395fa9b8550a,0.0109918082
ck_9f792e7e721ff7f1,0.0062785324
ck_4c37586080edb7fd,0.0004085748
ck_7c4f42c5397113b0,0.0035874303
ck_fc418f53ce4aa579,0.9079257372
ck_1ba28fb7ef726ce2,0.0084210265
ck_d932f98bf6b83956,0.0620792216
ck_248b3659a9239240,0.0062760348
ck_6a92cf5f4cf5de38,0.0848258972
ck_65519d0fb137e0c5,0.0096602697
ck_ddc3fc99eaba2064,0.0570273260
ck_7310cda3bc65a73f,0.0061157917
ck_c01c85bd631d4054,0.0043301680
ck_b4954d16b9749829,0.0198275881
ck_f301f6758e170d66,0.0453095572
ck_9bf95f8c47e7c7b4,0.0025602495
ck_c91b7fccf6aeb4a5,0.0407228157
ck_785fa45e86bc5e95,0.0131637122
ck_2a65f1cc23f1180e,0.0019221616
ck_a49a2c1f881a3560,0.0044912945
ck_def344d68f06d749,0.0178032312
ck_abbd1465fc730d78,0.0021014395
ck_07a5610ed28162fb,0.0176893713
ck_7ecdee2d7127be8b,0.0106750718
ck_67858bc00e81490d,0.0004783455
ck_b4ad165ace910222,0.0060639735
ck_30753ffe481a1b8c,0.4965669500
ck_c401a26725b17177,0.0022027342
ck_819988d8a7f26415,0.0032248821
ck_3364a1d9261b3638,0.0181679266
ck_c484c5bda389bf20,0.0009394254
ck_ae416325fef92c9d,0.9784959206
ck_5517b9a865960542,0.0059690772
ck_a0e96fed380440b2,0.0035787298
ck_e83409471d2b0b44,0.0351282560
ck_127273af97d7827d,0.0021914929
ck_aaa9861c91bd14dd,0.0086048652
ck_a378c58294001a36,0.8289481626
ck_abb9d65ff1f95b64,0.0713133965
ck_a5ecbefa849ae569,0.0095692064
ck_aa9953c0ca2bed7b,0.0003898005
ck_40bc6de252865f32,0.0016330084
ck_9fb11688dcfe1513,0.0008526375
ck_ba68841ca2ba073d,0.0279779878
ck_1d3e561a7d20be0a,0.9681009051
ck_99a92d710a29c1d0,0.0161776976
ck_ede2e887697ffac0,0.0038354461
ck_e6de67c0d82a7b83,0.0121899624
ck_6b38763bf5ddbcef,0.0236588159
ck_8dd44eead7d765a5,0.0143222671
ck_30bf5b0056eea9e9,0.2825812037
ck_2981d16f8a51a8ed,0.0516400558
ck_fc60f42c68c7024f,0.0429804174
ck_8e2b2251ee224aa4,0.0114648498
ck_1906f0dfaf6e9bad,0.3099058367
ck_dcbe6814fc4ca0b4,0.0678522915
ck_f7e958a286ae3b57,0.0041051406
ck_713649668a7ca824,0.0368061303
ck_6f73cdbf9305e2ea,0.0113744702
ck_dd1c490050cd9051,0.0198336766
ck_e30db36e376606f7,0.1154546800
ck_740d8fe8028b5a2e,0.0070939687
ck_ebbc9418cd41f692,0.0010432549
ck_7b3cc6cc3f250f39,0.0189355031
ck_1d30eef7110809e5,0.1408033773
ck_77e0589ab339ca66,0.0034333564
ck_15ccbf8ff7d14086,0.0037421490
ck_246989b0c288664f,0.0209213779
ck_fc2a6e27b10b10e9,0.0017603052
ck_8afc1112c12f5402,0.0126166969
ck_a76e8d83b9141364,0.0516354541
ck_51d3e8dd7465c015,0.0013236769
ck_e7b4016909405981,0.0016535747
ck_e7a3cfb9bf908e80,0.0099078530
ck_2bb49dc2388cdc1e,0.0027239329
ck_94f4266ee7871345,0.0077696951
ck_b2c896beec146477,0.0103427869
ck_fcf5d4a4748cdd53,0.0113487601
ck_fd0483639811f62e,0.0742833414
ck_9a21d183524734aa,0.0530113185
ck_1df4b46c0a4c317d,0.0433502237
ck_638df9e8a22dfe0b,0.0077224757
ck_65acc43a6dc3e65d,0.0091658067
ck_7c67b73196e3d0d9,0.0337648470
ck_b0ee3a98175b462d,0.0031258417
ck_20fad010969f1abf,0.0028917433
ck_54b087bd873af8b8,0.0057397097
ck_8007824431fa803b,0.0046487445
ck_23aab322810b9fec,0.0047592165
ck_c8001bdb9aafc8a6,0.0088308240
ck_3a34c3ac83cf84b3,0.0110553139
ck_60187ac2c473a662,0.9534890492
ck_6a0ccd7357979f0f,0.1025455284
ck_27f20337bef5ffe0,0.0488407588
ck_f9fc468915afe49c,0.0680880999
ck_1eabc15a94bd9009,0.0176087751
ck_26896c494b2768ef,0.0075757653
ck_348c874eaf0354f4,0.0317155458
ck_be9c46acd216b45d,0.0289440189
ck_a3cce46d15cc20a2,0.0800129234
ck_70804f60d9704128,0.0268149806
ck_a019151ca8e7527a,0.0377918781
ck_571133b2aa8ead51,0.0141456332
ck_0afa4449f20d5196,0.0071306994
ck_4d503c41cf4e5034,0.0382153737
ck_d6fb9cc5171e3e9b,0.8714645066
ck_05ed92a7c3e10e5d,0.0362793815
ck_bfb067986660afe3,0.0454276542
ck_c1a31690c8573226,0.0044292845
ck_cb88ef3dc1f42225,0.0008499716
ck_21e3b3bd998745e5,0.0322822213
ck_cf52e46fa54e4540,0.0010231156
ck_b72c7ac4208052ab,0.0301631213
ck_e6465c56b337e6c2,0.0066417297
ck_5f87eb05d18186c0,0.0043571334
ck_263f6c5ff26b5e98,0.0036146642
ck_e0b7e2c0bbe228d9,0.0015752516
ck_b657ae3c146cb7bd,0.0015900232
ck_abac514d8167ea58,0.0326357857
ck_024dcab126876002,0.0256961042
ck_5d8481e2b38bd99d,0.0084244716
ck_edf229c17d25dac1,0.2396132396
ck_6cb7c97b72d6b5d3,0.0138620465
ck_c96ae2c28086a059,0.0135168072
ck_2f241b97c0f8389e,0.0089298598
ck_9158bdbb63ee8987,0.0047007227
ck_e7b40b60786c1530,0.0032348047
ck_66d38518f68e6194,0.0024380710
ck_8c9b57ad2a991416,0.0022768544
ck_cc91bd7152d3e9ba,0.0060428203
ck_0d846660c7957a88,0.0027878002
ck_60896cdac2212bea,0.0311485605
ck_dc4db8b932df49de,0.1172224005
ck_2dc31db181150e20,0.0072610526
ck_2f138fce1171e277,0.0130630109
ck_68b8b859a6ef505b,0.0092922902
ck_c3fe0c6c5e1f40f6,0.0040684677
ck_15886fe84866de92,0.0281079914
ck_ea269b35406473e8,0.0020358889
ck_3ce7cad1f69b71d6,0.0226828371
ck_054ed4288ee58d6e,0.0647050830
ck_3d4913a86f207fee,0.0299861953
ck_23ff85f9d2355e8d,0.0153888143
ck_d87ab3261322216a,0.0004536670
ck_fac046ce336fe39d,0.0080129421
ck_beb97e498e6cf8e8,0.0330433703
ck_1f517e0ebf397b51,0.0112850976
ck_0af57ebaa45877a1,0.0018409915
ck_f99bc1732ce5e999,0.0216630311
ck_abb056a9deab275a,0.0207823731
ck_0bfc394c5faa65cb,0.0072485194
ck_ddc865af1dd5670e,0.0138823698
ck_68b5542459638b56,0.0467394888
ck_0b1d84252c0b46c2,0.0015569176
ck_520ec32c4f253604,0.0317681394
ck_79ffcfee599d77c7,0.0128053629
ck_eb224c0fd146253f,0.0309644433
ck_0e477084434da450,0.0160020153
ck_07840bba5570785b,0.0351266495
ck_6b67fe8e310ab865,0.0121306836
ck_e2a1068c2fa22525,0.0254979294
ck_b9c6b32f6bd92a3c,0.0024634425
ck_c1e7d1021ae58f00,0.0014464973
ck_5d7801201749ffde,0.0205881639
ck_c8806749e263f70b,0.0010461710
ck_c9eeab826781dc91,0.0265079413
ck_309a432c160a17b3,0.0170399190
ck_b22e3337b8e3dbb2,0.0037280241
ck_79c30169c71b8033,0.9079459363
ck_5a6593d954085775,0.0016641863
ck_70b9b79ea1aacba8,0.0323192912
ck_63743141ffa11f45,0.0118559190
ck_dfd3dbd0d97a642b,0.0040201074
ck_635646a661f05b4a,0.0169131446
ck_4b123d6931b6d0d7,0.1565100676
ck_f2b0e7a47f442557,0.5372781625
ck_1b1df006b81d38ba,0.0067851058
ck_360237c1bd30f4bd,0.0026035853
ck_5e84bca0e362da20,0.0064597915
ck_142dba210ed2f3b5,0.0372717523
ck_a3564236069e3524,0.0753154312
ck_cf36d8b070ded782,0.0105792292
ck_ddd6625c5eddad70,0.0008810755
ck_ad54292a0b2f44ef,0.0071469399
ck_45cd5ef6b359e9b4,0.0039211742
ck_982c2392238b7be3,0.3722994234
ck_083e4ac78685c3bb,0.0296480277
ck_729cc0b46cc2e546,0.2021029704
ck_f2b8995fe5402759,0.0025707405
ck_73e24f5a8da289b3,0.0588542750
ck_bd85f30c36f5998d,0.0682842366
ck_ee4ff3aeadf912c1,0.0039392525
ck_63d2978706e193d2,0.0208718978
ck_6a0684436a1e66c3,0.8476666652
ck_182dc4a2f5a366da,0.0019932961
ck_e6fecb82fc2a82de,0.0099539751
ck_cfb06f07394dfe64,0.0006541447
ck_7bbe1dc8add17ef0,0.0172254158
ck_5cacad76e02c8e3d,0.8346891071
ck_ca68dec0c7df5a12,0.0027459301
ck_e4c0fc52c82065d3,0.0107842325
ck_f9197b070416f443,0.0072740268
ck_2a07c7021b71cf65,0.0416499906
ck_4fa85cebf707de2c,0.0013153277
ck_0063d2a9507467e5,0.0033153575
ck_ec986285fff05b7d,0.0019970984
ck_279d43303708109b,0.0056805754
ck_a406bf11e48cf8c5,0.0368214460
ck_064b2aa3f0bfdb6e,0.0126021745
ck_95790440bc4bd2d0,0.0092399950
ck_70066eea13b4c34f,0.0082214523
ck_19468fe07e26f992,0.9644507245
ck_86bfe328e0a533b9,0.7458189338
ck_ace3b96c977a7560,0.2867357583
ck_642344e5c652d8df,0.0244310013
ck_074be35c951ae10a,0.0250973023
ck_f14dce41036486a3,0.9969786301
ck_5cf67a3a747e684d,0.3018980735
ck_f7285b92648c1c81,0.0025457021
ck_bef3193f124fca5c,0.2304183954
ck_05c4dcbb45de1f8d,0.0041180055
ck_d7c28eaa05bb7144,0.0115090946
ck_320df984791a1b99,0.0009603468
ck_f45bad1606fa00a7,0.0043916385
ck_6f81c199e986d9fc,0.0068299810
ck_d0c9633fed57c344,0.0319709008
ck_a3c25d6cc7478068,0.0094562141
ck_4185506d12cf9fa0,0.0011154690
ck_7a02ee1bfba7353b,0.0320791413
ck_1b52590757c0fbeb,0.0131087749
ck_a0e5656e1cf9cbf5,0.0044552718
ck_ace21f6daef94f6e,0.0106765115
ck_646d8d0834782d6a,0.2867242570
ck_1f136a4476b5e775,0.0095269935
ck_325c7643cce02da3,0.0208636238
ck_9b5e7fe28208f5d1,0.0095072849
ck_05d81b1a150f31c5,0.0019282181
ck_0e9ec486bff403c5,0.0115889697
ck_ee13c091bc379188,0.0388208689
ck_f7a7f8f5903617c5,0.0071804043
ck_96c3a3517153390e,0.0211629025
ck_538dad7f096458ad,0.0077017703
ck_8758fc6622bbb7df,0.0179208134
ck_f7e53af3c91fec64,0.0183868882
ck_80b50fad7f255e1d,0.0063969857
ck_9645e7adc08631b5,0.0349532203
ck_e007aedbf37d6ec7,0.0079388762
ck_2951d76c41de2569,0.0267847059
ck_9439bff87e616d4a,0.0089176964
ck_a73045e96af0e4fe,0.0076062639
ck_7b382e533e2e925a,0.0194415674
ck_730226c2d216cacc,0.0156529877
ck_bdf837d761a7cec2,0.1973643909
ck_0b34197335ba3341,0.0055831296
ck_49170c4b31a20f5c,0.0007178042
ck_cd553ba6589d8bfd,0.0131291682
ck_56b992c6f136fa5e,0.0168643269
ck_8beae3d7328fa41a,0.0562674267
ck_1a065ea906ae3d6a,0.0049284346
ck_e9e3381d5e0e5051,0.0022462927
ck_a6d4f998dadc90c2,0.9479944981
ck_d36733da917115a6,0.0326933190
ck_e738e920bbd74a7d,0.0080189007
ck_af65eb885a51048d,0.0018992102
ck_73f4eb09af29b1c0,0.0266115595
ck_8fc641b1750a2542,0.0402255143
ck_41b954c7a948c060,0.0026217698
ck_25fc3010e8a0f6d7,0.0059309070
ck_a2624e0387974e0e,0.0313777686
ck_5cb9d7b2329d5ab6,0.0405254914
ck_6c83aa1d100a7cd8,0.0663631349
ck_67025c64588abd1e,0.0045824230
ck_f5dde68f6f0468e1,0.0016697416
ck_46bfb2cfc29a6d2e,0.0126579151
ck_49dddb894d33f6db,0.0271573257
ck_f738b633b8862d18,0.0003134817
ck_3d6c3c00d854f5a4,0.0546553367
ck_cdb8061d8d1a6c5f,0.0053835358
ck_5e1b81848718bdc3,0.0262345987
ck_8def763034187436,0.0089682399
ck_8f8e4fb9c6190272,0.0021212815
ck_368b968b5f33431e,0.0013432834
ck_ba7e347251ea399b,0.0198079338
ck_9075432001a64e75,0.0115616172
ck_73c5371635aca173,0.7695294876
ck_81793387b38047cc,0.0025185508
ck_0cf220816e320ac5,0.0051910010
ck_820219bb9c761b52,0.0932002744
ck_70a932ab39d86a24,0.0018519247
ck_2c4be237a7ed79c7,0.0041039110
ck_acc764b49ef02826,0.3968493424
ck_74c3c3452e4e7cce,0.0026965625
ck_34dfb57e5bf31d2f,0.0379152900
ck_6ec39903f765956d,0.0132252618
ck_5986119e7d81e831,0.0139682918
ck_2ddfc948b8eac752,0.1979214902
ck_921ff5ceaf40a968,0.0303162861
ck_fb3b68b4424b5f92,0.0579437236
ck_c3db1b3ad4f16679,0.0045887631
ck_124a197be41687f5,0.0294480870
ck_c58d9151834f5bad,0.0216087784
ck_389607982eb6b701,0.6878795368
ck_fb0c138c003e933a,0.0009303613
ck_50d0bb7edd8c69c0,0.0524111344
ck_c6cb651149dc9a8a,0.0025716745
ck_81e21354e477eceb,0.0167953980
ck_7696e38b3e4197b0,0.0044165803
ck_586001d3ed9e7fbc,0.0008709308
ck_bba413492dc46f2a,0.0199123295
ck_95b894380ad2702a,0.0204629411
ck_277621473369614f,0.9957485800
ck_a50621b5eeca84b4,0.0004489498
ck_bfa7ba218b988cde,0.0266090080
ck_5ea89567dfe78e4b,0.0144009704
ck_6c679602a6476ab2,0.0073949452
ck_d3885e286b3b11d2,0.0431635652
ck_cdcf6671b37c9c92,0.0051221217
ck_b5c93e6d34f8d366,0.0030878008
ck_c24f61925dc158d5,0.0980026301
ck_cd09375e6c81d2c4,0.0391046600
ck_a95afc7a00303a26,0.0319562045
ck_8e89ca8b39f3f8ad,0.0028292971
ck_9a84b396aada3fa8,0.0901368111
ck_5124a2e415384945,0.0370977948
ck_d66bb1f063357f99,0.0021747817
ck_0fd9312411b0ac55,0.0185229381
ck_ad8cbe6e27e47ede,0.0185719177
ck_8398adeaf41f9cae,0.0085718562
ck_dcf851e7bb5855d0,0.0014857895
ck_9affb0f26776b642,0.0053679815
ck_f0424b3b36bdbef0,0.0310805535
ck_66746d1090d6d9e9,0.0009936794
ck_e5f8c8a5824db594,0.0038311195
ck_3e91dcc209431984,0.0143570100
ck_126a82e8d42e5ce6,0.0023628105
ck_38e4a74ab256e2eb,0.0065085542
ck_1225a97fc413a419,0.0295848975
ck_9b5ec0f78e160e65,0.0069574625
ck_7c5529bcc079600b,0.0128146158
ck_29640fc2fe81c251,0.1089413689
ck_160e9ba0a3f7c1fd,0.0016116882
ck_bff090cb4ab76b9f,0.0228855191
ck_aa06ed358e43db69,0.0823215651
ck_7264486eb512d84a,0.0036252413
ck_f5a32e6160b28379,0.0046252307
ck_4ba8bec14c2217e1,0.0108974822
ck_610815786d729d2f,0.0077153407
ck_e267999226b6321b,0.0006776785
ck_f3996a3c8eea1ea0,0.0184509655
ck_e9b75ed7567a3f23,0.0340553813
ck_d21612d48bb4f7b8,0.0128402514
ck_1f871df76c6a995b,0.0611973737
ck_953bd5de48ccd70f,0.5970599984
ck_02a9104419a6dbaf,0.0250262914
ck_1eeeee651e05d535,0.0366752447
ck_e2ab04136a442a98,0.0035098940
ck_f0d806624ef3d359,0.0096644139
ck_4b68b38c1b3326a3,0.0036487588
ck_74e60495f8861156,0.0222191429
ck_398f3f4cf05c721b,0.0007372299
ck_f761b7650a0c1a85,0.0363607141
ck_7dadef33f5e2d94f,0.9821197456
ck_6ff6883633b8c7ba,0.0017595371
ck_4d2159603045109e,0.0067283940
ck_a38bd07a5fac5c9a,0.0034703883
ck_f517f06551e69507,0.0024627592
ck_a7ea00a1760ad561,0.9959859605
ck_31fc51d5a3dfe16a,0.0363323247
ck_bac5233623b25ca4,0.0111393497
ck_385188ab27784fe3,0.0398314726
ck_9947a323bab5cacd,0.0968353558
ck_7973edc9f22ee7b6,0.0268979255
ck_f97c477986043755,0.0019632489
ck_1a3fd2cc4b4de196,0.0038559522
ck_e18ac29ea62cb435,0.0411510651
ck_9720a472a3e0140c,0.0016299284
ck_668c7fc7d7e47c0e,0.0715538657
ck_214af0806470ef48,0.0106577688
ck_a46c1773f01f0be7,0.1628045199
ck_f2bdcfb4203ffdee,0.0507238434
ck_40e84e6ffe788a4c,0.0126254012
ck_dfc6f5712d8d6678,0.2119928696
ck_01ef1036b2e66a4b,0.0084482752
ck_3acfec10eec32f9c,0.0199086028
ck_084a85145c15ed77,0.0032201440
ck_fcdb4fe2f095fba1,0.0381190498
ck_023908db0a193076,0.0382465397
ck_fec0ff92fd622253,0.0153031077
ck_c009c97d5fafbced,0.0891783460
ck_eb9f0c06ee017ee5,0.0089880283
ck_d7792b429620fc24,0.0045231598
ck_5e9e149a3b69c726,0.0260589379
ck_ce927322ef8f651c,0.0088686855
ck_b8fd61a8e82bce32,0.9861770432
ck_9aafc33fba1474cb,0.0045141573
ck_ce81ff9b8b35562f,0.0054837028
ck_25bfca1d8eaa152d,0.0059063920
ck_170c65860e2a7e23,0.0203821895
ck_952da7ca9f33decb,0.0198324575
ck_1ebd574406235957,0.0271603525
ck_589109a188adc2c1,0.0041558336
ck_f0cbd5383bb07778,0.0454189896
ck_242521e261148fba,0.0060804841
ck_509cece86a558de4,0.0091421584
ck_0dd7c5925d28755c,0.0032698525
ck_a7e669cf1c3985aa,0.0237129850
ck_acb84dc2351eeb76,0.0015248913
ck_b837c7dac2a9b931,0.0291535305
ck_18eb1f9181f95df4,0.0035703277
ck_b0b9047dddb1ec84,0.7022475395
ck_43aa136bdb0a2832,0.1368799249
ck_3e47f8c56c811700,0.0060139773
ck_77c587d24695ea15,0.0095607777
ck_20578ac693ea4e93,0.0302730979
ck_b9f6040eebd1605f,0.1078711835
ck_ca9d86f65cfdf018,0.0045458914
ck_a4fa8833995c716a,0.0081663319
ck_f589f1e29301b5fd,0.0069428311
ck_961ddb8ff55d868e,0.0004623331
ck_5662492a54e6688b,0.0332527834
ck_ad48826c1c26eb78,0.8734128881
ck_621c9ddde6bf2eca,0.0075992020
ck_417a3500b2c717b3,0.0166573056
ck_c7e129058beb3ac1,0.0252166264
ck_ec1c902b9b9b9c5f,0.1823345109
ck_317360ec0a67d27e,0.0990241958
ck_3e3ea5d8c4a229dc,0.0319947590
ck_d11d27de7bf0b973,0.0518394474
ck_d37d56e931105db0,0.0035058091
ck_4863077723cd6ce1,0.0012371411
ck_479a065d5903e9c3,0.0055097694
ck_e66ae4fd586fedea,0.0015525456
ck_192bbfd0d5720134,0.0161714431
ck_3b436cb29af99f3d,0.0086677468
ck_7c7ca54969eed187,0.1176231975
ck_826ee896c9f1144d,0.2290407171
ck_ba1f6dd43fc8a0b1,0.0089713144
ck_49685deb63e4e8f8,0.0151099349
ck_687ab5d5554bfa79,0.0111165300
ck_41346ccd9242cc8f,0.0014457596
ck_8f8e5e2b9dfec3d1,0.0182105221
ck_94d5ce61a0c50465,0.0226802602
ck_6b954c75aad8c012,0.0309631998
ck_748af92828c9d288,0.0004652920
ck_dddd14091ce812c2,0.0171340317
ck_723323f6870fab59,0.0169807925
ck_dbdf8d0708cc6718,0.0054924266
ck_f04938570a154de3,0.0072074182
ck_58afa1550b3b5294,0.0091239262
ck_3b150afde386ecff,0.0324386462
ck_666b95e75d99ec4e,0.9394681816
ck_e00332597cf1eb24,0.0232390380
ck_9a9e3dac79280d7f,0.0854682258
ck_e8d37262e859d9a1,0.0099127683
ck_895bb39d24bc1c4c,0.0015031478
ck_b367449195e36499,0.0157410563
ck_d23f9a50d1135ce1,0.0631357880
ck_670dc4910cf476c2,0.0003803513
ck_3ecd8a5ce65e21ca,0.0045639157
ck_8584fea2df4c6317,0.0241482934
ck_0789ff4562202b20,0.0090845567
ck_749e0e50c3907be8,0.0015313962
ck_c3ff6790cc6d7e34,0.0041733511
ck_75fb7e56432ee4b2,0.0171212724
ck_529fc3170fd11abd,0.0597536283
ck_34a69b3b4a681796,0.1661880164
ck_255f0e5888ae9e23,0.0707380619
ck_65be698386474170,0.0027952055
ck_5eec9ed855c26000,0.0016607275
ck_5ab39bdc9610f6f3,0.6485742810
ck_1b5b75762f033462,0.0120281869
ck_d3e208671cf37f91,0.9129093613
ck_5068ee554ceff971,0.0386743999
ck_d7d50fb57fcb2d0e,0.0010223431
ck_ba6e1115fceaa067,0.0159321627
ck_d07bfb16a4a7dac0,0.9269694044
ck_ead68310311690c8,0.4446433813
ck_ee53ce862bc9c111,0.0216359673
ck_97e56e6037024dff,0.0020901300
ck_80b04344c98ec072,0.0325256308
ck_5954f45a2ab45f43,0.0176475346
ck_18ddf7e836256e3b,0.0060783348
ck_89a1a780144d808b,0.0210532360
ck_a7331e8b808c39aa,0.0548443147
ck_a1fd0ad03ff9b776,0.0439823822
ck_c0cf50eef030b401,0.0038556885
ck_074f20921189e7d6,0.0038701704
ck_e2aa7be60794593d,0.0564500473
ck_72771757dfb7f7a8,0.0192134261
ck_a9cd84a6dddfe584,0.0246546179
ck_142c00f9f8557504,0.0300785143
ck_221b5d40358230f4,0.0118878132
ck_a2d7a563f520b7ea,0.0105714969
ck_66cd34bc568d95e0,0.0189740366
ck_a17128972d3e507d,0.0063555979
ck_bda299466bb2136e,0.0063524192
ck_2b699066665abe8a,0.0193603589
ck_0ac9848bd4ba0c14,0.0010364984
ck_98d2f9a6ba3a3077,0.6197702902
ck_a872df31b28a5f7f,0.0917989392
ck_7e73e1d44ce82ed9,0.0083783578
ck_1a415416f620d49d,0.0035043893
ck_c95c786d2f8b8edc,0.0068960104
ck_e45012f22b7f91d5,0.0010263162
ck_aa0b083e2a6813eb,0.0309791444
ck_4666232ddbf77756,0.0158651295
ck_e08e9c8ec5f23d8b,0.0172624978
ck_31d4c0518e5f52c6,0.0033238185
ck_c1ab40638f04cb02,0.0156916416
ck_4c1fdd1669c7cf51,0.0046724653
ck_11662cc7940ffc82,0.0543028698
ck_2e679af24adedac8,0.0096213840
ck_454b9e21b7f25a4c,0.0019182815
ck_355c4f29089731e8,0.5533589554
ck_507e40760a24d2d5,0.0189603713
ck_0943e0f305078e34,0.9872638295
ck_abc54ed7111e9ed1,0.0019790762
ck_a60fe02fc04407a9,0.0297547331
ck_244b897bb4d57c1f,0.0065918955
ck_8c84fcde93a04334,0.1413090766
ck_9eea37d2de633b27,0.0046067989
ck_b2cb9e6610eca967,0.0082248060
ck_09aadb4c41b166f1,0.1141031651
ck_8d94fbb4828ef326,0.0048588422
ck_089e3a07abbe3b8f,0.0043186769
ck_dfee9de05e3971cf,0.0045248619
ck_6abf8302ce052451,0.0725224893
ck_6ffa90143838a4a2,0.0016804719
ck_325caeab5c7a9c3a,0.0208044992
ck_1964ee9db929a173,0.8062913059
ck_942b95988a6245a6,0.0392276815
ck_913ecdeeb8e21a9c,0.0042792742
ck_ecf9794349eb4b3b,0.0318409732
ck_b6cb8d6ae828eed1,0.0643128160
ck_2f82ea66c4f53b33,0.2279595744
ck_6e676daa4855b58f,0.1383252423
ck_2a37fef48b44e9c8,0.0158277224
ck_3bd12d468fdc2450,0.0049329172
ck_1a28b6a40a6bd3b4,0.0266003491
ck_61b79dec96d15713,0.0041538601
ck_31d5e3daced93d3c,0.0072175154
ck_e6c8611c0cf233d7,0.0044187043
ck_f04761b4a937ac3b,0.0197231486
ck_38c1c75cf055031b,0.0200177844
ck_59a561f3df01441a,0.0192714348
ck_04e40f556a5062ef,0.0037470669
ck_8409716d174635b6,0.0056827499
ck_3019afee83342701,0.0373444264
ck_b51a58e7f032c9a8,0.0140307771
ck_5043e474f848346d,0.0142109920
ck_4388abce33ecd01b,0.2107603610
ck_c93def7392f0aff5,0.0349669272
ck_72e7b1acc19df820,0.0054667734
ck_f253130dc3ca5b3c,0.0062814165
ck_eb264d1b180d4b4c,0.0335725231
ck_c2504f5a113433ee,0.0013129792
ck_c16ab1e4dafb4910,0.1980319651
ck_4bc42878fa180991,0.0474436320
ck_1c771a7c78f6622c,0.0391590886
ck_d523f0e50a2747ad,0.0022359883
ck_9060f4e7ab7a1b0c,0.0125382431
ck_6b55ec4e87a5e22c,0.0674847870
ck_55fc62a5f89a7251,0.0167546712
ck_bd2545c62f258231,0.0623590781
ck_1ccdc69d0bb712b4,0.0122669285
ck_710f867a3bd5898c,0.0048867303
ck_f91d48c40337d375,0.0029847077
ck_f76d929541ed41dd,0.0187498730
ck_e26a6659c237b650,0.0107748202
ck_184983177b73dea5,0.0095962832
ck_6d0d081bfa8a0022,0.0327990218
ck_2f6e64f638da0f97,0.0033467920
ck_15b93103ccd38609,0.0053096289
ck_094d10439b7b4eac,0.0034691125
ck_d2ca47180a926ba2,0.0090375243
ck_a69ca7b9d70972bb,0.0015156228
ck_68914e67343a7d32,0.0066786118
ck_8176616132458c0f,0.0096688662
ck_eee99af3598311b8,0.0165814198
ck_94410eedfca91304,0.0267661883
ck_cfb11a0a2325bff5,0.0020733819
ck_75217ee144b715f8,0.0264315035
ck_d56fc799542299b8,0.0018401462
ck_4c352dd3e7c81269,0.0160251788
ck_e23e50e02cb3904d,0.0511464386
ck_b921af37d500e139,0.0095720383
ck_82181b935360dcbc,0.9948342584
ck_22a7cf3b99c5e5fd,0.0321655380
ck_f67ee7910d532216,0.0372777567
ck_5f48762a14a0326f,0.0025846750
ck_1757fcb0e6e3f88e,0.1357343196
ck_2c2f080ba185016e,0.0349318048
ck_4c25570eb72711b8,0.0069139039
ck_a3be871ca22ac416,0.0125205647
ck_ab70961e7c6695b2,0.0072599619
ck_a1cdebfc42a52448,0.0031221730
ck_f1b80b821a20186d,0.0370153758
ck_ae668e4564cd2aa1,0.0036482592
ck_0e2bc3a5afa439d8,0.0419249125
ck_3dc378f37d0b74b8,0.0165579183
ck_9f9555197480d1cd,0.0159186034
ck_bf4e7d48770a4a8b,0.1002941749
ck_614ef655f0685060,0.0029152999
ck_04d2ea38ee27770f,0.0010422207
ck_e03a9d8ac94161d5,0.0034099688
ck_d4007b5b26d9d854,0.0018664272
ck_2dd147ce6d61749f,0.0247527134
ck_ff45764ea7d6619f,0.0252003687
ck_dbc487cb0a6c18da,0.9831741847
ck_791d5392bbd80447,0.0034576429
ck_b4068439c413b150,0.0231127664
ck_85df7b7de9700aba,0.0031519903
ck_001e42551cd06e40,0.0055051254
ck_a6c02ae50932cd9d,0.0053873575
ck_9fd0be2c018ff5e4,0.0264079879
ck_32a495128395fde5,0.0041465466
ck_b6f2a2fd232c141b,0.0190056305
ck_28dde633692904b0,0.0785750056
ck_a1a93c5f375f6021,0.0033526039
ck_e3982142336782df,0.0095851162
ck_a9812ff3c111ea94,0.0086474807
ck_f04062216f95fa00,0.0253068410
ck_7c560467daca735f,0.0003823598
ck_76ee10d6e2dba70f,0.0383963017
ck_3521243bdac61178,0.0043461276
ck_28588fb03b320520,0.0510675900
ck_580dcec33ec232b8,0.0033651051
ck_7109923fd7dab20a,0.0357984060
ck_7c872c99481c1e9e,0.0202815798
ck_46f4e1f5026f4d1b,0.0002249299
ck_00d1ebc31ec4653c,0.0706881139
ck_aac70764dde15168,0.0105191472
ck_648c03f9aa4e45f1,0.0240766739
ck_5478eb69ef912785,0.1198113965
ck_79b8523137bb2603,0.0712650658
ck_795c49f312640019,0.0005029008
ck_89184bf7b7fe41cd,0.2945883226
ck_97d4bd922996fa10,0.0124263178
ck_1cef30d08f3a598d,0.0017634161
ck_2f9fd36a4a40a6a8,0.0007781813
ck_40780fc0f8d6f309,0.0133659135
ck_9083ca9fec2a7f4c,0.0095433211
ck_62081bc35aa59931,0.0074100320
ck_2e1b46c5fc56b863,0.1319099497
ck_3d139692c51b604a,0.1043821474
ck_b5e54e22e3d6960a,0.0114285689
ck_c0c4be3f44311b04,0.0015622230
ck_82a8bdd2692c2a5e,0.0010130690
ck_bdd2da300b530c5a,0.0061242470
ck_ee40498cd97183d3,0.0050518198
ck_70b9274473bd6dfe,0.0012304150
ck_473d6314ea614b29,0.0064252962
ck_7443d6dca8cd1352,0.0017434841
ck_3b49768b448b071e,0.0312495944
ck_b43f04431c267dea,0.0015456707
ck_4424a5223ba2fe00,0.0287455189
ck_819bf3e8231f4081,0.0255639712
ck_91d417507a8c58cb,0.2023727746
ck_e88e86b19cada4aa,0.0301617753
ck_59684167f9c6bf4c,0.1560194489
ck_d5f5b0dc97b9dc27,0.0428707258
ck_13d1b192bbff8f32,0.0074492214
ck_b21d8630387cabce,0.0063122882
ck_e4ac22046699b99f,0.0097518610
ck_74b848064f2ff45d,0.0042586525
ck_166aa980cc87fa77,0.0397938472
ck_98e337806104dd88,0.0034488992
ck_66eb09be007f0755,0.0185526368
ck_3ec9b9d8dd7be11c,0.0309134273
ck_8b8b9de339d75d0b,0.0092250790
ck_6715139e240007d9,0.0026237429
ck_a0255ab46e122d2f,0.0020496792
ck_66e81a4190c33510,0.0195305436
ck_5d75ea4f5c9080bc,0.3101971025
ck_df69858b8a8b3165,0.0119699895
ck_e15252ebd7553422,0.0041869477
ck_34d6d74bb3ed11e5,0.0020784856
ck_c2608f78f6851d10,0.7443305766
ck_bb99071e8f58c8a4,0.4959743736
ck_06010f0df5b7cef8,0.1278505645
ck_8c582eb0f6c0148c,0.0064023525
ck_0034d010d28aea78,0.0081526190
ck_01c1f06692566ca1,0.0120857166
ck_4807726e797fb893,0.0568538068
ck_edc9668282e3c8cb,0.0120006242
ck_5486768475af7bb5,0.8292304805
ck_3fb9813849e51837,0.0109870399
ck_861af5a9a9a6d619,0.0028997881
ck_da39653add0f1109,0.0008853800
ck_74a4244eb1f162e4,0.0012698499
ck_9a930faade55b8ea,0.0009673776
ck_fb6e06ca88519dcd,0.0098228939
ck_9776cd8263a9f415,0.0115414592
ck_b3dd1198ac5aea73,0.0185516281
ck_b6675a04df1a4276,0.0012933777
ck_5c7ad6e731b69333,0.5158039224
ck_28dc0fdbaec00580,0.1530658675
ck_8e7a32f7e3905f4e,0.0208193090
ck_8563fed6674afc77,0.0160488578
ck_9a2fcccb82da663e,0.0095888783
ck_6a519bdac0d94527,0.0021731260
ck_a0dab7aa9c4a39a9,0.0047733705
ck_a3ce05e9e5e32142,0.0141772346
ck_7a7e40ee3f97c035,0.0274527388
ck_9e9a830785112a73,0.0471734476
ck_ab1bb02f6b189304,0.1322236761
ck_7b8cb0f90fbdc8c6,0.0086232065
ck_b138fc249e659e60,0.0194949121
ck_e73caa3771ec5e0f,0.0028869309
ck_18a55b06ccccd88b,0.0292049781
ck_fdcb1d9265d8fec1,0.0386695807
ck_e21a900556b382ad,0.0199068201
ck_c6bf67470f526771,0.0117606454
ck_b568ba3837afb39a,0.0006647613
ck_a2858979dd5645ef,0.0008549565
ck_1da9d40837ebaa57,0.0594336419
ck_9341c7959543c542,0.0017742130
ck_c8ad86806b9a2369,0.0653466918
ck_5c85d93ecfed4b0e,0.0045422663
ck_f07b09879d697b82,0.0058952100
ck_fe43da07608b1749,0.0176544979
ck_4bca22b5926b9c28,0.0016192589
ck_aba573aa942b1d41,0.0050805545
ck_57c14e32fa4683bf,0.0034281967
ck_891530b489ce402b,0.0037598272
ck_5e74fdadb93ff293,0.0529097634
ck_14436a409ebcc90f,0.0110106441
ck_00013fdfa0bd37dd,0.0146027685
ck_7dbe24ba01316775,0.0733683560
ck_0e3f80c1553c591b,0.0193007466
ck_3edc45db58760d76,0.0054683582
ck_29076a13f539187a,0.4245418400
ck_b1e81b58b9a545ce,0.0673557605
ck_3f8571d4f7420b2a,0.0258641264
ck_7dff6abe4bd644dd,0.8148874449
ck_2884bab237af16b7,0.0088790906
ck_231e6dd1fe708000,0.0076574602
ck_33ecaa7b892e73df,0.0109092302
ck_b109ec4c63503030,0.0063513987
ck_a7f522382509cef1,0.0043230413
ck_748b3ea941d8b3b9,0.0075584678
ck_29f3a1737a2d9634,0.0155155838
ck_cee8d42475a0f020,0.1286645913
ck_c6b6ebe145a8ffab,0.0069979312
ck_21c99e1d6b881894,0.0022141384
ck_5ad798286384484e,0.0086996270
ck_b621b6ffcc7f4848,0.0034859435
ck_ea819e337233475c,0.0890544120
ck_9e3896c2668ce06b,0.0323009769
ck_501dcf1ead036d2b,0.0084310848
ck_8d5eda29a2cffa3c,0.0167873833
ck_4d3aa36ff83f1132,0.4542208442
ck_8e9faf94e3e6c757,0.0009919471
ck_ce0ec41f96951048,0.0260202211
ck_f09165d73ee903b1,0.0119537389
ck_a432b1bf1d3b3d5e,0.2906682166
ck_ea618f720ff0b4b0,0.0018216353
ck_7584e7bd755cb28a,0.0219591967
ck_e14681aad43e1a72,0.0289348762
ck_5e18870d8e30e379,0.0139297253
ck_ff7c26a62bda8089,0.0013986703
ck_cc5a35175d381d5a,0.0070225761
ck_3c25029e40aa8a84,0.0037908442
ck_771247b5bc16c12a,0.0047270820
ck_664b5e02759f985a,0.0027382329
ck_692a9e8f504b9762,0.0008347282
ck_df8ad2deb0a4ffed,0.0137343683
ck_eb48c0bcd12ea654,0.0221541096
ck_7c77e597c951cdad,0.0169529367
ck_4f75144c6f3b13ad,0.0093194190
ck_1bcff399166d7c43,0.0065168141
ck_975c2aa3d4a8c51a,0.0099028273
ck_bc6f07b06aaa4ce3,0.1828542688
ck_80b072b7f3c7e8e5,0.0164267334
ck_471e4018a23b4e56,0.0111658264
ck_53cddfba570b4a3b,0.0099215816
ck_630530e50764f229,0.0060660422
ck_dcef7887a4f1e435,0.0410999908
ck_2795921a055643f6,0.0039703616
ck_7456df89f3792235,0.0023096890
ck_5014a3b07e1f049f,0.4675586878
ck_d4ec44760cbe03f4,0.0145852804
ck_96810ad39d4cb7b0,0.0231736656
ck_3222ea25aa29bfa6,0.0012916055
ck_f6c42001b84a10cb,0.0780727639
ck_5ac86682385c86b8,0.0037344554
ck_4280c33af57eb4f4,0.0011964828
ck_05f79ddd8eefaa56,0.0089141580
ck_3a57a13ce032a6fe,0.0020001021
ck_a721f0d635fad68a,0.0074551178
ck_a3f821bdf408c326,0.0024941822
ck_0ada63008be5685a,0.0318735404
ck_8c949bdc6e8720fa,0.0908553934
ck_c0d2c56f9c722e99,0.9786211070
ck_5d2b9e6e087b8dfc,0.9944823410
ck_5217b55593a332ca,0.1172014115
ck_7a7bb9be5a7e48ad,0.0076840986
ck_24cd0d779e866287,0.0014481247
ck_7367917891a63771,0.0392282436
ck_4b31a8862a857e6e,0.9352599122
ck_81429c4910ca46cd,0.0029785429
ck_b35d803568f82d9a,0.0362256841
ck_4b00e75c2d2d0522,0.0015672592
ck_77fced07f6dff42b,0.0144407132
ck_3c9a06eb07c300e4,0.0002663643
ck_b3867f7f494db64c,0.0010461386
ck_0c45e54897ab34e2,0.0586333100
ck_507a6a580ab55c76,0.0194859591
ck_291bffc7809f896a,0.0023951546
ck_3753cc5b9d02e2fd,0.0037396580
ck_4f63d5245b3ac1dd,0.0199361170
ck_9dfb2ae78659240a,0.0150229309
ck_90f6f5ced708aa75,0.0008666189
ck_8b5b5a6b5539e39b,0.8882843325
ck_4719112b55d20161,0.0356104896
ck_fec888a7108ca52d,0.9844562321
ck_4f5d022c99f118b7,0.0262195479
ck_e967ff05514b697b,0.0334745761
ck_839ce35819bfa4fc,0.0014420936
ck_bdee1221b9addff8,0.0020041369
ck_9cde4036d0914427,0.0140029232
ck_5ac959cbcc5e98f3,0.0021640737
ck_619842688294dabc,0.0025733507
ck_7373d7b04c7799bd,0.0214951058
ck_c1dd3feb9a0b6471,0.0235471690
ck_0324a4812ec319c6,0.0150590716
ck_7f3685aa2933b251,0.0443503243
ck_06aee5a62a67a84c,0.2164452241
ck_3428910b44b9d08f,0.0168681922
ck_c3ba7534cefc1de8,0.0117974638
ck_1f1273a67cbad5e5,0.3168782310
ck_124565a11b2f8bb8,0.0098789626
ck_38e46bc861e0165b,0.0254223774
ck_c8ad3f01319c065e,0.0267045234
ck_3f94a34f5038f7c1,0.4351101405
ck_cee56be5a502fbd1,0.0848584149
ck_2b90b76cf4d162f9,0.0109732200
ck_884b2e463ff1d54f,0.0086124039
ck_fab4f2f8531b4827,0.0337818474
ck_4fc6256e0e60a926,0.0165749349
ck_0a2f8b2f8a5b6f02,0.0059045771
ck_9c0deab8a8367c5e,0.0013042158
ck_d3a2a4c011fa2554,0.0005043388
ck_4108b4038f762817,0.1402998785
ck_4df036e2aa7e1056,0.0125748044
ck_ec094eb1cbb3efc5,0.0016888501
ck_09f8f51bfd2492c6,0.0083613685
ck_b60fb9a10d6f4489,0.0299903084
ck_3638bc3388dbc1bc,0.1254368115
ck_7a58e0cc9943c39a,0.0028552008
ck_37dab6a0a536ed49,0.0671021299
ck_adc576690df5b33b,0.0206176278
ck_1383b2b1875000f2,0.0095562079
ck_43c1248db37a2eb0,0.0054388771
ck_29c11bd68858e923,0.0011980841
ck_9401f9e11f65337d,0.0254450932
ck_ce5ed372b1a2ed6b,0.0290300545
ck_08b4619490e751a8,0.9393124247
ck_44b9125526acb05d,0.0094974919
ck_ef1a1de20d2124cb,0.0351603734
ck_e5e2624b7fc89774,0.0293969373
ck_f5100511609b92c0,0.0013928429
ck_64f3bb17101b7c42,0.0096893665
ck_ea1e5b5128ecba2c,0.0018283102
ck_516163fcf04d5e77,0.0218481290
ck_7f9a748110d70005,0.0034546074
ck_d263b55f0a681cce,0.0479160487
ck_0e962eacf98a813e,0.0052870169
ck_0406931800e0e2e6,0.0017764632
ck_0e9b982afc88a3a9,0.9961855570
ck_8bbb625384edebd7,0.0015209631
ck_5eaeb87bf6207406,0.9111298146
ck_cc3318839c4b0745,0.0022266600
ck_08a0355d1f1890ef,0.0069328759
ck_af7ffd1a822460d3,0.2399510142
ck_2a09c7aa870edb6b,0.0017279641
ck_bc04f51c23290bcc,0.0086201428
ck_d3a8333cb389f4c6,0.0136827010
ck_88e3dd3039508332,0.0319795529
ck_b8c7771de9b57705,0.0051977827
ck_585ababa02383b50,0.0072834696
ck_e988c108754cee9c,0.0026487633
ck_4a691892d9d6cf89,0.0055134539
ck_7cdce37d895eefb8,0.0057293053
ck_483fb981a1fb4317,0.0053288850
ck_c1e5182bd99e0e35,0.1811485386
ck_9a1e3ec9a1839939,0.0055605829
ck_5c3f13de0dbd5086,0.0148083757
ck_f4f6f0caaab70040,0.0023936448
ck_791be3378dd7d64c,0.0283777228
ck_956dd784525f5886,0.0214032849
ck_098167eaf124c279,0.0348824306
ck_33ecff7914349ebc,0.0068855404
ck_e05d44e46c7174e6,0.0089981712
ck_1b2ce474fa6582b4,0.0336443827
ck_ab581082e8f72e3d,0.0023877704
ck_e63256667aa19070,0.0400768206
ck_f568772b6cb3febe,0.0224299375
ck_dd89a282375bbab6,0.1222269474
ck_a39d0bca345b492d,0.0076194377
ck_d12d2924d0f7a64a,0.0027916857
ck_6a548da1728b5823,0.9675128316
ck_6d64193681d2a94f,0.0266616134
ck_ced6b6dcdc7c201a,0.0065275664
ck_d1b0699d26282871,0.0261861605
ck_58f757e40a9b8877,0.1361064195
ck_3272c2c4a37d5220,0.5424991966
ck_d94dfde9e03c9d1a,0.0232021309
ck_08a6d4903a7fbaca,0.0298362789
ck_6c72a36b05fa0f4c,0.0242989484
ck_dbb4bd4eda97255d,0.0059417113
ck_94b59bbc824b307a,0.0008849844
ck_0229a07185f15469,0.0083760980
ck_11bf1039f8b3025b,0.0038797424
ck_36789ca11459131e,0.0260761140
ck_8572c5f5c1447c62,0.0383551641
ck_9e75c6641939f4fc,0.0486877001
ck_b45e47c39d4dc7bf,0.0165773623
ck_02903c48b6cfd65d,0.0023010076
ck_b153386f1729de81,0.0060769260
ck_36979996f33498f7,0.2828073887
ck_3c02d4dbbf6716b6,0.0174555403
ck_66c9a19963957531,0.0286756025
ck_bae8dae7cfd8baba,0.0012561146
ck_bba0ccc6cd968680,0.0414700919
ck_3267fe3aac05c71e,0.0116021367
ck_40052cac10562cde,0.0074248511
ck_d973444855403e2a,0.0065945002
ck_012519bb095ad36b,0.9940994821
ck_ad7c256ea10c4a00,0.1239846261
ck_70a60e095e9b706f,0.0023543418
ck_f2734417c0db4ee3,0.0020945879
ck_9cb89cc3178e0172,0.0050887960
ck_779cc0f2de4d5488,0.0881125039
ck_35f8656bf93e3b3d,0.0052671294
ck_bdd8eba728800e29,0.0243620433
ck_002cf760d173f0f8,0.0178075603
ck_b046067c6ca3831e,0.0029283407
ck_a4a42d4bff8af645,0.0012813443
ck_bce253d2396681a1,0.0072319937
ck_00dafc060c8de32a,0.0269084443
ck_968a99e097ee78c9,0.0270362320
ck_66949171b387bb93,0.0166416526
ck_ad305286702b1958,0.0011238277
ck_4732da7e0d2dfc7c,0.0027694579
ck_17a95bba77217d85,0.0167206401
ck_3e2516a3e35067e0,0.0047231245
ck_0b615ed566da1f58,0.0205378501
ck_d2b3ce1ebabe9f93,0.0240562107
ck_a892252e4e0c2828,0.0071522967
ck_cf606fd6ebfdf9bc,0.0024274351
ck_718865237134ebe8,0.0046433726
ck_878522cb775b904c,0.1289973215
ck_9ed53de6ef779ae0,0.0032499832
ck_3f16e2cd7e6874cc,0.0187289675
ck_3c59df37895ead2d,0.0041169579
ck_6821459b626d492c,0.0008430949
ck_11c7667920541587,0.0088609318
ck_23a016cf6b98d89c,0.0218264488
ck_7137eeb394d200f1,0.0584756672
ck_9c4886c5c90ddbdc,0.0041198569
ck_1422a7bf7756294d,0.8786656375
ck_7ebc5fa7f0d3b8f2,0.0190543547
ck_fcc2059a8d5c41fa,0.0746174997
ck_00ff7389d6a83e29,0.1268949149
ck_03129b41457795d2,0.0113949038
ck_38ba64efa7c38250,0.0266938542
ck_57a6b56b09bff24e,0.0077903228
ck_e3b3c5a80a567418,0.0028253131
ck_fc40a16adfced018,0.0048362216
ck_9d4b5e6b43bad4d8,0.0038126865
ck_61129937ee466b49,0.0366890603
ck_74112e47b8629c2a,0.0459791027
ck_b4703ee97f94d7fb,0.0011274251
ck_e560f720a988d8a2,0.6088091885
ck_708fea345f68037e,0.0004555711
ck_25394c1b83e0b803,0.0289787184
ck_17ab24fe914ae44b,0.0011694737
ck_16c501470d9bb006,0.0022899775
ck_628f449e248c19b7,0.0310150623
ck_6d64190623dea714,0.0036385119
ck_504a45ee08db72b6,0.0073828171
ck_6cbb011e0c70bc7c,0.0054500848
ck_b3225a98acd04f83,0.0043557534
ck_aa37993f1c17cd1e,0.0460729312
ck_558cfe5f77a55a9d,0.0072255810
ck_0d0a1a021efea5b6,0.0311608618
ck_daf7aea023b7a8f6,0.0081198237
ck_d75f25184ece2b51,0.0011495438
ck_466d4b5366c50b98,0.0020881095
ck_88f27ab479063852,0.0585217796
ck_66779098e78c1760,0.0015154787
ck_b150fe4efb449b05,0.0026625003
ck_9c3aa9f23d01fa1c,0.0034409646
ck_6a01c375fc26705a,0.0022173254
ck_002eb6552b504ea1,0.0168362606
ck_affa5aa0bff9bb0c,0.0149845943
ck_027614eeba8b1a4b,0.0063730302
ck_67e075c982add719,0.0070090024
ck_399b0d510be98bd2,0.0220193402
ck_e9b0bca7368555ef,0.0038135676
ck_59c29d9c57b4f994,0.0022557004
ck_37176850ed68831e,0.0039676878
ck_a0db4ccca08030c3,0.8829167485
ck_aa188e5c25f7f42a,0.0298846656
ck_7de6997178207800,0.0014493768
ck_c729d19053387be9,0.0476828503
ck_f2d3e3d90608596d,0.3176168829
ck_2db3fb565e0211ee,0.0007957105
ck_bed8a480e27e911e,0.0218860830
ck_d7ad9921a4d25926,0.0197601358
ck_2a59f23fc5194699,0.0754344764
ck_63601a58a6120d8a,0.0217448585
ck_efd7b9e22c6317d6,0.0138559076
ck_9ab42875a0f95b43,0.0551611669
ck_85cb5033fca7c846,0.0348175636
ck_5249b223000915ec,0.0325143216
ck_3efb0e9bf25612c7,0.0082712269
ck_678e74532ac19700,0.0092180740
ck_a980b296c95153f9,0.0073209652
ck_01ac687ce0d696a7,0.0108498308
ck_52e1418cf1aa9871,0.0196717039
ck_7d28da4f1dab09ee,0.0741609220
ck_010d0c2e6c1657fd,0.0445900386
ck_b524f7a2e752b9d0,0.0061981454
ck_cc447fcc24a0772b,0.9432536089
ck_2cb3c99845e572da,0.0038861796
ck_604c710141327a81,0.0029835769
ck_8d5fa65717d2e0c6,0.0290123220
ck_31199510b40602a1,0.0069115111
ck_49e253ea12f4e922,0.0347799092
ck_780738e0d71e7e43,0.0076763997
ck_2cd21137a07fdd7d,0.0073065626
ck_5e021f2a3b66e256,0.0381818535
ck_efbc79246e32c66a,0.0233858849
ck_9951bd806c13c7fd,0.0328377177
ck_7a52674e2806d8f5,0.0420030898
ck_1a319e509f1efa1a,0.0022381741
ck_c920901b9a4ba993,0.8136291640
ck_b71279e807d0b3a7,0.0071660297
ck_47e1032f490bb018,0.0115216279
ck_192579ecdca7ff83,0.0141509016
ck_b1496c474c4a3239,0.0050424987
ck_5e68ea2c5e893cf0,0.0789057607
ck_f2ecab85d4693b4e,0.0010601949
ck_89d7bfc81c3df597,0.0044096252
ck_7929284327667791,0.0940288112
ck_494ec63c5ce8e150,0.0051501276
ck_319b059bb2145586,0.0552619674
ck_ccb3767c239018c1,0.0032173747
ck_a1c7adfe26e09a8c,0.0226660669
ck_0e13c4f73818149b,0.0088719528
ck_c285a51ed6214f52,0.0671439924
ck_916784595f028226,0.0248409644
ck_6cd8e0196365c474,0.0049921343
ck_57b657aba4daffde,0.0311135919
ck_562c76a3753fc7da,0.7003938179
ck_66cfc1ebc9a513c8,0.0017645636
ck_0f38d4aed68d7d24,0.0162789577
ck_d8ddf5e99f7859e4,0.0075743854
ck_41bc3efa0fca700e,0.0437682684
ck_40799e129fcf42c5,0.1208667282
ck_786f079389126e44,0.0216625644
ck_bb4c6b713eb0b978,0.0318034206
ck_4f01f7eac0efaba5,0.0047401113
ck_47d29c01b20cf69f,0.0394276377
ck_bf15a1f8d67a30d3,0.0190141692
ck_bfecad7586f65e4d,0.0259358572
ck_fc9f16df35190eb4,0.1555421017
ck_c09c914e416edd08,0.0138004398
ck_c54c5d8e4433b0f2,0.0022026040
ck_1694c28f44480e98,0.0156175836
ck_1dcaa3078dbb7571,0.0006270487
ck_af559f990c640e41,0.0059841187
ck_9b436162039a77d0,0.0291465706
ck_79d62ef181bd0cd8,0.0111290449
ck_23caafc2cd34242c,0.0098067443
ck_ffe2aa26f597e552,0.0076251836
ck_e6ffd0754ac08661,0.0026594072
ck_beaacb4a783db21f,0.0029128818
ck_9863bff41d24ce9b,0.0066941633
ck_323b9cc5c49f8ea0,0.8802729213
ck_ab3de3d3e41c2082,0.0067309898
ck_35c93b2924900376,0.0043339215
ck_5a9d5f9901e37e31,0.0181135989
ck_782b0be796164335,0.0053364539
ck_11960b5f1c7a5e2c,0.0032353372
ck_9a66cb13a9884cc2,0.0138116041
ck_ba666a425930615a,0.0007818774
ck_40140bef4db73741,0.0075797709
ck_e05e91cc180063d4,0.0560964147
ck_c7f6f45710bc050f,0.0031058071
ck_055fb9f2e1c8c934,0.0309293687
ck_58bb02d98e2b9cd5,0.0357266786
ck_d9f8efa6a7800f76,0.0143607726
ck_69691226c68fd50b,0.4009708217
ck_6f2f0396e5b1c538,0.9776341955
ck_78bc3f1d0f35ea6c,0.0140295302
ck_2d5a6b6636a2596b,0.0047032841
ck_7878545739af0a73,0.0016659451
ck_03c4fa4f3ed3512e,0.0019423737
ck_1a9e51d092d62c84,0.2781672697
ck_9f3861940d8d873c,0.1884614583
ck_4684fdd61c6a0fac,0.0103965557
ck_715966f86d5c913d,0.0030657149
ck_77f293d44b4a3d2e,0.0165873979
ck_24dae044dc05f849,0.0154346515
ck_00b9818e2064405e,0.1879811504
ck_c1c2cb49c3c1b0f5,0.1376723988
ck_bed50fc64fbbf8ec,0.0175513667
ck_4f6ed5ea5ab7c429,0.0198166943
ck_458531c22ec2f9b3,0.0067620355
ck_51c50c4c443df31a,0.3329050437
ck_732d45bd578dc39d,0.0102086390
ck_783fe5bc20cd02db,0.0238069847
ck_7f188aaa63d1d442,0.0163190288
ck_ef307a6aee38d1fe,0.7702215586
ck_e37196b20968b73c,0.0197632196
ck_4ef9de711c3d93b1,0.0292621939
ck_17946516d5df71d7,0.0064068457
ck_3534be0f4efd313c,0.0199184080
ck_29fbabf855cabdff,0.0017421736
ck_191673540d8486af,0.0280012661
ck_5f52728d777ff2c5,0.0233471932
ck_a045a19369016818,0.9930883530
ck_4eadbe7298b15e96,0.0130658334
ck_a3a0bd59729fe619,0.0062296261
ck_a1e77090b1c6ccf4,0.0088207373
ck_69ab9d4784eb77bd,0.0185954085
ck_baa47383ffd50f04,0.0097518514
ck_e35b2ed08b9e55a7,0.0091212376
ck_b6e3af0a5119d9a0,0.0233340227
ck_a7c1dabf3869772f,0.0541555594
ck_80b8fca67a14e0be,0.3706303159
ck_dd9c5f0c42878e67,0.0010617241
ck_41ef7967faf5ce82,0.0003654926
ck_a93560aa348d6225,0.0472570574
ck_ffe91d6f0bd93fc6,0.0435667954
ck_fbf630c960194033,0.0269432796
ck_497ed60723283c0b,0.0148095381
ck_2a46b7ca55239413,0.0082267933
ck_1a4e5ace078dd782,0.0207288933
ck_616cc31910f5de50,0.0033137496
ck_0d65bc749eb42710,0.0226697668
ck_2408db62e4395ccd,0.0103614173
ck_5d7721930106dce8,0.0180526132
ck_e8a6acea22b20312,0.2019035926
ck_e2f792fae128b18e,0.0843046540
ck_e6d3ce445b86003f,0.0054781224
ck_263334d722ecbc97,0.6701512898
ck_8c5b29f6666d4874,0.0175473315
ck_7ea0bf310fc20c7b,0.8289905235
ck_54d463f7fd89ec3d,0.0361442987
ck_79e45040dbdd6447,0.0533913179
ck_60b4d59953505682,0.7941715807
ck_fb00dd5021642507,0.0076294111
ck_f409ff994a210601,0.0264416381
ck_2ca0020038bfec58,0.2361776818
ck_adf84b9df54c3d80,0.0438755837
ck_942dbf632591b65d,0.0250491135
ck_454a7e4d859a3409,0.0004651323
ck_2139062d4569aa07,0.0054576963
ck_e949a0f4df0b3902,0.2696298241
ck_bb113e3e6716ed65,0.0131574450
ck_6a28ea6ce69cb869,0.0611626680
ck_7df9910af2bba21b,0.0018719443
ck_78aa4b731cbfe251,0.0038830969
ck_5839f5cbd8165b1e,0.0214234624
ck_7158ad9e58769ffa,0.0481617959
ck_acee218cbe61df69,0.0257650411
ck_f8dc8473c2772729,0.0556957372
ck_f34c93a8173555b1,0.0449272245
ck_7cf301d075e4e709,0.0203551316
ck_b87e88ee5512ea17,0.0013467701
ck_bed0c020b10afa3b,0.0138272232
ck_ca10102961f99eb4,0.0030995673
ck_393287947b5c8d79,0.0174414528
ck_2fe6cac002142f67,0.0308842827
ck_79c7f0d29b1db1cd,0.0895726714
ck_c735b643d3cbf67b,0.0055074539
ck_ea4332c8fe48e2a3,0.0092513754
ck_d39864119cdd460f,0.0127667698
ck_3b963d6be2773861,0.0051025953
ck_df39e3b8a9fd0bfd,0.7852590694
ck_6236a461dc0d11a3,0.0067912194
ck_475ebccca25e30d1,0.0040248891
ck_c10c8bcf5bcd516e,0.1903694416
ck_49ccc3716a564256,0.0022112550
ck_4e4f99102f6938cf,0.0094562377
ck_a97b481ade6f7972,0.0367452372
ck_3fa559c679751b3a,0.0175734585
ck_3eba1fd2c7acc4c0,0.2996604363
ck_18c179b4afc4fccc,0.0198944846
ck_cc1c0b93d05b7d20,0.0523207779
ck_742f7c28ddd019e8,0.0242932678
ck_04470bc93b8a0d71,0.0131443567
ck_6e8f8ef7a03cc6bf,0.0089490245
ck_eb1ddfc353b4da83,0.0055827138
ck_98831b57c7ca2e4f,0.0009749129
ck_a6c7b8d6e8596d4f,0.0836014303
ck_cd7d24e3b095e96e,0.0787324229
ck_3f5ae4673a9f858e,0.0114755204
ck_05f375fc8ae0afb0,0.0126600508
ck_1fc98436281ee39e,0.0009088785
ck_6c48c58678f64bae,0.0010851581
ck_8c95aeec6a4c75b0,0.0070550584
ck_364cde38958b7af3,0.2314965054
ck_85bf21aa1a00452f,0.0053576657
ck_796d3eaabc667c23,0.9966151262
ck_ac449ee0c315edde,0.0012661478
ck_6f9fd15ac6b163de,0.0029638295
ck_4087065be2a45ad7,0.2396880907
ck_ecf006bbc78ee3eb,0.1528125358
ck_8ca808cc5a49cb5c,0.0143768241
ck_94b90ab8b2dfb50f,0.0222511378
ck_59fd11b3232de9dc,0.8889707651
ck_67f3794d93e2dd67,0.1149001089
ck_b7f5acf5df1bb13e,0.0113960075
ck_fb04ecbaebb774bd,0.0062817132
ck_68ef3e7301c621b7,0.0151292230
ck_41406cfa209b6bda,0.0011999777
ck_b0f8f5408662337b,0.0012483681
ck_0d2901bfe585c391,0.0491616989
ck_3398551e81dbf3db,0.0911084006
ck_61c3e3e277629646,0.0121254690
ck_2825e34dd3e7ea2a,0.0049037610
ck_20d7571ba830009d,0.0130933332
ck_c98b16f9a72a6568,0.0005137192
ck_e7c8a9e4641eb9ed,0.0009641170
ck_254a7c97c36dab8d,0.0206360552
ck_e98429675b46272b,0.0034934606
ck_c2fc0ac460786d02,0.1085236664
ck_fba15647b3a140d9,0.0090862002
ck_15ce50f2704227be,0.0139581391
ck_8c748aaa4a4554f9,0.0225053332
ck_e00e82a9419ff086,0.0266804761
ck_832341c98254bd84,0.0076482540
ck_27466468d06db4eb,0.0419462959
ck_9d7b9e3ff1f3e71e,0.0075554036
ck_42c6973d3a6fe983,0.0009318111
ck_877c85bad118bc62,0.0448459390
ck_75d2a2715259c4d7,0.0340359726
ck_37d3e5c681a2214d,0.1813401974
ck_bf285dd49f372de4,0.0253531257
ck_a5bdd026fa9c50fd,0.0085704419
ck_88d9244a9cf7a77e,0.7231251839
ck_5881b174e49b04ee,0.0025768899
ck_5b16d67c5ea89930,0.0084814987
ck_b75b936aafac56b9,0.0048424229
ck_aed2681e1646a0df,0.0824372468
ck_f63cb5e8cc702bad,0.0049735563
ck_1805fcfc4a9e4ffa,0.9636265871
ck_25c355da356c730d,0.0203981719
ck_70396398e4a96449,0.0031870831
ck_0f743bd13373748e,0.0231186239
ck_4b387765f0e916cd,0.0011906422
ck_e971faae8a10a260,0.0021435366
ck_9eb08369e983abfa,0.0049698451
ck_c30c5844512e429f,0.0301689957
ck_59e77e3a81f1fa0d,0.0257655603
ck_ca4465f2b5c1a52e,0.9759999892
ck_c89b9ca398402f1e,0.0038491956
ck_36e72ef9273e7a95,0.0072302193
ck_2bdd8616870e5e1c,0.0003128003
ck_216e87a41de22b5d,0.1082198978
ck_60f4fb44f5efe3a0,0.0029853540
ck_05652e8ace6ce6cb,0.0010222814
ck_8c136dc691e65695,0.0003691212
ck_a08f8dfadbdca112,0.0040793816
ck_bda4041a3e90d860,0.0131838460
ck_15dd3ecaa8ce0245,0.6869074762
ck_3e3c64b3b7876ce6,0.0275225853
ck_46225858a38b2e57,0.0061787990
ck_0cb9f54928f4feee,0.0056728148
ck_152671fbf8a9a78e,0.0501676841
ck_ee7a515e87d17d4e,0.0096518186
ck_f7276091bf513d22,0.0387521559
ck_4f05daf1cf0d5755,0.0017224628
ck_83a69c4a5d55ef19,0.0102987188
ck_c50fed2a7c9198c0,0.0193403817
ck_70d19d5650ddc8f5,0.0063298944
ck_4b4d99e443618904,0.0166151973
ck_dca0b6ca93311ca2,0.0133471113
ck_b7431d4706461ec6,0.0063197889
ck_7b59d22cadef3b05,0.2871014530
ck_53428573abcd606f,0.0363650981
ck_f538ab6aecf2adfd,0.0011643456
ck_d321249fb065d2fa,0.0208738656
ck_72fdfc7e6d8e1436,0.0015290169
ck_b52b99dad89ecdfb,0.0235995154
ck_d2d4282f9d256b3e,0.0058149557
ck_c8f2a1dd8a6141a4,0.0034121882
ck_8d38747058d0aeea,0.5640896417
ck_3ac528caac74f563,0.0062239329
ck_8dbaaa00ad829ca9,0.0319669923
ck_7c38ec898f0fc21d,0.0043008001
ck_8171ef803f5ff604,0.0119937317
ck_01a750db6fc1168a,0.1223580236
ck_ceb017baa26e98c8,0.0420140876
ck_e2c66c72cc0b0f78,0.0972432957
ck_8d9518f64b222416,0.0064891094
ck_804c5a1fa5753617,0.0184119871
ck_fca7cc9c42695453,0.0027743945
ck_3a632cdf2c19051b,0.0117752280
ck_b2b63ea65edf1dde,0.0598699700
ck_27b07021500ee841,0.0409513408
ck_9724718fe64c6557,0.9695673024
ck_2786cbc3e75ec034,0.0828751507
ck_d9c2622cb6df380b,0.0132134371
ck_ae1da8ee98e402a4,0.0158130933
ck_62967b91504149f9,0.0060937259
ck_6b255bf68709109a,0.0054637055
ck_c55afc68421d85e2,0.0135419764
ck_7c7266f6ef2a8466,0.0142514892
ck_885cf685a9541190,0.8441272684
ck_1a4bb7d3d2ee3227,0.0109179981
ck_b4911c42f3bff740,0.0011673550
ck_66f9f78d4c6a3edb,0.0191355557
ck_49bdba9ee1899dfe,0.0250674342
ck_79b235d51718435d,0.0135785007
ck_d840db8cfe2ef6f1,0.0013199501
ck_610c7bcc1cd7ecb0,0.0119347703
ck_cf49b6544aff6c50,0.4155448888
ck_de05f97c3d40dd1b,0.0383421845
ck_0302f67d75973dce,0.0111811350
ck_54c2604c9ca6256b,0.0089690955
ck_a1c88c0568f142d0,0.1269613518
ck_5d72ff6cc2963d1a,0.0028154667
ck_0446920a1004c596,0.0018011247
ck_71044c29ef071570,0.0075949943
ck_2122e9bb1afffef7,0.0056561265
ck_d1e3de178601d3c2,0.0105160872
ck_bec8324a3587ef04,0.0025840725
ck_b616b6f45225f319,0.1055353923
ck_ce1e695884511479,0.0337188881
ck_a662b4bf900781e4,0.0003282386
ck_b5a84c5547378c10,0.0027450434
ck_f80af368cfc6cb7e,0.0139769649
ck_da3526ab6c5c884a,0.0087606056
ck_bd20be9a3392d79b,0.0038155895
ck_b8266dcd90cbfa62,0.0033119374
ck_ac84b33304362c06,0.0132512891
ck_794d8935a895e33f,0.0198952340
ck_8fea7d915259f1be,0.0102215581
ck_7a1519ad5ff45312,0.0011703843
ck_9bf3ce30b65f75c7,0.0360223999
ck_5f864d72d1eead99,0.1312373665
ck_3c48e0cfc2a58041,0.5379747628
ck_d902183f80cc81fa,0.0228668879
ck_539cb0d117db8cd3,0.1561849672
ck_28f530aec8e77130,0.0361423498
ck_e7d903c50d353361,0.0169635907
ck_d288b77d1e227970,0.0276282571
ck_017208fcc01b5d40,0.0118588629
ck_7e3923d278a5106e,0.0115986635
ck_9700a00ff9e66216,0.0769647911
ck_5c36c78b7a4d138c,0.0147698873
ck_c457e9c9224b773d,0.0216054167
ck_1dfa91405d7e66bc,0.0050278295
ck_f1d8a2695a575e56,0.0107267346
ck_3b92a46daf8d00d2,0.0139857988
ck_aab23b5470469649,0.0056546411
ck_ecdd01a391610d99,0.0089352204
ck_abd3aa292f8edb4d,0.0441739966
ck_7fc9a0776e1339e3,0.0015625345
ck_c0389ebeb0e65cb8,0.0007153093
ck_48d0fc4f6a2109fa,0.9859281775
ck_571dee4f3336c7ce,0.0285237127
ck_4cedf26628c84f26,0.0242934595
ck_63356762d24aab81,0.0181089019
ck_2c5bc11bb7ae5d2c,0.9211071997
ck_6d26a152f900fee8,0.0033075920
ck_c972b0e781efed3b,0.0017856517
ck_fa0ecbcf9a33d6ce,0.0044723349
ck_fa3a766e49dc77ae,0.0069396155
ck_7baf1e55db0dc558,0.0237766042
ck_e8bc49e6494c1f37,0.0022863169
ck_8ef1d05cc1e53e7e,0.0233898002
ck_cef2a485a77e0723,0.0023915000
ck_228a583f23abff48,0.0238227457
ck_ac32c6e374782b27,0.0861502533
ck_b9485218cef413f0,0.0035400243
ck_7f15503048915d6f,0.0038253491
ck_b62f5144db15ad34,0.0170686196
ck_917d82c552f95a23,0.0087290110
ck_fb4797045077bc6d,0.0027178048
ck_2cf8a44e041217de,0.0283123041
ck_b7dd681eb3d2ee38,0.0019572902
ck_e9e8cacd2fa35e79,0.0234014092
ck_342a79f91de5d1fa,0.0238440690
ck_2c91f62c05685ed7,0.0047238656
ck_e30cb64302939f38,0.0329338702
ck_d0e95b90ba86da10,0.0117229513
ck_1774faf414a5d49d,0.8013056706
ck_2401e8ff89e574fd,0.8775954247
ck_0cd8802264e0a1ef,0.0104054493
ck_da84a0dfe947fd3c,0.0057620357
ck_c8affb27ba7fb5db,0.0625580665
ck_bc7ece8787ca7200,0.0068202932
ck_469a0578d05990c2,0.0055143169
ck_eef67f8dea702338,0.0697638032
ck_4f490e379e9ded9a,0.0023793147
ck_354379de065a8ff8,0.0031337143
ck_5db1cb368bc41ac3,0.0255348192
ck_9b1c3742dd6fcb8b,0.0176125423
ck_63ce4f44c92d7143,0.0472729142
ck_e15e3390f5ed45f3,0.0205154770
ck_da645ea91d66aa6f,0.1935813452
ck_834ca727df855f07,0.0728740075
ck_e1d5ad20c737c745,0.0478192017
ck_ff8059ae5fa5f1ee,0.0002806559
ck_8bb9e75393954a1f,0.0015541285
ck_4e1757d1347ab387,0.9759111981
ck_af3f74b1d75a5d95,0.0107915160
ck_6b1ab0742ff04c3e,0.0256256406
ck_f56073911c9f1ab7,0.0020863180
ck_51bd5f69b4fe0b92,0.4685351667
ck_fc3d95030b81f416,0.0010159640
ck_cf78169633a1600f,0.0038046353
ck_ad7269eaa65c67f9,0.0054736726
ck_cc6d33890d47a6cf,0.0261715521
ck_bc8f31f4a2ffa1ae,0.0014284335
ck_720776a46e56dfa8,0.0128006408
ck_e2d1f212f259539b,0.0100066119
ck_eaf6f7082c3db2bf,0.0495119843
ck_773efe58c6278c3c,0.0255662900
ck_c4a72c09f2fdacc4,0.0090416680
ck_8982888dd6611143,0.0028792659
ck_9d5049e195eda029,0.0237628382
ck_de58ef6f9fe2b546,0.0097685522
ck_c0b50c11e4f5adf7,0.0309156556
ck_ddaf228487858bb8,0.0392014564
ck_eb2323215ff70362,0.0245086550
ck_168c96a1a636ea15,0.0140148436
ck_9c46711b14d9eebc,0.0041508508
ck_de8af660806b97b5,0.0029260199
ck_6ab83f45bf16eaa6,0.0032044864
ck_bf2228a052815840,0.0033042485
ck_3f943f20a9da9bff,0.0114102580
ck_3baae40454c00938,0.0063604666
ck_bc2e771a1d8d2dee,0.0457501932
ck_e55f5ca37f30ce8c,0.0120336925
ck_4ad5937bef176d89,0.0020037406
ck_126531a9126c17c4,0.0018515822
ck_7ec423cb56257516,0.0040158881
ck_54748ae0f2daaf10,0.0192741471
ck_ff24776280ceeeed,0.0125357629
ck_3c3a1a1365741bba,0.0039869883
ck_615277c8a4e2b18b,0.0047939203
ck_a96aaef34173aee6,0.0761149550
ck_bea56db7f3e930e8,0.0018791256
ck_ca491debd3b32a59,0.0237110672
ck_d9ea77f4114a389c,0.0183546035
ck_322ffda3332d08a2,0.0280462645
ck_c40ffefe4e30b001,0.0577698345
ck_3b1d7648d4580bef,0.0070930349
ck_23981a3261674131,0.0093725593
ck_11667f5b9fac7bc7,0.0006624016
ck_646bb3c7be5f0817,0.0204125074
ck_ebd0a45712dcf07a,0.0054455190
ck_baf43bf1bd963f9f,0.0449634216
ck_e0ca2c819658f6b6,0.9720132847
ck_f0d6633d0834fff5,0.0106418878
ck_91081be0254878a5,0.0152778024
ck_1325000bc7f35b5e,0.0010385520
ck_c624b9063400fa3a,0.1109090514
ck_0ad6fa0e23c3bd0a,0.1024325531
ck_6ddb55b1f23c6cb1,0.0130248426
ck_dce1fb3acd65562f,0.0024830745
ck_a9aa389688ee5aea,0.0137320774
ck_5c5284c45d9ad8bf,0.0475077242
ck_9ce743dd3e92549c,0.0301304117
ck_8342e08cc2f9bcb7,0.0085298263
ck_25e551a0a8d2fcc2,0.0873843384
ck_d4fd0e438c97e0c7,0.0447433873
ck_ac7fe1c344190c50,0.0086515170
ck_ddd65711b5651f89,0.0014982752
ck_ec7406cb5cbc8f10,0.0007599324
ck_1c65e8d5be3b9c60,0.2548685832
ck_38ee42f15a573e81,0.0191776563
ck_0e5385c70c6de025,0.0027500599
ck_d3137f0f7629040b,0.0106983365
ck_9129c92c12e0c8b4,0.0020621058
ck_c86520a00e50a926,0.0669264819
ck_87f82b2b5fee757a,0.0092495390
ck_643abfbd7548d0c9,0.0301275231
ck_be51f4e5e6b85768,0.1037977418
ck_132c16312f37810f,0.0016443922
ck_c78c096ca8cb33ac,0.0006887871
ck_2ce5afbc014763b8,0.0080547467
ck_50ed8f4e7ae6710f,0.0080687596
ck_5a4eb535c9a11993,0.0080717526
ck_9b665ef46d785324,0.0068642976
ck_e066f71f8b296b7a,0.0038104915
ck_560bc6017870ab06,0.0039981997
ck_fd78f8a8663646d7,0.0120359173
ck_4af5ec61ddbde1a4,0.0112565568
ck_c2ed04a9d218410b,0.0020423064
ck_2455d43bbdd2bb69,0.0063896952
ck_56eed7041add49a1,0.2018989468
ck_5f0be7b468a72333,0.0056177261
ck_19660cec756632ca,0.0118067983
ck_fb90408f4892a21f,0.0044815460
ck_833a65b86a5d9bda,0.0014093600
ck_2ac36e1dff211d38,0.0132441268
ck_c00e70606904539a,0.0026849898
ck_ba8affe4b9505a95,0.4363131301
ck_0c3dd22587b08018,0.0062726488
ck_618c4e5cfae99dcd,0.0516767766
ck_c9690baddfc4177e,0.0004106379
ck_59fae092fb0c4aa3,0.0105232995
ck_e03b7d0fa0b28f4b,0.0087151947
ck_d451d24c780b5884,0.0098596510
ck_e980d325b8dbb8dd,0.0009878503
ck_cff18e2d8c520272,0.0028898904
ck_a0e46b67e986ab56,0.0104261871
ck_3a469039a5b9d963,0.0065717450
ck_12cbb211ebd2b437,0.0648642089
ck_b8cdd6d6dccc4554,0.0008943343
ck_794ba5921cef50c9,0.0349359108
ck_2c7667f64edec2b5,0.0041337117
ck_7262b4e0c29c942d,0.0039561621
ck_5d818522cbfe2a54,0.0468566883
ck_de39c1947fb675ee,0.0324578707
ck_c021495606b4735e,0.0035936655
ck_1fc03ba33edd9e67,0.0233507294
ck_a6fe344bbf67f14b,0.0172065791
ck_963762210edc5694,0.0210450309
ck_d064428b7e7dc409,0.0089820806
ck_59be61b53d971611,0.0047955713
ck_ec8738ec663cd2eb,0.0051302549
ck_59d086fab5998646,0.0099859624
ck_bd32dd3b2cbb7888,0.9912191756
ck_ce0166addb93bbad,0.0015547658
ck_7c0fdfbb447cdc04,0.0257905877
ck_cb1bd7635968ed8c,0.0877032387
ck_66f94903177f20eb,0.0075680817
ck_1d7cd5dcbcdafd7b,0.2099975229
ck_5e418a7c04437b4a,0.0258459071
ck_631ea1ae91ab333e,0.0125893444
ck_0a8029e79a5ae7ce,0.0253989365
ck_c4cca8278bdad9b9,0.0006088500
ck_4dec3df58077a257,0.1039453604
ck_609c249edd88c565,0.0047382825
ck_02e5f9cbbbf2f078,0.0476407046
ck_32e486859130458f,0.4967502078
ck_21ed2ea6386c5a07,0.0014306306
ck_1242aa4496576a99,0.0090469407
ck_475ea9aa6d3898b7,0.0537891178
ck_fe1b1adae3be70a6,0.6223330740
ck_c5414d7a8031d4f5,0.0032799049
ck_ca1f6f01868e978f,0.0403356568
ck_5eff0208c74ec714,0.0162523835
ck_a315c9619a317609,0.0236749897
ck_2b87683c90acb852,0.0202181100
ck_7cd9f39c50748ed0,0.0105398513
ck_16a06d58d71935bc,0.1796068670
ck_d116e0e7c19b878e,0.9180438790
ck_931510e384b1d0cb,0.0025599274
ck_e7651fb87bb24132,0.0160437468
ck_88ef9f85948e1a01,0.0006558676
ck_17bf38d51115a8f3,0.0020837141
ck_2659d1d3762a2825,0.0151116108
ck_a7285955e2852686,0.0357380200
ck_f2c33d5b65b321db,0.0207063914
ck_83e5979334345622,0.0118923270
ck_629537d8b4d0f395,0.0096362391
ck_72022008a92c9386,0.0225755823
ck_2973b8274f0bf69b,0.0573390007
ck_565e3418d2f4061c,0.0115648883
ck_54bb53b8f8ea32ae,0.9952830732
ck_af0a6540ea7a36b2,0.0077601001
ck_888651bfc2c8cf70,0.0107682384
ck_1dedcb48ac381a1c,0.1271622288
ck_f73273e220296be8,0.0460409885
ck_8424bf65223a5a9e,0.0054708670
ck_337b930fd149a696,0.0056099303
ck_8a4952de8a123ef8,0.0124731496
ck_884168153c9c0c81,0.0073089387
ck_fdda581aec411010,0.0007144482
ck_2b7cadbc8b180d32,0.7067748313
ck_8aa8b9968233a1ab,0.0028286188
ck_0af18b3ce015d294,0.0030237528
ck_8dde670a735d1e90,0.2025197410
ck_62f46226f244139f,0.0453120704
ck_f948e8a8fdd79b4e,0.0111126536
ck_fa00aa0f3e859904,0.0234058869
ck_fc7935f784a4f249,0.0072357555
ck_e7501307c0698e5b,0.0086039769
ck_549ed417f2834cee,0.0280831178
ck_fb2a35571ec719d4,0.0940936644
ck_25822068c86c856f,0.0008630481
ck_8f35d229b62c8f23,0.0150750060
ck_bdcf049c1e7d0c95,0.0032127950
ck_0aa9db36eb16422a,0.0011112221
ck_42dcf92e9e016922,0.0480492695
ck_42341cf31c08c981,0.0061231783
ck_0b20bfc515ba42a2,0.0318306498
ck_0ec820b670d48098,0.0011287971
ck_1f0bafec397da8e4,0.0335669017
ck_82f07504ab59ed33,0.0792682782
ck_337b24a474010abb,0.9967411938
ck_703703bda38fdcf8,0.0113465978
ck_01e7960c63dca3a4,0.9325084013
ck_be5bd81e3715cb8f,0.6590714965
ck_197f8058cea1fbea,0.0009595561
ck_eb3fb1106f2f1b21,0.0794243573
ck_658b4b54be09a4bc,0.9904126974
ck_266ce7ccf41ccc50,0.0106898861
ck_110608c3b03d4038,0.7946264546
ck_1be8cb95d6d9bbf8,0.0014079756
ck_8e16a64a776afa82,0.4701937143
ck_34bd190d37eda534,0.0485421892
ck_4f521611ae14ae66,0.0026459363
ck_d839798f9520363e,0.0678253886
ck_d1bbfd246c0ac9d5,0.0152546467
ck_f19030e6e85a6776,0.0928649382
ck_cdabe60ab59f9d5a,0.0030042106
ck_bb84b2b30293f566,0.4760680044
ck_427b91925952cb40,0.0124513436
ck_1078b1e155b5b640,0.0188193931
ck_95fdc264eac72fa0,0.0028368643
ck_e35eb857c61548b2,0.4837155425
ck_69bd0b1abea7e1f0,0.1285988446
ck_59de511b20c842ba,0.0344538905
ck_168e7ea341a36b80,0.0036973238
ck_4937cfa6526ea138,0.0160139185
ck_bb1a981306b750ac,0.0512736859
ck_f42a43e4c3f34ccd,0.0009849886
ck_c7ae1d4b3ab38185,0.0035835840
ck_bd23cf9bba1dd33f,0.0205149202
ck_0fd826fad7ec7cd6,0.0212248815
ck_f143641bf3dd0414,0.0308193552
ck_ad6d48c20a3688a7,0.0010583745
ck_7bda5b5b927b2905,0.1136505084
ck_a337eb38eefdcc88,0.0944076706
ck_403da2a2d800df9f,0.1153948506
ck_aa01d5aafde73d0a,0.0025075645
ck_494954023f0eb309,0.0273493944
ck_1c6820fc38135ad9,0.0295937564
ck_0e0bab173622db9b,0.2679184769
ck_547090bf35a3b243,0.0102983952
ck_d69455220b21dc9b,0.0014306378
ck_90b4ac695b9c6bf7,0.0031477295
ck_8d2afe17c0082e6a,0.0501172706
ck_926b81c0ba528eee,0.0057505198
ck_ce36b0c287bd198e,0.0293640780
ck_8026e017909aaa6c,0.0106211940
ck_dfba788f35d4c372,0.0053519164
ck_f09f9d0e0886e0c6,0.0083218136
ck_4ffe0366df388604,0.0079909612
ck_75bb521de55644c7,0.0104955429
ck_81a960fddf79ecf1,0.8452011553
ck_8f43459991ea511f,0.0043080425
ck_f878b68d66fbfd4b,0.0006426374
ck_e84abfc0c747c9dd,0.9506149798
ck_3ad3fd3cceb56b66,0.9355470917
ck_7cf562578c7f158a,0.0024360436
ck_f81a97d350397306,0.0188996325
ck_255d87b7fb40caa5,0.0278891008
ck_b3905153b9eee924,0.0234846969
ck_2c80a592fb4cd6a3,0.0021228855
ck_57deb202d4188a29,0.0149703363
ck_e3cb5f31d8e94448,0.9437707618
ck_0db62d5f7f75f80f,0.0221732216
ck_ced9163ea85589ea,0.0464043282
ck_e16528edc694fb33,0.9399287977
ck_78cc5ec4940fec3b,0.0067349879
ck_31742076e9a998f8,0.0519033765
ck_5ac335f02280271e,0.0416921158
ck_7cc2e091806cfa5b,0.0341107410
ck_3152c7115257f084,0.0097112886
ck_ab1b9d019921bca7,0.0097689567
ck_c33a762d98f9b290,0.0026487625
ck_b16a7c51b6f7a6b1,0.0441020483
ck_97402a153348e68f,0.0080552758
ck_95391029a21caa24,0.0611163113
ck_c2015a1200971fe9,0.0337563384
ck_ed4427962c68918c,0.9829726372
ck_c5e4a17d3efb19a4,0.4432753265
ck_8aec3d3dd51517c2,0.0043288318
ck_f5178a658225d8e4,0.0021536776
ck_8594f165e95316d2,0.0024533926
ck_f0c4aac04076a6dc,0.0070597315
ck_ac2f7397801036ef,0.0188136984
ck_d1ea4bcc407c7d5e,0.0081613951
ck_cce8b6657a538fe0,0.0158334095
ck_66d0c6d6b67a8d58,0.0024903958
ck_1a6b30320835e57e,0.0111150165
ck_8cd274cc85aa35d1,0.0514562603
ck_ada46085a78280e4,0.0087659827
ck_ce1b06623e4a815e,0.0040331037
ck_45e70c8a9686580c,0.0295564156
ck_0084d8ab6b1044f3,0.0038909562
ck_a5f7b6fed6df2aba,0.0348137103
ck_94940d783e7988e6,0.0096040350
ck_00f9ca84d1d8ae7a,0.0009046672
ck_0deb56f3f6452818,0.0061577890
ck_a58e900469dfc3f0,0.0205508249
ck_028c41b195280980,0.0123488635
ck_7661d7ceaeb19f97,0.0196650015
ck_6957905a65c47879,0.0317771781
ck_f7c6c26ef3c4ae06,0.0203804857
ck_8777beb11aabd66d,0.0089945856
ck_7db098a17374bbf8,0.8368162784
ck_66aeb00e44486cda,0.7421780165
ck_838c52cc1d315ec3,0.0496706574
ck_1745847cd4e5dc83,0.0141690936
ck_201687857ec8b3cc,0.0141242957
ck_81818169208a8cda,0.0483672435
ck_3303fd3f64632c7c,0.0598396251
ck_edf1096809e83ef8,0.0017694398
ck_235ce9603c7dccbf,0.0776056228
ck_9df7e153868bca13,0.0056680995
ck_3cfeade2cf270fee,0.0196655981
ck_982b0bf2e2b6c4f7,0.0032676638
ck_faeb0da678bb86c0,0.0018816684
ck_e86ad2fe815b6ed9,0.0112544427
ck_70d69e5d1bb99e85,0.0248683633
ck_7e9a8924eab779e6,0.9810229228
ck_019d5891103e7da3,0.0120762430
ck_14f0484b3817eda5,0.0066733055
ck_85de63d278f0fbae,0.0005360772
ck_ae91b4cff57fb3bf,0.0063183810
ck_2a6d43b9f883b78e,0.5827757716
ck_7a4e3d553e8ab5b7,0.1068445867
ck_fdf89dc69f700f84,0.4412009923
ck_f92e04024bf13558,0.0008085485
ck_4a522ca2dc4831a0,0.0003063823
ck_68ba25dc3385fea1,0.0435602186
ck_22128a4f0d033422,0.0049728520
ck_5b52ee0a13c71590,0.0079111999
ck_59472d17debedafc,0.0041276954
ck_9dde2c63acda3ba3,0.0050974950
ck_7510b1023cd08531,0.0382249694
ck_071ddaaf2e4e3671,0.0078150020
ck_1355db6f4010232a,0.0172193015
ck_0a7adc2f27f98510,0.0974320998
ck_68250033717cd59e,0.0029039614
ck_7c12de74de30b788,0.2599881550
ck_65491367584c730c,0.0179641030
ck_e9047964952bee70,0.0194543555
ck_5567779d6ba184eb,0.0340643980
ck_d6ea026357ec6477,0.0130831953
ck_cd7dcc884e283746,0.1278158783
ck_0bd77fea8ed75a15,0.0183007255
ck_e80883208e8d0453,0.0132157781
ck_2ad0ecbacd5acf8e,0.9940827826
ck_6c1dbee7e8fdd5c8,0.0076656116
ck_ee4d9a7449515908,0.0020704308
ck_636111f7f030496c,0.0042435555
ck_2c629c657f73941f,0.0169176182
ck_c1c9d3842d758420,0.1261468652
ck_e4df7faacdfe8c40,0.0267089294
ck_94e8142728e44380,0.0361077619
ck_765aaf42c5088545,0.0140816699
ck_e0f845159b6e6a4a,0.0159185586
ck_5bc07deb82edbad7,0.0020902593
ck_713159c5c6a7a4d0,0.9960416475
ck_b08afc91d9ca55db,0.0140935292
ck_a7bc323ffed2ea97,0.5390348226
ck_85ca825f905a34a1,0.0308068863
ck_33160c443d4b3f19,0.0233110330
ck_832d39c590a3ca75,0.8674241740
ck_7d1661a34164406e,0.9704294571
ck_c2466fc40fc9d5ed,0.9311935259
ck_ed0e776c0926ce67,0.0651595643
ck_cdd2ebeec75bfa69,0.1164715113
ck_d7877684c7923ec3,0.0129814463
ck_7384d4d2406aabf4,0.0092359262
ck_b8e5244e650aa81b,0.0221628855
ck_25a1ea40b2d59254,0.0019085811
ck_b9e5b318ee4de68d,0.0057914551
ck_620d7ae27af83cea,0.0098059308
ck_40b4e264d1a12b83,0.9629527023
ck_b694c803b62862b3,0.0017417376
ck_cbeca201dbade3e5,0.0278309162
ck_f9b439c9161c3e52,0.0039679877
ck_9880410fcd10a28e,0.0043333219
ck_74928f5f91aa12b2,0.0574905856
ck_b6673bbe61d2680d,0.0105455663
ck_53c8315b5c30acb4,0.0183176216
ck_78f01d78ea79642f,0.0127772734
ck_8582490d6e365a63,0.0125810758
ck_af25c72d16299258,0.0028597849
ck_7905fe8e257b0449,0.0716438399
ck_0d16d9349e4a9e08,0.0127699192
ck_31b16b8848584e98,0.0228695612
ck_67207e3eecc02d76,0.0214521393
ck_e6b95ff91116a592,0.0076649686
ck_c08f622bcd6de6e7,0.0281051298
ck_f9a68da9e0f0bc85,0.0065649608
ck_4072b59388976896,0.0058296044
ck_8ec86e853ad52828,0.0332640629
ck_4fecb87eaffd5cb5,0.0049775215
ck_d6880578428b965e,0.2134502242
ck_bfc82b3c1c9f2897,0.9589619245
ck_c340644176ca03e7,0.0140859652
ck_321e740066fb05c3,0.5594788864
ck_8929d2eb09872052,0.0821122387
ck_205c107cec528414,0.2288255031
ck_e76db7d2562f9836,0.0146841730
ck_9ede51c8434cff6e,0.0159312682
ck_492e4b89c61b7b6c,0.0082132339
ck_9385f5a1eeebefcd,0.0280124818
ck_ee52c7bf88f952ab,0.0117711892
ck_d8116c34302021d7,0.0011289537
ck_01645ea51972e99a,0.0351103924
ck_7b45ed23304a854b,0.0133157526
ck_2096d32f3d497ea1,0.0628938787
ck_dfbb2056f1ef7d3b,0.0102805318
ck_938ce30c864bc7df,0.0020632885
ck_ff30dda2c881a4bd,0.6590515518
ck_f88c79186a082beb,0.0153707064
ck_08c7bb0f9851cb76,0.1291109299
ck_2675e7a008e584a7,0.0481802069
ck_cbaf8a954281d4e3,0.9692571361
ck_8b24eadf6c72b30c,0.5750883134
ck_ffc8e3c1377d0706,0.0038868737
ck_5b59e859bed5b40e,0.0157193875
ck_7b61717f172f9317,0.9701600963
ck_e5c30947b732f661,0.1063655486
ck_bc273f3ce79f7e1a,0.0101269348
ck_f69e93388b3028cb,0.1099735741
ck_3837ad850996ba60,0.0222394907
ck_36d78ff3bc033ee5,0.0095482785
ck_5e20953547ba4135,0.0664989561
ck_258d661e450ac870,0.0021814708
ck_1df66f537496ca59,0.0261377633
ck_361f535599110201,0.0082133772
ck_337e98c69f6e7886,0.0107780022
ck_d3d5b2717cfc3913,0.0179883466
ck_b1dba768dbe7affe,0.0308374168
ck_92d782bd9ce0d1e3,0.0270629080
ck_26bd0f8898afc8ba,0.0028452696
ck_7916e53daab36745,0.0906992652
ck_2caf553b31831a50,0.0028724609
ck_c6200734c7f9b2f9,0.9167975186
ck_cdc55623cb16e6a9,0.0013764883
ck_57849e15b61c43b4,0.0041429545
ck_b7af9b2ee0eebbc6,0.0113965798
ck_00aa5fc3b3bc66aa,0.1278630585
ck_9929723f65636c7f,0.9942199633
ck_8f6cce9f69912983,0.0224186559
ck_c422ba389ff00781,0.0030716258
ck_9ec7f334604a228f,0.0083176940
ck_5d01200ba3341462,0.0069168481
ck_2bf10be403849c9a,0.0148395193
ck_6ca018259f70858f,0.0044782315
ck_a54dc042ebb7c766,0.2139402629
ck_79da63fc100830b5,0.0127260763
ck_67ab6f9e05c85085,0.0041173291
ck_fa80da579ea9afc0,0.0123475229
ck_4339f86c87289222,0.8567946411
ck_a2299b4f530be0d6,0.1874326346
ck_19db0bf788697c2b,0.0131543659
ck_fa4211c4d826d830,0.0010932287
ck_96100d5e8e051e91,0.0047116322
ck_5c3a671883d58b3f,0.0007739899
ck_2d9524787cfe1ab3,0.3410614876
ck_47ab8e51e5b3a2d8,0.0023352633
ck_c924f36bc1bbbaa3,0.0044173008
ck_5c58e7f8fd55e26c,0.0013061011
ck_a07e7409d6d5aa06,0.0280978627
ck_c8413898f5f7cb7d,0.0481684099
ck_577c816b41cab002,0.8438798145
ck_9f7807ed64cdb728,0.0420415866
ck_495d814d6d6d521e,0.0019296206
ck_7aa8bc018c2b003b,0.0091936243
ck_7c3a6a82f3c3241d,0.0094527455
ck_487f7fbc290e4ae2,0.0059535423
ck_e556c4d36aadbe03,0.0020384757
ck_7e6569a1b2455cb0,0.0008031050
ck_de2924955926d046,0.0320674864
ck_73d60b4630e3937a,0.0034045740
ck_805ee564bd35ef15,0.0115519145
ck_0d40961e47797027,0.0017860200
ck_f06d00a4f9c87d80,0.0016381994
ck_5ef50fb07b6737d5,0.0103863848
ck_16541fc15683e21c,0.0031784166
ck_09fd43f1b7e2eca2,0.0014830886
ck_2a2c336a69b8d68d,0.0283018880
ck_2685f38930866af0,0.0239004541
ck_298278a9da874437,0.0128635184
ck_00bd7803f2530c68,0.0272710761
ck_c2b4a1d8c0b6c1cd,0.0006680785
ck_2acb54ca20c3af6c,0.0637580082
ck_e3d4b6f681c783ab,0.0149449309
ck_f90293f1eba5d7b6,0.0339089407
ck_e69d27e8965df0be,0.0019317595
ck_b7f5d10b427346ad,0.0058358394
ck_1ce20e4223a936b1,0.0129327324
ck_6b97d1ab90f6bdeb,0.0186377165
ck_e30e17db5473c7b2,0.0023136662
ck_154c8efb19dee665,0.0060177987
ck_6f5bb0c930644cae,0.9962646853
ck_9e17699baa83d173,0.0021329803
ck_9693b1eb70880205,0.0116865757
ck_1e97899875bb427b,0.0041324171
ck_558a82590f65df69,0.0009669477
ck_18df83242ff3cdbb,0.0696131307
ck_80ad4396e1084c68,0.0268020282
ck_0a993bc947bab61f,0.0212827027
ck_5c2d43ff841632f9,0.0066657735
ck_6e4b99fb9725d9fa,0.0233545185
ck_e0983999ca26c19e,0.0470354343
ck_6573c4947cc8607e,0.0295655893
ck_d879d645d6e44207,0.0212092850
ck_1375ad9f10688e4a,0.0013947851
ck_7501ebbf4e21f160,0.0077528422
ck_ca60d61cd4dc3bea,0.0037324731
ck_ab9ea095a5c58b4b,0.0233525465
ck_23756522b58df5d8,0.0008862508
ck_90bc176c43d85fd5,0.2212254505
ck_908b663b2dda94ad,0.0259747287
ck_4df2fb8e4b649e27,0.0103887827
ck_5615c6bbdef05291,0.0910979284
ck_b62f3e3185251f71,0.0007557287
ck_38d1a22850178f33,0.0033164042
ck_5b3ba20c8bb1383b,0.0043976125
ck_5576ffc6aaf6f22c,0.0004226894
ck_cf7a022178165e56,0.0029689891
ck_f2c7a4c50e2ede96,0.0300549490
ck_285719c77eadf915,0.0012116864
ck_f2aa1b677619ab19,0.0047778086
ck_3830c58d841e9e69,0.5716067880
ck_32eba3510c8eac5e,0.0021610700
ck_8955d7b9030d5eb5,0.0045803048
ck_6775e387dace7525,0.0377427961
ck_0a0cd7f4be606a93,0.0194679038
ck_a9f700eee5d638df,0.0026121247
ck_3d7db96995745472,0.0151176825
ck_aeed557007d52e9c,0.0003641908
ck_79b6a86830156b5a,0.0145224775
ck_6a1ff9d69466181c,0.9960824796
ck_f11b1565f986f5e3,0.0262046681
ck_4819327a78615485,0.0020264505
ck_3ed9e081959b2f5c,0.0207324350
ck_16af4be191c47d3d,0.0009738294
ck_25122cc0e8b1a662,0.1421428100
ck_509c22828d467ba3,0.0357746012
ck_31109c899336348d,0.0055146154
ck_c51131e53baa59c7,0.0014775245
ck_cf8ecabbc61d3e11,0.0133714332
ck_eb6baff0f85ba936,0.0264767517
ck_777669e2243204f2,0.9216517089
ck_ac0ea27e692acdc9,0.0136631372
ck_4c6ea04ce8ca9e2c,0.0166558190
ck_ca54b32fca7e94cd,0.0031545057
ck_4dfd8947f540eb24,0.0075756496
ck_95aff1fe27fb24bb,0.0196240525
ck_c7550723b90e5615,0.0015648012
ck_57b3fee69bdf85e8,0.0022836766
ck_f823407ace7ff064,0.0518706438
ck_a69084a068bcc8aa,0.0353784096
ck_c7b17f7b24bef5d7,0.0169606845
ck_7c4e588f927c27c8,0.0296631483
ck_77fdac602d0c6f95,0.0260363666
ck_e963d8525018d072,0.0207634608
ck_6e8ebaea8f7bffaf,0.0013846507
ck_aa42976a31cb7770,0.0021211906
ck_22c862a496008c96,0.9978252638
ck_527550dd15f38782,0.0450161328
ck_b3ab3c210e2c7c19,0.0257201277
ck_ed9c56fdb9f45ddc,0.2768712839
ck_b53281da70defcfa,0.0106558791
ck_03009b721568ee98,0.0284060363
ck_3d9afd862b3f4053,0.2035159433
ck_ad3c4be96599554a,0.0104884700
ck_d1c787c27d50af49,0.0271151498
ck_c7a9c7b2eef46a99,0.0040644779
ck_53036d3c6c74446c,0.1522447357
ck_1b1efbd9c0964c8d,0.0146098840
ck_d66f42a269d5c1ed,0.0341381661
ck_fefc49a2b8ad993e,0.0079621255
ck_8b3b874249adece9,0.0315792640
ck_193d9c87ad3f1dad,0.0010493903
ck_0c6a50d747593b7b,0.0098363650
ck_c830f3830875b47a,0.0298300737
ck_79e202f06d8dfe42,0.0347665491
ck_5c0fe988b8aa7fcb,0.3014390454
ck_a8382d8345f21e1e,0.0032427207
ck_8cb20053914692d0,0.0443415008
ck_1da2f69023ca4c13,0.0021531695
ck_38abb60995114f8f,0.0185678419
ck_f5791fd8fd8fd191,0.0163971204
ck_a4e6fc391b674335,0.2658946138
ck_bd771efb4a7e15d0,0.0053654433
ck_38ba4a6b6a292054,0.0477212301
ck_f7a07283345a0dce,0.0024375286
ck_87dc484baaf5a23a,0.0005965640
ck_c84ef83489badbfd,0.0151902888
ck_a397cd64ec5d644b,0.0065108020
ck_7977135c2ff61e92,0.0061675046
ck_52174855b243a8b0,0.0602434252
ck_0f35e930d0614613,0.9914764417
ck_b170a7db522a0d6f,0.0094951343
ck_7af748a23775bd54,0.1005454554
ck_52f641c9ee6fda70,0.0018808299
ck_c3719a30414bbb4d,0.0047923405
ck_2baf214ad6bc0dbf,0.0448368941
ck_8b39d8aacfdd72b4,0.0044667486
ck_d39b0152116203be,0.0247507677
ck_ed33f8a937f9c7c8,0.0166846847
ck_8ef97b55a5fd6ec9,0.0010168908
ck_8247f008a14bd1a2,0.0006687844
ck_f0d349d68249d5db,0.0019999462
ck_a544e766540861fc,0.0089278019
ck_9dfaca4c7c80b10d,0.0683212199
ck_7e5401c362b2216a,0.0031468968
ck_64ff60c073fdb6db,0.0221201368
ck_fc5ea49518e5d637,0.0033124801
ck_580f136ced341298,0.0035858629
ck_9cbef9bc95449dca,0.0117755293
ck_e475a3b8ba870a7e,0.0085779284
ck_97e94708bcf43563,0.0080893746
ck_13f03ec785cbdae1,0.0012984636
ck_152820d8817f478c,0.0136225572
ck_d20d4ba60eec9945,0.0126097217
ck_5c45968a805132e0,0.0457259163
ck_bebea2cf3063fb24,0.0054745010
ck_c3c69aefe7ea1d2f,0.0116516226
ck_02028b72f26fe855,0.0147224617
ck_dfadff70a58a9133,0.0025907782
ck_6482ed4491bedcaf,0.0058757579
ck_754cd7b4a5ae3f94,0.0293195636
ck_3132857aec8485bc,0.0011175146
ck_7ce4ca91b8f9f1c1,0.0070532872
ck_41938582f4351772,0.0198085653
ck_f87d66946252476c,0.1174600648
ck_8053f1879a9b4e43,0.0052691229
ck_93892e91387f5103,0.0384799329
ck_15254db133b28371,0.0063023473
ck_d557b9feb241b3ec,0.0019843112
ck_71c3a8e4c12c989f,0.0064281550
ck_80e3041811033443,0.0154244062
ck_3380d60067b4634b,0.0012962492
ck_a9c2cdc758df8510,0.0453717141
ck_3c0031d7514da17b,0.0171129450
ck_18d214b1418be39d,0.0040046527
ck_7ce768407fd48321,0.0226667939
ck_7a50abd42298133b,0.0109242469
ck_2db10f987d137582,0.0478795889
ck_e077d004cd1d80ae,0.0071149653
ck_1cb6dc67f9a321b5,0.0437888443
ck_b864f64101149c35,0.3004873083
ck_9bedf54df9418e4a,0.0025320291
ck_c47e32c47f0e6578,0.1179440153
ck_71f382d5e338daa3,0.0021969412
ck_14b4bf7be6ac2b61,0.0401975658
ck_5c87eea1cc07cc92,0.0479698745
ck_5f445182829ef342,0.0271098990
ck_a5d7311291caaa54,0.0039780280
ck_b7df99aecef385e6,0.0402206291
ck_3327a0582407068b,0.0323750467
ck_08dba09fd7dab896,0.0208010710
ck_f4ec334be5266378,0.0016882591
ck_240f7f894c5a86e7,0.0033155769
ck_a9d994554fc14a02,0.0004714002
ck_13648cbd306eee6d,0.0087768372
ck_601edf9105b3c321,0.9936378000
ck_9527adac182abe57,0.3506281065
ck_4e0e80f5cc271bf7,0.0020713553
ck_96a89e720176b389,0.0410671468
ck_63560eec94b76d2f,0.0188738232
ck_c9c99e5b19aeced8,0.0013399755
ck_bc32655ee5ed643e,0.0272347418
ck_edccb5a93b741744,0.0170683539
ck_f786cbc987b70930,0.0018574893
ck_0e8f26536ccc8947,0.0238123428
ck_b87ef4b98cfcec4c,0.0224345896
ck_1a9235812de4b2c1,0.0184927501
ck_d1ed88ea4211ba4d,0.0128024862
ck_a4ddac49657a4450,0.0031070995
ck_d9ffca35188e49d8,0.0203697567
ck_3db73bbe03c3d240,0.0014939827
ck_fffa0622344a36ab,0.0022774992
ck_148c28df51bba5e9,0.9894789395
ck_076cbc25c8f15fc3,0.9390797092
ck_e5ca550b39ed45bf,0.3659880135
ck_8dacf3a2061ca17d,0.0136836610
ck_2d7394afd61643d0,0.0049166656
ck_e42206e91f6a1752,0.0013258153
ck_2f4f94827984c426,0.0080537617
ck_edfe8e90e8f4366e,0.0025264171
ck_646b15f753e5e9c6,0.0529194786
ck_66600620149c8799,0.0028445712
ck_4ff6fc70bccfba96,0.0637420073
ck_41af3729590c2484,0.0145255879
ck_920a48ba8c583e96,0.0035907623
ck_0253b3e7be021306,0.0013650414
ck_2ae6949246ea2648,0.0245608200
ck_db23a5100f338d72,0.0125444743
ck_fcb2a559474c3493,0.0294933341
ck_0a4d7acd2a53cbbd,0.0260172803
ck_c5d62b2b7a6f3bac,0.9978847576
ck_cf59f4fc0ea690b2,0.0058002399
ck_837be8126bb19250,0.0017795755
ck_58955542edee1adc,0.0055154003
ck_1b93381d8eea58d1,0.0111759285
ck_97b8e05d62abdc14,0.0238773941
ck_71a0d645744302a3,0.0063410575
ck_a7b57882ab66b111,0.0012591909
ck_65f76421be648549,0.0071676609
ck_b53ea8713d32ca7c,0.0241418390
ck_991c4c924a1d85ff,0.8643863260
ck_8432ccec1a4ec7fd,0.9971623867
ck_64c1633297f43788,0.0117521473
ck_4291fd9c1161d8e1,0.0278780670
ck_5e98ed6391d9f429,0.0598925055
ck_c7baebe4549fdbb4,0.0770749429
ck_6e67225ba59fa5ae,0.0812668487
ck_719602def4d35fe0,0.0169503473
ck_bdee7c86f5ebe81f,0.0132676711
ck_8de38f8c7f91961f,0.0543357124
ck_b0b5bf9254700402,0.0124648151
ck_7b55d9bb1a250d4f,0.0345816325
ck_3954b7b0fd1d6614,0.0004311716
ck_f29471fe7c818d6a,0.0090257404
ck_9e65a8a2f587691a,0.0180879075
ck_eaec5f1a83b66eb0,0.0376937670
ck_004fe0daecbe2c1a,0.5951950645
ck_d17653a4a2d4a79e,0.0146059265
ck_0dd417fcbf19e424,0.0655537301
ck_4c99a6eadea143e2,0.1505324835
ck_74d602c907ee9119,0.0031268507
ck_1aa87cb62acc0ac6,0.0052318980
ck_094974d75e29fb2f,0.0429108305
ck_5ef935ac3d4d3332,0.0222119195
ck_b26e4ae47c9107ed,0.1891511944
ck_396cea6f95186ad2,0.0159635855
ck_48446a9e8184c7d4,0.0019160072
ck_31e1ede23247d56b,0.0252505583
ck_7afefa349b960a3e,0.0130017577
ck_f5e02a3432571b20,0.0471417480
ck_64eefec062592c43,0.0117424764
ck_a1201284122c141f,0.0333740742
ck_1b34c420a4c85a95,0.0101847030
ck_d637a011332ba67a,0.0072908665
ck_99c0004d8b7079f8,0.0051481273
ck_948517bad569b40f,0.0559512000
ck_a28d6b1601b472a6,0.0195035959
ck_a0b4209feb31f5c0,0.9959774844
ck_d6d2c1f6dfc455b6,0.8037562635
ck_3f9e6d356d3dd3cf,0.0013118665
ck_d08e00c842b75176,0.0101362907
ck_bfdd232a7c5f2660,0.0232806374
ck_2cdad03ed069438c,0.0177316383
ck_42317c3eabd0a285,0.7872696983
ck_3eb73e56751c704d,0.0156868430
ck_ef33c04f4c9e3758,0.0283747879
ck_1dc23dc870f1773d,0.0141772187
ck_76091f357974a152,0.0151190882
ck_4d9eb75e8eee90fd,0.0249710873
ck_578f67e69e5d2cfd,0.0012621935
ck_3a8ce1cc724229b8,0.0011707955
ck_a96887f841e80fc1,0.0267642436
ck_d2d4a8f4a9f2c33f,0.0126873032
ck_11f85bc705dbe036,0.0269647010
ck_7429b3f87528e335,0.0028369314
ck_26df74feac7ec51d,0.0186881367
ck_c78b2638fadd91ab,0.0287292832
ck_7eaad325abe3b50c,0.0016842012
ck_fd44e34af620e606,0.0118024952
ck_f99738dff854e25f,0.0030249044
ck_1ffbce3a239bb264,0.0028232502
ck_96c7d52ba0a766ef,0.0178855388
ck_cb1c00c300af3f9e,0.1723599060
ck_ec3d12848ced99f2,0.0023583236
ck_26cfd7c3c6c7bf69,0.0111378816
ck_7ae86b5a885affc3,0.2883722587
ck_3edaa94d28cd48ea,0.0036092257
ck_3209c530c9812e39,0.0145542238
ck_ea62ebfc1f04b49a,0.0076363676
ck_5fc90b4668ea81bf,0.0379672739
ck_95654593cdebd141,0.0012832164
ck_958c0bd61820147f,0.0244576434
ck_8440ef1386c07194,0.0039736514
ck_8cd1b68dd74b1375,0.2428969790
ck_c9eb4df91ff07f2c,0.0089401186
ck_c29489366c01fe65,0.9316117781
ck_c965fd6bec0f0ecd,0.0260687607
ck_84c402b23766e1f2,0.0101908326
ck_181f3dae03b87136,0.0549864622
ck_022a8ae79eb28cf6,0.9642009195
ck_469c17407d17b706,0.0341671978
ck_1fcc5843f39148a9,0.0027054530
ck_5debd55f361b2ddf,0.0021535279
ck_28cb9b03e89263f1,0.0018241449
ck_f067470743d3c7a2,0.0835005094
ck_d5d225ce41a1a762,0.0196777829
ck_15b4840922195ffd,0.0159280470
ck_6bcfa37c717f19f1,0.0190396453
ck_8d501a0386c66be8,0.1378870890
ck_1a9d6190c57ea7e2,0.6817935856
ck_c49832eabdac5bb7,0.0014454126
ck_b4331140b2e0d4aa,0.0078130934
ck_5efbea1befdefe1b,0.1710535480
ck_72ff52c4824072ce,0.0051492985
ck_ec3715add8bbb6e9,0.0016240955
ck_9822f8ed05335741,0.0129976169
ck_c3d7d3d12a1981a3,0.0027302802
ck_a115a7919ac5875a,0.0399727731
ck_4dd4ed23e0b927b7,0.1966561015
ck_4c76efcc1ee6762d,0.0091638111
ck_3ad6e7bf452c9b21,0.0047331384
ck_dcbab304b55a42c7,0.0123857463
ck_24b53090faf722cf,0.0104579148
ck_187317383400491d,0.0037402520
ck_e07fd57565c94c28,0.0417493794
ck_740e760fdcd27835,0.0026184685
ck_d3796aebda1cfed5,0.9253823237
ck_e541967c681cb929,0.0231058787
ck_431118050b834dcb,0.0003737578
ck_90f3655f0c8a0074,0.0034537928
ck_13cd943777651aac,0.0225800718
ck_66accecabf3901c0,0.0127111273
ck_937f0da2306b2eb9,0.0093297809
ck_105b0c93573fd5b7,0.8143681953
ck_00480407160e0743,0.0041867216
ck_e032068be7b77d15,0.0276290527
ck_991b7dfd69098320,0.0027868727
ck_37d47cf0f34574a2,0.0007271558
ck_011551a596544f5d,0.0031471822
ck_9acd98f4fe2d474e,0.2172073345
ck_7c88d3d377bb61bb,0.0157187595
ck_e2374c7136c964fd,0.0447708074
ck_2fa8f2577116e9ca,0.0636800256
ck_d07c5b0321c685ea,0.2256567396
ck_bc736114a31088a7,0.0153962649
ck_32bb42f9bff197f8,0.0055073740
ck_66267bbad1f1415f,0.9889253497
ck_19988702ccd79201,0.0034958453
ck_f473a03fbcdbc4b0,0.0056407515
ck_e3f1d85fa5d49396,0.0039843757
ck_c4402ea6291df271,0.0225165038
ck_243bd5ca8c4ae5d0,0.0038751596
ck_f271e855925e8d6b,0.1144778001
ck_e424148c6f2223df,0.0175285859
ck_e4d0a9e1102a58b5,0.0085882204
ck_91c2a5fe69b9b1d1,0.0067712218
ck_5fd8924732fe403e,0.1568034769
ck_9a881d5433126ada,0.0033915861
ck_73cab88b29c7845d,0.0112889475
ck_5b5dea6476d4e182,0.0168621596
ck_ccccb17d2ca6ce94,0.0641884157
ck_cd1dc68e441222b1,0.9803398948
ck_8312c49b1431a406,0.0028551427
ck_25fea39897f2a559,0.0166171627
ck_f56200205280bddf,0.0216876130
ck_7336611650dcc088,0.0310035604
ck_590716322ff147ae,0.0343689092
ck_c82364d87875a1a1,0.0190137536
ck_fa4b60387d744fc5,0.0026200894
ck_d841eba8906e9a15,0.0063422072
ck_d6df562a79b9d0d9,0.0105142066
ck_59a14d2564193101,0.0029324931
ck_8530158e3d7f59e7,0.0045049021
ck_ac68d707006c12a8,0.0055044181
ck_976fac1bb3dd8c58,0.0321794533
ck_f854fba8f4adae3d,0.0910672616
ck_b98e9c3ec6e7d1e7,0.0083276622
ck_803c0b4cf9d4bc1d,0.0190220814
ck_76997a33c3ea5107,0.0009765598
ck_f1a9d832b700bda1,0.9749186287
ck_2bd96ddb8c323d63,0.9939606652
ck_9e5b7acf51b1b743,0.0094702704
ck_09169f22194fd6aa,0.0202155942
ck_6d69e092f9b0848b,0.0285331681
ck_9f83fa5a2d3b9049,0.0141112229
ck_57bbb19eecb4b87c,0.0055244046
ck_e0e9cfabb979f428,0.0090487648
ck_b1ff9edc51d42f97,0.0033443384
ck_4682fad271d47eb0,0.9397826948
ck_ab33fb754c818ae3,0.0383895870
ck_b456f62b80e21557,0.0019067739
ck_16340be3f2a7fffd,0.0017293521
ck_ce66831f6611014c,0.0056687823
ck_4610a073bb54d1b1,0.0249358007
ck_fd038a7d33a9d6e5,0.0027102352
ck_c8198cb4c461304f,0.0395576414
ck_1e7de58822000dea,0.0024037674
ck_b2a79dd3df560f14,0.0339171941
ck_74a06f347b32347f,0.0080235718
ck_c6fdb2972417c9bd,0.0132102058
ck_d7607a213b800bfb,0.1138503875
ck_df65967b8b40319c,0.0015098234
ck_329a73dbd585ee09,0.0048405303
ck_74991a9e85c3b07d,0.0157018332
ck_bb76609b79e0bc9f,0.0061843158
ck_f7fc1bd0b9ab1fa4,0.0060612473
ck_d111c98b36bdb791,0.0044240428
ck_f07e27d125497b66,0.0146323850
ck_093e3a7134e11d6b,0.0089849562
ck_862c7953bdea48b0,0.0035947144
ck_392cf2cdd515c34d,0.0097104954
ck_80eb91b0b4001084,0.0757306255
ck_5923f53b77193a58,0.1108375613
ck_8049f5fce32be185,0.6285361238
ck_ebc5a2c6cf88e252,0.1158617886
ck_9ea5872f14cce338,0.0245420442
ck_f7fbc95ebf584379,0.0044872876
ck_bafe82c870356706,0.9718689912
ck_278b36c5932d9bff,0.0048385194
ck_6a892dd5d05c1649,0.0046411212
ck_0734fd90b2cabd43,0.0037201780
ck_9b552204498b6762,0.0420762783
ck_f6c909c205767956,0.0544040276
ck_32f590e87bc3d715,0.0002558537
ck_66a8325f28be7562,0.0017982053
ck_b129261da9c3c3c9,0.0010554031
ck_a524071c51ddde20,0.0049663629
ck_ba576d6d4cb6130b,0.1884639418
ck_8d8226520722af78,0.0222251771
ck_c5b0f0d4f1655a20,0.0249610292
ck_61814ae9b6d8eab1,0.0104044244
ck_382ebf136f7fa337,0.1410657237
ck_423ff4ede6a9f066,0.0083772009
ck_546ad962d04b7de4,0.9564011020
ck_9473ea4a01c95f9a,0.0370189182
ck_9eb1da8cd35a50ce,0.0092002060
ck_de5eaa2cdbcb67ff,0.0995246768
ck_537cc97d0398c922,0.0871579555
ck_998475a2e4dfad4e,0.0130631334
ck_e62eb708d2688fae,0.0073954341
ck_ea623358f704daa7,0.0782239737
ck_b911a09f328dfd4b,0.0012721323
ck_4b3506b624e5193c,0.0257297765
ck_448456f96788713b,0.0285110496
ck_5d5ef9e75f65d076,0.0137709461
ck_3b74512f774a6e5a,0.0045821191
ck_a032e8ac1507c6df,0.4965803662
ck_7e2d6b22a0ae20c2,0.1067745695
ck_d80283209c963f11,0.0212412509
ck_d1157eade2ac3975,0.0104633748
ck_be48f583f79427f7,0.0361837676
ck_0027b5d4107d65d8,0.0952708998
ck_94fff69584dd3b2a,0.0185688229
ck_75fcda73f0b43557,0.0054149064
ck_a1c78972e4ee4082,0.0118635257
ck_f0982bbdbd122f91,0.0100191784
ck_3199b471575aeb3a,0.0041790460
ck_7fa947a0b1c1cf74,0.0496825667
ck_a60c618b7f0e4252,0.0032343697
ck_722ac47c8ac9b6c3,0.1670329355
ck_d44dc3839a195c8a,0.0552364272
ck_a2c3e82fab520483,0.0265326394
ck_6f8ae0319c07cafe,0.0038124455
ck_49886ff1e2c759d6,0.0451379424
ck_150a1108f936e6b0,0.0052638729
ck_e21f9f96f597695b,0.0116091276
ck_7297bff2b7fdcbc8,0.0004579996
ck_ee949c71f4f702eb,0.9847757705
ck_6fc37dea4b4f35c6,0.0506564228
ck_e76257caa98dc25d,0.9838306647
ck_828eef2334e17b3a,0.0036683123
ck_604e1b8a8c693aa7,0.0091582659
ck_7743c9fe037d1f9e,0.0140526506
ck_864a11202e19e812,0.1230921590
ck_4ec040b9e3785e4a,0.0013415490
ck_7346e4f820d9c00a,0.9244870149
ck_48d4d63beb26b623,0.0287135625
ck_c423aa6de3ed1e01,0.0016823107
ck_d74b2ead8aaa3f73,0.0118695485
ck_1dd69a11daa7bf1a,0.0676414328
ck_d9143e236eef177f,0.0186945933
ck_f790d91e5ff0eccd,0.0570795405
ck_69b5620e00ef5dec,0.0013629296
ck_cd32e58e8a1c0e85,0.0052991877
ck_064013b0957d87a5,0.9890099508
ck_a481385c2e60dc4a,0.0010138730
ck_d72035cb29db3aa4,0.0160087881
ck_3759939a0205306d,0.0102841303
ck_f437a53fc832ec95,0.8785721921
ck_260ef2f3e6434819,0.0660357003
ck_35e411b05d22f663,0.0230742377
ck_8bf46e472f3e20de,0.0564697424
ck_d546994fc5d3e9d1,0.0191100383
ck_6ff0fc7487e737e7,0.4015648388
ck_5c67f27816ae0b6f,0.0049317089
ck_c5517923458106ae,0.0034914477
ck_d9735647a6b0b0a7,0.4999458482
ck_541a734fc457246f,0.0644446372
ck_2f6a639468f41043,0.0019260538
ck_bea2cf7a6b7bb900,0.0015723388
ck_7eebd0e6ad6c070e,0.0030366338
ck_b64c87d5e3b10e6a,0.9036855588
ck_9dd7daacb7833233,0.0170985517
ck_396e9ea9a6c6d7d9,0.0316157063
ck_1645e6cc53fa99ff,0.0081622802
ck_ea2a83ccb8d57490,0.0050401859
ck_e64f0df63e1be595,0.0907352132
ck_fa0b234481cb57d3,0.0312100014
ck_63379e3c9fe6f711,0.0204941438
ck_c67f7944896a0310,0.0915376773
ck_c10e54c9db29e6ef,0.9980102330
ck_7184ad7709ae4c80,0.0170190729
ck_f8b6069d7577fde6,0.0072036786
ck_18444be153bac1ca,0.6924276938
ck_d0982b4e0e118e4d,0.0397347984
ck_6faf3e6820398866,0.0065870384
ck_97e980463aca4644,0.0041626164
ck_630c835243c66b19,0.9948689109
ck_fe429ba3e1aa0e4f,0.0126406393
ck_1058129ed7b48c59,0.0195702382
ck_04a1a46f07885296,0.0342643512
ck_f01e94331067edf6,0.0096377986
ck_77b2fb17c29f5e72,0.0137884746
ck_4f0c5857da45fb28,0.0854302668
ck_2cfb9a7775e8a5bc,0.9908883651
ck_6846100e43659bf3,0.0032995281
ck_f89719a854fe11d7,0.0136231281
ck_bf47375e41ca3bc0,0.0034801182
ck_2770b0400a7bef08,0.0586432546
ck_2a09d142de1c77ff,0.0073650677
ck_857a1f5547b9ad68,0.0185153654
ck_185f15b1523bbcf4,0.0018800523
ck_ab2aed614ec1cdf8,0.0108719078
ck_a9e7f3b2d5dfd97b,0.0055449302
ck_0eeb3d9b3e697edb,0.0178388925
ck_fa5830d81bc8ddc1,0.0027621824
ck_231ae0329ebc3220,0.0027460176
ck_1587763dd54688c9,0.0171622853
ck_9f85fea4490c00cf,0.0140065727
ck_a2d709e7eb91e4af,0.0321874108
ck_43637d28c7216453,0.0067787117
ck_f3ab5dd853d38252,0.0359271325
ck_4a1f0172d3bf4fd3,0.0161882974
ck_517620ca16505af0,0.0101677092
ck_9ae904fbef56065c,0.0041610122
ck_d5ef1f6e34bb35b8,0.0581996375
ck_ff42557857ae3aeb,0.0007893596
ck_ad9a18f58589faa7,0.0110347281
ck_df1a6edaa3e6b271,0.0019211563
ck_99021fe7225b5a68,0.0827704489
ck_99e52c3c2530b69e,0.9846899935
ck_3a4811dc4a1a891d,0.0032393036
ck_ba3a6be026c87079,0.0079651929
ck_da6d1e5cf6aba6fd,0.0227320757
ck_ddc7c1f3d45fe6e6,0.0120133737
ck_e1b1e7a7e4a15b3e,0.0050009512
ck_8288f7f226e08b89,0.0147309567
ck_c4524993ec31dbe5,0.0033675633
ck_8b19bb5b23b6741c,0.0246989256
ck_d21b38231a8a9f4a,0.0860243851
ck_3f730318a9792292,0.0124788830
ck_a4db6e94a8f77f9d,0.0363397720
ck_a8cac8d480306839,0.0012157602
ck_5472214011fbc2a7,0.0024523283
ck_7356f47dbbbe7904,0.0111383651
ck_16801e628e883d78,0.0119394599
ck_0dc1e536231c4860,0.0080843364
ck_7cd0634a6e60af83,0.0157368354
ck_ef6f8e048ae1bd4b,0.0049144505
ck_82f3f744209888ac,0.0322219847
ck_f33188c232a03526,0.2560864375
ck_4a59f4e10bf45d7f,0.0018225522
ck_d96c893721385e4e,0.0012689678
ck_f65ab819373edb37,0.0153796270
ck_21cac21fc10b7768,0.0074159007
ck_139b54e6ccbdd7da,0.0571219851
ck_d6f5c8741697abb3,0.0220115262
ck_a28d9bb5590d458f,0.0679212076
ck_ed26d906883bea0a,0.0020528894
ck_227602ad072b838b,0.0013112833
ck_39d5f6c17c745ab1,0.0008599898
ck_744eade757ba69b5,0.0106138100
ck_c1295d97cdf35ec2,0.0014906343
ck_69105f881da3c821,0.0073262004
ck_933789b55361d7c1,0.9203331082
ck_b667952253503174,0.0048136998
ck_7bf668e25abeeb05,0.0047472347
ck_91742711dfdffd56,0.0176392516
ck_af32a0660090dd68,0.0308857127
ck_2122f201e65f76ee,0.0032435280
ck_f48acb73a5d6af07,0.0454294302
ck_337c5684510cf432,0.0727812648
ck_f7bde7265053364d,0.0065816970
ck_c190c7b924edba75,0.0295747894
ck_044fa3b3a003f0b5,0.0169181195
ck_87eb43e3b9d96169,0.0702128796
ck_2d3d6c9364362017,0.0009930640
ck_ac55dc6cbcdf8228,0.0065474213
ck_61d7b0568ec5d6cf,0.0156341902
ck_89c74feeaffa7d09,0.0047910556
ck_93776b0c113f41f0,0.1606667555
ck_15e0b679931f7a8d,0.0093199607
ck_77b56c49cfdb1d81,0.0688162268
ck_73188a826b5f499f,0.0090428654
ck_4f463ef25325ddfa,0.3350442184
ck_863db2e394dc47d1,0.9917671346
ck_d52432ed597f3cc9,0.0043198417
ck_04fb61e5739642f8,0.1703507550
ck_2e481d75d110c06d,0.0877194689
ck_3fa1a523d77cd619,0.0143648731
ck_466dc6274fecd708,0.0112085180
ck_e1790b3aa2241b10,0.8404293899
ck_84ad096a46e1a960,0.0380622284
ck_3be72c9c178fa00d,0.0111774567
ck_5a17c89219d1d9fe,0.0423954450
ck_4f639f4ee6ce8d9e,0.1100471972
ck_f4ec4a935e51b4db,0.0141025269
ck_f04040a830f92bac,0.0108441505
ck_3e4d02a04be2aaf8,0.0672379590
ck_4d1baef193cfb900,0.0191861537
ck_0fb3153d37626b75,0.0009412585
ck_88ec57a11b11f702,0.9443376356
ck_dca9dc465f759db4,0.0051707056
ck_64f5fba6af67e024,0.0103041136
ck_896096cb167254ef,0.0893222906
ck_7878679065876b98,0.0246672285
ck_fe8e5a6c880ceb4e,0.0089948521
ck_a5e036327d3d1862,0.0009441983
ck_310f73940fc4cf4f,0.0303732552
ck_46a8db16ad00b749,0.1029675008
ck_0d33977c3de8cfaf,0.9877910866
ck_c6fff412f531db0f,0.0014464669
ck_bac6dadf428eaea9,0.0304110419
ck_1b96d9af0d7da2d5,0.0159712023
ck_fa8a4a9e77799fcc,0.0021496423
ck_0bf48607a874b4d1,0.0037248193
ck_eeb75f8a6439f65e,0.0285165241
ck_a209a5f7d172125e,0.0093825867
ck_8f346b72fb40bf14,0.0056523537
ck_bccbf9fef367f00f,0.0121266162
ck_2d1548f1ee405cc9,0.0219310199
ck_e8298ff2dc1e9d50,0.0031684201
ck_77c0fb524edb4a94,0.0029404506
ck_28ac4c5134cb8e77,0.0256232946
ck_db23a0e3e54be60c,0.6036870246
ck_a059d00cee5cee99,0.0020777324
ck_3e9e3bba8bd363af,0.0029537535
ck_0428728df24cdab4,0.0033990550
ck_88cd35378075c84f,0.0007649948
ck_0174d76398d9dc0f,0.0552965524
ck_3f1287e6c27de0dc,0.0154861078
ck_ff822700f3605e06,0.9980308081
ck_4563227b2038ae07,0.1627179318
ck_788e78065526ee19,0.0404701639
ck_8a16eb584093b12f,0.0010411626
ck_cc276f71ab6c08fd,0.0408652382
ck_d61d97b21002f3e9,0.0411458167
ck_4b2e87d86a5e415c,0.0371504306
ck_3e6f35e4500d2f2a,0.0020613412
ck_3acdb083e0d8ad61,0.0022653042
ck_cd655202db489010,0.0042032543
ck_829cbf5ccda481ae,0.0089175369
ck_f5882e6f98b8b4cd,0.0014663611
ck_767947540b234add,0.0163740682
ck_a6e8e8f535b1f1d1,0.0257550844
ck_58412a2674fea506,0.0418571151
ck_fae7e518a585fa61,0.0162367041
ck_9c60ae6958d68dbd,0.2686055963
ck_328696b8f5e54ec6,0.0400557111
ck_7df3f8f4f1068d62,0.0043297280
ck_cfadd21458230ef7,0.0025852418
ck_7048bedd554c703b,0.0054518899
ck_50422466f145bfd7,0.0035455751
ck_61e1f7168cd9ff25,0.0672537327
ck_733aff0f56f5b3c9,0.0557254845
ck_e14892e424180549,0.0020207360
ck_03f6664a96de7d0f,0.0165956581
ck_b7f4baa2cc82fe61,0.0078101064
ck_1e51199a075ca0fa,0.0027079215
ck_0e70516fa07cfb17,0.8394079235
ck_0f37c554a5057801,0.9528364988
ck_5576b725de38d106,0.0052727053
ck_82f360df1e9f4eb8,0.0465302056
ck_395f3bd4aacd7ca6,0.0153695177
ck_5e8e857b63966609,0.5456793600
ck_93470896f0804b6b,0.9352049291
ck_3be854e42e76569a,0.0047645877
ck_0567302c57a2417e,0.1194524617
ck_ee535461b5f05539,0.2345337520
ck_94a096c36162a153,0.0101881659
ck_dfc8f5c141fd7c63,0.0204851022
ck_98b34f2d704c1c2a,0.0233466527
ck_96dff7a09d45f116,0.0912959535
ck_79557434c129ba52,0.0034311661
ck_4596624a7c01d501,0.0140288067
ck_04e89fbd739243fa,0.0043637316
ck_6149ffaf18872dc8,0.0014429781
ck_cd78f0832a09bd8f,0.8846880332
ck_7e29c10d781c3b41,0.0042398466
ck_1f7ee7b23fc6f2f4,0.0132345291
ck_c49b685d2b3ab89a,0.0090410944
ck_84569a8fc50e73ac,0.0073240434
ck_b92b11d205af91eb,0.0011629535
ck_06280e6d6d2485b0,0.0040129052
ck_3c08546dd0c92863,0.0165908439
ck_99d3983f907828bf,0.0058573337
ck_eccfd552aa652d3c,0.0167925389
ck_0cff8153881875ba,0.0256110342
ck_c1aebbeca6ab5ff9,0.0073339725
ck_538fdbbb3c2bcbbb,0.0231221977
ck_8c0210322733c718,0.0106682923
ck_0b0c93039f987abc,0.0126185343
ck_6d07d6d1bd227d37,0.0567296643
ck_9b6ee35e8cd0b11c,0.0030259577
ck_d838491d3d4f5ecf,0.0041213556
ck_0593ae243a9ebee9,0.0200008178
ck_ef261fc09be8eb0b,0.0017914576
ck_d0935b571a4a3868,0.0167028459
ck_97d04a67a104af39,0.0630072932
ck_e25f70d0b7229420,0.0146621568
ck_9b71274ff83de482,0.9737007541
ck_6de2aa2bb60978d3,0.0424765857
ck_eda55c8fb47593d7,0.0083539736
ck_924e572517515f19,0.1957852633
ck_d6f27eacbad310f4,0.0050850182
ck_8550f229b5eb03ab,0.0018379940
ck_e3e95546a84d0ed8,0.0315683140
ck_3135c019696ee6af,0.9865492928
ck_41ba315d8fccb559,0.0030172530
ck_72b86e4485da2d0f,0.9560688940
ck_daaa995f3c2f0e47,0.0348357650
ck_053746067839696b,0.0183035861
ck_a15fe7d0f4b65c33,0.5871045323
ck_15de11438732bb05,0.0034566182
ck_2c4d25acbe3fabd9,0.0289114301
ck_7f08078908599bd2,0.0733130962
ck_e794741742fb2619,0.0080857592
ck_238e53b6dee8c301,0.0035279462
ck_53a6a33060d5c8b8,0.0041521475
ck_0e0919292ad33472,0.5360521174
ck_d86ccf148c06c8c8,0.0180909294
ck_c881f26c9bf9ae42,0.4454687494
ck_4b0947bf94e9d847,0.0142538823
ck_e10ff5c38bd18470,0.0060602146
ck_b60de9e97aad9e45,0.9233073849
ck_190bc849e5ff5401,0.0403327746
ck_e7be077aa0b2632c,0.0154325815
ck_a51abde881ebeff3,0.0428658459
ck_2208392a9f6bd249,0.0141980911
ck_0259da8f109017e9,0.0026614950
ck_05e01ab9c95449da,0.0131297011
ck_c82897ebffb6ae66,0.0029885193
ck_b4a6bb4689cd7cfa,0.0150193150
ck_9e21ea33018ce538,0.0145403197
ck_caa348f0e65db062,0.9937363177
ck_a964e6b5d8415334,0.3146273397
ck_510bfbbee37ff436,0.0118848701
ck_9741a82faf5c7889,0.0135161119
ck_e7f61b4a39ba98ac,0.0014091912
ck_069d158665a53909,0.0207007787
ck_6426427efe3228af,0.0221388093
ck_ab4a8d02ec3c0fd7,0.0006777951
ck_aefa0d8d933e0eca,0.0245442325
ck_232325ef6bce92f1,0.0109626206
ck_14e58c3fb26a2b4d,0.0163764259
ck_06e73afdec26aecc,0.0867121530
ck_3168f4f2778d64e1,0.0136300050
ck_ff3998d6858daa21,0.0013912416
ck_bccff46fb0868454,0.1155142518
ck_c7d444d90fa86d7c,0.5478331770
ck_f0bc3bdee6bfbb94,0.0119435608
ck_f7112818a6d81422,0.0415358114
ck_aca35dbcb835ad02,0.0651998804
ck_f637fabf0f60528f,0.0197807944
ck_53d17ab97de1ac3e,0.0030706051
ck_c8c1bf16d9113493,0.0180088783
ck_e842fb0cf055a83b,0.0529642477
ck_93c0cb3dac4891fe,0.0198746782
ck_0c1f088e17e46daf,0.0176251770
ck_8f4b384955bf57c9,0.0020186454
ck_09cd5c4df1e81ac2,0.0655833397
ck_1e832a5b2342554f,0.0189906283
ck_2cb763a881aee27f,0.0019233449
ck_5875828b11406398,0.0209035119
ck_48e84b0cb0b90fa7,0.0238440690
ck_833688de8629c5c0,0.0007511668
ck_117d78ccd5820f36,0.0087635142
ck_668ec61c4c39cae3,0.0009045571
ck_73a7794b659d7a34,0.0007614542
ck_10f90d879209734f,0.0094819103
ck_d1d079913aa158bf,0.0027161648
ck_01c631b38e8a9535,0.0111749514
ck_f6923088c17a04e2,0.1015912997
ck_b447badc9138987d,0.0013405788
ck_8b772caed8f1541c,0.0076166885
ck_5403c76fe68a08ba,0.4845437080
ck_3e6833574edf1736,0.0298617304
ck_e527fbb9450a4581,0.9659347059
ck_cc90e219f1ebf390,0.0013892701
