cookie_id,score
ck_315fb710a0e371e7,0.0002653992
ck_a76ee3b3e3e522fd,0.1313984615
ck_94c9a4d382689e82,0.0343022608
ck_8eaf9509ad9462a0,0.0004921265
ck_9a88a5a989cb5bc6,0.0096281983
ck_15239ef0689c1a35,0.0143242596
ck_8de69cd219d3b87f,0.3409888225
ck_f92cd37022b0ce21,0.0082271852
ck_1a3ff7620580a514,0.0068463157
ck_397c03aa33a57310,0.1208688479
ck_a7cf6c3b322f6b7a,0.0031014930
ck_c39a9e75760e3201,0.0102114188
ck_88ab6d245228c38e,0.0006269969
ck_17733f75ebdea93e,0.0031550950
ck_58eb871e8d7bed52,0.1381948865
ck_e55b7fa67db1ec27,0.0014880260
ck_62f5cfe22c952694,0.0250069834
ck_7fbb709a0fe95759,0.0013376153
ck_87abe9cd066a20fb,0.0292809458
ck_d58e058b5c553dd5,0.0060436518
ck_d27b872648b71202,0.0019384074
ck_4b4a3c5b95c55b43,0.0005185692
ck_66dd4f4b4127256d,0.0010525312
ck_93cc12703b500613,0.0229756764
ck_d28806a2179092eb,0.9961711695
ck_0595c2a0c7881e05,0.0178416141
ck_50087d8666191144,0.1615494586
ck_b08b3f089138c901,0.0032176207
ck_fe3b67041dad2dd1,0.0007379617
ck_8449a28f7d475d93,0.0313302935
ck_8642e3b6d84f49d3,0.0060737904
ck_e49b5e4f2f2e79db,0.4487905553
ck_437afe412ea4259c,0.0474661899
ck_569b83668d74042d,0.8618732394
ck_233a487d31c3e631,0.9959511845
ck_1fca72e03143a645,0.9407651803
ck_79205e31223df2ad,0.0174451364
ck_9625a64406ea16e3,0.0022551461
ck_079bd18dacb704a8,0.1234232309
ck_4db6d4fd2b49aa81,0.0122098628
ck_0dbefdac0a1868fb,0.0029004344
ck_24ff97ad90bdd69a,0.0767913842
ck_77f8c5042065d506,0.0066725779
ck_f11be8ce05382cec,0.0038192822
ck_c9d72140b0389216,0.0443988898
ck_69eda24e931fb36a,0.0012262130
ck_ed471e496916ee15,0.0021158964
ck_ff090498c4b17ac3,0.0089397866
ck_c3c19d6a0720915c,0.0007838052
ck_af02e1817cfa40b5,0.0288377995
ck_2df5a9fc87553eb1,0.0025884211
ck_4ac918e884cff336,0.0539577819
ck_ca149244b54ef3ad,0.0003969974
ck_6babe5b8674ff51f,0.0080913488
ck_1573878386886290,0.0034618939
ck_3925f8565abb7fe4,0.0029400987
ck_c4de808ae69c771f,0.0009355709
ck_a777c813551281fe,0.0057362061
ck_df4424f6dd85080d,0.0278947311
ck_85e5494ec20383ae,0.0169514749
ck_f71a4094e889c3af,0.0017372991
ck_f2f3cf9cd23b2809,0.0324793709
ck_18e2076397bcc211,0.0127271426
ck_c9f9fddef39bc664,0.0845569368
ck_7e826e233d6ea028,0.0022392942
ck_62fd7eb46bee9210,0.0162294950
ck_206f8e3cd72768f3,0.0570417963
ck_aa295a11b0a6ab36,0.0066278891
ck_9a56739d81f84a53,0.0080687091
ck_aa075c418ed9fe5a,0.0075689594
ck_62b9fb3db284941b,0.0030329347
ck_f4f83b1403ebea46,0.0142208462
ck_16b66bd803288bc3,0.3586449925
ck_c4ca1434f3778f1d,0.9936834260
ck_1b823610371a29c0,0.0110277931
ck_c2bd5a722aa637d9,0.0046351279
ck_7890208951df34f0,0.0364647748
ck_020eb0e454524ecd,0.0052981031
ck_3b66196ccf436c35,0.0061777987
ck_109fc467ec0a4af5,0.1143905666
ck_f3dcd818db92de7b,0.0117866267
ck_31e7742f160980ef,0.0230854409
ck_77fce5f86f00b8f4,0.2602445151
ck_46bc797b4d07d607,0.0018856218
ck_37899b1b571b1c6b,0.0063706989
ck_ef8a6af43fedd464,0.0019326939
ck_bcc8519fe8521038,0.0165983385
ck_90696b7182dd9129,0.0079413527
ck_4a24ad61d017e1ba,0.0204256845
ck_0acc3d8c67218b9d,0.0034819620
ck_05c97fc9de11aba6,0.1758490476
ck_f8ac3a0500c0ec62,0.0086610667
ck_617b65141f546a1c,0.0020690376
ck_9d00823bf60388d7,0.0310160075
ck_123c15d93f1840f2,0.0897524089
ck_573feefba6bf78bb,0.1353454646
ck_b25657bd16739036,0.0030795501
ck_bd26d2bef14a8597,0.0026197808
ck_a553418f2fba1440,0.0128732810
ck_89f3e380b0686963,0.0036242402
ck_b359192aa659bdce,0.0125607687
ck_02241f3dc301bebf,0.0271059161
ck_5ccc1a1c78cb33ee,0.0610159454
ck_349cc5edda1b8853,0.0437382171
ck_e9f228845bf6e28b,0.0297798258
ck_0a45d033d4e280ea,0.0498744860
ck_7e63168dda612235,0.0034883734
ck_676fa5f6aae5475b,0.0124993845
ck_74b502b20690ccfe,0.0030488663
ck_073509af21dd7f5f,0.3103340719
ck_498a0acd450944d8,0.0018963082
ck_7f15b50b29dead01,0.0172662876
ck_8089fe7403c5f537,0.0084092914
ck_05b2b04e11d9ae9c,0.0172878006
ck_31e70f2f04b48b88,0.0013565602
ck_994316fa5a02b319,0.0013498093
ck_b76510998b9a2260,0.0257329051
ck_4db95c310e105d30,0.0017785199
ck_6f730b77dc6cdb84,0.0065254517
ck_2493ee8e7b91d304,0.0512319022
ck_92d679d6ac7dcdcb,0.0533080946
ck_3a0e0200cbb185cb,0.0327013070
ck_0b2eeb4e00ff7955,0.0205354653
ck_9843d0e61c37ebe8,0.9967848797
ck_e61c8721e3ef1921,0.0072606607
ck_2e0eedaaf2980c2c,0.0023267307
ck_9036b2e5e9298a34,0.0029568908
ck_3265442528d51728,0.2380064106
ck_f2ddae2eb1cb29b4,0.0059040532
ck_6cfa71d27fc27f92,0.0130664157
ck_f3199fbe84a28b9a,0.0338658840
ck_b78d785ca3ef773a,0.0064446049
ck_374865697f1480eb,0.0165560521
ck_06d0e4a9189302a9,0.0265220424
ck_9c9884b9bcaa552e,0.1772862349
ck_fd4cf578e87703ff,0.0161612936
ck_1917ef3e6e345549,0.1062103928
ck_e70418b00cbbbac9,0.0143567754
ck_a60388296a47062c,0.0461051974
ck_d598fe8d2c779ab9,0.0105578747
ck_646dc03de4c31803,0.8612575758
ck_e4fd8cbd842b6993,0.0018894024
ck_2225b555aa2a42ed,0.0231158529
ck_6be8ae9d78148882,0.0042245432
ck_4199342d3aca74e8,0.0359164783
ck_779581adb573261f,0.0449643158
ck_bb303568b6915205,0.0556324263
ck_17c4296276448afe,0.0022808895
ck_a60a61ac829252a0,0.0100277800
ck_6ea70950c1cae00b,0.7081314129
ck_1abb93f6924645e1,0.0219891307
ck_faab769cce19879a,0.0605432470
ck_d5b8e74e7ca6355a,0.0277340303
ck_f11f7691af16ad07,0.0018777521
ck_188fdf2be7c92e9d,0.9967358331
ck_4a103f8254b366f7,0.0054425476
ck_bfa17a0b1760e616,0.0019148431
ck_a4d7f6a5869d440a,0.8966704903
ck_58e20f5a3e7f11b8,0.8229480718
ck_4becdd3d2696c7ba,0.0059173757
ck_dad5cf32ab9f243f,0.0050429595
ck_7d9f73dc7c4f90c3,0.1534551355
ck_c19371047a2d011d,0.0023775502
ck_247589ff532f7aa8,0.0028792307
ck_7a9f241d5f082567,0.0008890701
ck_0a2b7078736b4dda,0.0011494661
ck_687b412e2aac7eb6,0.0085981941
ck_fce0b6855886a0b8,0.0069967284
ck_e291cc60920456d0,0.8566596170
ck_04219a7ea798db51,0.0398996215
ck_286bfd719836e9f3,0.2412974271
ck_55efc92394fee232,0.0110915500
ck_e36c8da1bd359960,0.0425436622
ck_34b0988a97d96902,0.0087472165
ck_e0fb11fc9dcb34e6,0.0039319416
ck_bcc9cbc9ed8b7c31,0.0088423003
ck_3df8da6f60a89a5b,0.0160511787
ck_b1495ee5c59a6b28,0.0177620123
ck_58f4c3ac61fda129,0.0701928190
ck_735f244b99e3aa8d,0.0102190349
ck_6b93bd8abf87b1d6,0.9751709161
ck_12107dacc6d05bd1,0.0018633324
ck_f96db2a1f3448d1f,0.0123780692
ck_8fd91a3c99e19097,0.0222721115
ck_910205d25388a0ae,0.0009416594
ck_d229dfa0e4442628,0.0020712844
ck_7cdec61e1c488798,0.0172848211
ck_f66f06e24ff32671,0.0440446021
ck_350bf14e90b503f5,0.0072880785
ck_61fff5fdaadd394b,0.0049117127
ck_e934f984bad2ff91,0.4390279889
ck_ff6a6d3547dd2d37,0.0110279948
ck_65ad9b15979e3247,0.0106004482
ck_bbe1a2ea5a403ad8,0.1248128984
ck_6f3a28eecd2c4031,0.0069631040
ck_a89b66665714058f,0.0116815103
ck_918c92182b6817cd,0.0251178328
ck_64f5eb4be9e7b8fa,0.7160965122
ck_d021fd497ea35fb2,0.0360096690
ck_004de16f7d8a42ae,0.0102056600
ck_a33d2325f86ab12d,0.0060914321
ck_89790ff26c844bc6,0.0101968741
ck_e6e7257377c37b28,0.0884331017
ck_a2cc3910a641a808,0.5836386188
ck_646e270e0195bf05,0.0031642573
ck_baba5d66def0d770,0.0457702213
ck_67cdcdda3033842d,0.0048199755
ck_b5c3075c811a2216,0.0627243541
ck_515379973a8044b8,0.0015563858
ck_c0ce85fb4109567d,0.0166793343
ck_fef850553862aaca,0.0033148803
ck_55d7217b0aff9fa2,0.0056189968
ck_8e139f8925ef7968,0.0040285081
ck_9e35b908fca1e4d7,0.0021715881
ck_59735f4ab2ad3da5,0.0121864205
ck_dc569c1167ccec0d,0.5272034665
ck_1dade5592f90a15c,0.0383938711
ck_793048d11fb8b328,0.1701591395
ck_545b71eb4fa594b5,0.0020101345
ck_bd30853e9a57b544,0.0173932683
ck_59f46321ecf6d306,0.0083975925
ck_260cfe9141d249f1,0.2391390480
ck_3365a0ad1a8aa83c,0.0035411983
ck_b0ef193195a2138b,0.0053006145
ck_0f909705e2e60f2f,0.0023173820
ck_5a540b75c866166a,0.0115680959
ck_87c26b2f41025109,0.9251738609
ck_27acc9f320cda104,0.1964650496
ck_a27bc31eecd9cb9a,0.0211371058
ck_115d86fabde77b65,0.0012250283
ck_eeca179341d56f8a,0.5687201003
ck_8e5999c436cf037e,0.0012982582
ck_510e7c5df1f95d90,0.9991152360
ck_f1acf73363925958,0.0195832361
ck_3c177f5970b68bd3,0.0067413963
ck_9cdfaa1c30cc9d32,0.0008704871
ck_c8efa1538b37c359,0.0059011409
ck_a8a2e296f9804bd7,0.0130697501
ck_91a0ca45f429568d,0.0135990810
ck_5fdf8a0bdbd3ed62,0.0179361501
ck_0f4e2ec66d50da5f,0.0015237660
ck_28c53b214b2ee882,0.1764418654
ck_003148504557f720,0.1056370662
ck_01d840cffb870615,0.2704261655
ck_555848d51f4b5f35,0.0079114673
ck_df20cc23b8fb8e22,0.0059837111
ck_f9604adde929beff,0.0050011393
ck_d66952b03591bdec,0.0030647227
ck_ddcac1ab765ff61a,0.0203682245
ck_347386629d96c664,0.0239844377
ck_ab01db9117acfe3d,0.0090702062
ck_58e5359efc52e0ad,0.0021569107
ck_1a524b5cc8da71b3,0.1245304703
ck_e9287b6d909d731f,0.0025383403
ck_bb41a66e3d90263b,0.3670699063
ck_e95c8cc1864bd584,0.0028779679
ck_7a3f2961e9a8b6dc,0.0054848775
ck_378a9df82b1e0bee,0.3473568582
ck_42633573639a3f02,0.9890076140
ck_2a5a4c18c2c7274b,0.0048595520
ck_77549c1a41f837c3,0.0062473193
ck_a26704b5b26258b7,0.0249869476
ck_9874ad160efddf50,0.0062266014
ck_9111e3a04b14dfba,0.0084941771
ck_651e076ee43aea85,0.0015953990
ck_391639c0f13932f3,0.0010016132
ck_02dbabda93c8c13d,0.0174117131
ck_0adcb1fffcb0a34b,0.0209550515
ck_7a43ef9c7b1c67b5,0.0034052502
ck_4b9dd69946438d0b,0.0077682867
ck_90bf017cdd37b66e,0.0341447119
ck_61c74163eb36556e,0.0216620890
ck_13376c59b5bd6943,0.0022128370
ck_62337eccb1672737,0.0246664874
ck_16077934338472bf,0.0012422817
ck_0d4dfd93086e7330,0.0060706458
ck_3865b7525b910893,0.0746015313
ck_7e2ae8b69ebd5675,0.0035594837
ck_b4384b6c11766ce7,0.0027584956
ck_3d7fa32dfb9fc692,0.0906293621
ck_f4a6a7cadd6e0603,0.1144431313
ck_212525e2828a6c45,0.0056824170
ck_33ad8d53394ba77a,0.5204998169
ck_a5051eafe8b51224,0.0091405123
ck_f65e5ff7da565f91,0.0039704351
ck_5c37f7563fa7591d,0.0239601391
ck_f1e0a006068aff29,0.0064681758
ck_c646cdead6fb79d0,0.0043873751
ck_f8b3cdffef535330,0.0590998800
ck_e5cdbe3aa12c97f6,0.0129411504
ck_986e4e61440506d0,0.1064639977
ck_6da9c5912e15d9a8,0.0025706349
ck_51d842e6dae74c71,0.0079412034
ck_5fc65c24e0736d5d,0.7971804709
ck_babb95a76c69509d,0.0275436026
ck_86a2d852a9715432,0.0373882201
ck_db4083a0d043def8,0.3076786819
ck_96953b8945b7d403,0.0107791518
ck_7831ca5c31fb3859,0.0742567223
ck_60ac5e5f375daa38,0.0247015107
ck_05d44eb1f5f085ce,0.0417856158
ck_432cc19c7eeaa46e,0.0177369027
ck_7fc513033af061af,0.0571331863
ck_ada6ede84c111719,0.0103217173
ck_6343e0d3b1c2962b,0.0165534340
ck_010264ae04f2e902,0.1552247124
ck_e9dcf535f8c289eb,0.0952698343
ck_37143d9cc296e6fa,0.0112313567
ck_61fa051192f3e810,0.0140330154
ck_f9f93d1d41be1468,0.8673659847
ck_c4f4f28457be8a74,0.0013445408
ck_323a71f9452d21cb,0.6601418544
ck_170f4688e0acd875,0.0819903353
ck_869b1878d09d230d,0.1232943245
ck_2f6b33bf46976229,0.0009945195
ck_b11e22e75d9b99de,0.0023800698
ck_123d75ffb75b606d,0.0102165037
ck_94295287a04c85d2,0.1000739117
ck_1b0434f096795328,0.0033856266
ck_0a4e191cd0a57ce1,0.0013218911
ck_d2fbd0df99634676,0.0055489743
ck_d51df5e9fbbbcc94,0.0430136281
ck_2d3d7d64a6f443f8,0.0081758232
ck_731943c682c9394e,0.0916156309
ck_5ccc0c94e5e1f849,0.0118823717
ck_c3476080516db25d,0.0148044323
ck_5010ffb1c94187b5,0.0004953681
ck_7ef666d67bc70223,0.0168157288
ck_c1b493527224a27a,0.0009283489
ck_5d1e25d7acc5af9a,0.0086195195
ck_ec30b61cbf517db8,0.0015304455
ck_79323eb5d2e5efae,0.0024130341
ck_4085cd3bf2661518,0.0163230831
ck_2ca91214c357c072,0.1093204818
ck_7f3132d6be389657,0.0418074385
ck_e7a6b925c8f39a85,0.0095402430
ck_c886adec7bac250a,0.0079026109
ck_c3f360c2d0ea0a37,0.0118967102
ck_a7acd5b015823793,0.0360856745
ck_9d64187c0800f84e,0.0111924401
ck_5d4ed73b9efd7d11,0.0058679714
ck_874eca6776b34dec,0.0025230472
ck_96a9221a87be93c3,0.0284377634
ck_68dd79a51eabf5e6,0.1109720795
ck_8311cb6755b2016c,0.0054772377
ck_16fc77b2bcf5ec03,0.8026243907
ck_ad9e2088a33c8c72,0.0003382069
ck_7176bbc97b1e42a1,0.0021439548
ck_80dfa54b30f65fff,0.5722298389
ck_31c54d540b128843,0.0025357526
ck_43ea894480567274,0.0377356626
ck_9c9e8a38bd5a6c88,0.0157113774
ck_1c2dcae19539e148,0.0279619160
ck_b0fa8b84e94d8ae0,0.0083979708
ck_4ceb43ccd0a81c2f,0.0069075802
ck_ba845332b730b596,0.0008133105
ck_73d3e8c6077f61e6,0.0990188647
ck_b5d0d223ef56473f,0.0177778651
ck_949f08f8e80e93ea,0.0007466499
ck_73de0b49709e5f8c,0.0017488899
ck_b5935e9722a39819,0.0519411022
ck_96247fee0eb44420,0.0017732101
ck_a6def1e4b2d57e0d,0.0374334895
ck_aecdc5a96321a2d8,0.0106503907
ck_bc61c59970f8de49,0.0219001212
ck_c43b4175fc9ac5bd,0.7350706643
ck_8ff7a9b23a55fd62,0.0028888052
ck_20c99b645f462449,0.0034645677
ck_a5ce2ae36fb410d9,0.0021269309
ck_96fb9bf556842bbc,0.0164788322
ck_b5e4c6dbbed1b773,0.0363784942
ck_2085433978e72ea9,0.0554147979
ck_2c6b174b063ec637,0.0127926698
ck_b20b81b88dabe28d,0.0027379939
ck_243c18dbf150831c,0.0027898173
ck_2bb6a17e8eee35cc,0.0235745527
ck_66147fb994495396,0.2078467804
ck_73f124f075ede0fc,0.0295773004
ck_2e315f1b1e533dab,0.0029416889
ck_16c7bf94ed3e7a6f,0.0007367400
ck_4a0eae220a762ac5,0.0190928142
ck_dc16f939c2f44ad8,0.0575024969
ck_817926b449754917,0.0180436537
ck_0c0dde42ab64ef87,0.0141853318
ck_cb3a40594da6a2ee,0.0177922854
ck_d0dc156441fcfdcb,0.0172745833
ck_66f0945add423e9e,0.0352028054
ck_a74f6a3030f5d495,0.0347196769
ck_1ae460f331e49ae2,0.0212369411
ck_2d177b2f4f0b40c9,0.0640660018
ck_92e474e4368c4791,0.0227014799
ck_3dee83fa2d109484,0.0009081120
ck_80e5ea27848069fe,0.0041146890
ck_ed0c4a83701ca230,0.0297956265
ck_0b8b7c5c581fd161,0.0006646522
ck_60bf8a2870956fb1,0.0056388061
ck_73a54b56a2bf35fe,0.6169537088
ck_2296d7a563424883,0.0090387973
ck_bc19c383560c7477,0.0209415040
ck_861d8e3d88f1079e,0.1601951052
ck_3f090fc96c24eb28,0.0050797799
ck_9a6a1f8102febfca,0.0193144312
ck_541b6ad5d2fa5a39,0.0057553928
ck_a760d38d1bc4de97,0.0011463599
ck_7dca4d7ee10b4eeb,0.0013020663
ck_15220e78d1545e40,0.0206073712
ck_ca24bb0de508efb0,0.0029144109
ck_56b389627d8f02c5,0.9953508288
ck_48a6754977a44db0,0.0026564854
ck_333a43ec339a04cb,0.0663197371
ck_f22aacaf86a65d7e,0.0868464627
ck_04bd8a1ffaf3ffd8,0.0020601978
ck_2737a72de6b700f3,0.0413932484
ck_c35e03b0dd0c3454,0.0318067929
ck_e0571312f395cd94,0.0134985305
ck_09fab6b9825001b2,0.0063168029
ck_18c3a095606209e8,0.0132253534
ck_2a97db9377d01e36,0.0054229582
ck_f29dbbfdd2786bd1,0.0130848932
ck_35d6c510ad29362e,0.1907949971
ck_5468fa99c945d785,0.0187167519
ck_6f8102f62c876cc9,0.0564148014
ck_91955aab3424ad16,0.0025806964
ck_9a43c0c73a39d759,0.0732761776
ck_60b023af6d1e30bf,0.4898365396
ck_9704c5cf8659cedc,0.0102072024
ck_7e5f02b51b9f78bf,0.0720274673
ck_7d3a88d1aa649708,0.9570509073
ck_8250eddc1ecb07a0,0.0533393564
ck_d979ef95ee44023d,0.0172294329
ck_5e5461dac83531ac,0.0112467148
ck_d1bb8890081e0a31,0.0362438474
ck_32246c62640648d9,0.0005602645
ck_77a40c7d2f862a32,0.0240767904
ck_1c8b94efe9238f5b,0.0028899711
ck_eaf3b6d11bc3cb11,0.0012239343
ck_a4a7ef3ad799c380,0.0151450282
ck_d5bd8f68da073cd8,0.0068503531
ck_6e6258227fc8db7f,0.0009213666
ck_c35d444e05799db6,0.0194059037
ck_74665e1209140ae8,0.0149829707
ck_353a272478f7e903,0.0077482636
ck_a2c9796ea229a4e2,0.0045970158
ck_e0171f91cb3411fe,0.0238241053
ck_703499f5410280f7,0.0039085239
ck_ae3a763997f8f385,0.0277718814
ck_f7ff94c3df5ac874,0.0167779521
ck_f3c16d8f747db046,0.0843343043
ck_7ef019ed77276496,0.0035285809
ck_d6a4faadab58a3de,0.0251825667
ck_ba7b78d31d74c794,0.0406732164
ck_36287d063350ce9d,0.0036874691
ck_5177fc7137ff26ce,0.0010421544
ck_dfd4e79aaa967b63,0.0133845472
ck_fb44d15fb93a7157,0.0078195493
ck_fca478361870a4ca,0.0181347650
ck_e57b94fe57341058,0.0161492253
ck_5448c946cc4758fe,0.0103543644
ck_c5ece5ffb8800ad4,0.0048237481
ck_11cb98211b2ed134,0.8349735418
ck_f655399ac75c4450,0.0118114559
ck_c817259019588d30,0.0220920027
ck_8740a14d8096c6e1,0.0126407951
ck_0c5ba86f4e05b38d,0.0054790616
ck_ccc917533d4b73d4,0.0166019816
ck_9eb80edfa43203de,0.0017519008
ck_d1a1cf4cf61d6801,0.0299027516
ck_b17c239f160e6017,0.0601724221
ck_410c3e13b48e0415,0.0025661005
ck_ab553954435e8854,0.5901341614
ck_bdbb4230c91e1604,0.0931623772
ck_8fd4937eadd64fb6,0.0039533403
ck_e0e90b196bef3c11,0.0012093656
ck_3dc4d464386f0eb2,0.1437239141
ck_51bbbf8f8e8ad005,0.9983959733
ck_c05737ab74cf03c6,0.0325712055
ck_dceabbe04d99afc2,0.0014181341
ck_5b86fd14e85bc9c7,0.3824151264
ck_d4febf0083800424,0.0311009104
ck_77d9f86dcf251739,0.0070626266
ck_b4dcebc543deaafb,0.0118643136
ck_cb856e75c949b0cc,0.0004762055
ck_61b067de8ffc1ca1,0.0375269698
ck_c0e8560ccfd9dd9d,0.0038285923
ck_173e1198c341087b,0.0092829514
ck_b4d55bc809000276,0.0073137592
ck_839bf139296b5cea,0.0084586031
ck_78cd402a2a4f2e35,0.0034549884
ck_c2925c50ebacbdba,0.0012591453
ck_5e3bc76eddbdb0a6,0.0020247803
ck_b7793edca26fc512,0.0093807003
ck_d79bdf04d6f31cd5,0.0031856986
ck_4b97d19ed946f503,0.0385976413
ck_37139b41c5370523,0.0151389397
ck_8c346eeefa9ce692,0.0165720871
ck_2ab7eddee2d8c49e,0.0055377807
ck_29da59ea3bffb9d8,0.1120456777
ck_c1d05ef0ec6e4be7,0.0104706029
ck_3882423b449f6291,0.8162218286
ck_5647030283171ed5,0.7761037255
ck_efbdcd9c181e72ca,0.0054432374
ck_192fdad892782daf,0.1137887761
ck_0bf2e13b9f2601ac,0.0819732463
ck_3d6046a533057795,0.0131631832
ck_279a1d3a3836e5cc,0.0168030724
ck_c375e929becde422,0.0087534022
ck_a59e90219939a1f0,0.0028206211
ck_4e9fba1ec54c3ff8,0.0344156993
ck_bcbd8588a13f5eef,0.0021970939
ck_5f9a7ff990341bdd,0.0013682706
ck_e0403d507519b7d2,0.0036833121
ck_c9490cb61aff5112,0.0233920104
ck_41dd44308e6a665a,0.1801798586
ck_76c23726cd7ca947,0.0081339416
ck_9be551300209fa83,0.2964861090
ck_a98848eec6c9581e,0.0360085976
ck_61176dafb33b2d8a,0.8488472378
ck_92de019e05971ce3,0.0144355864
ck_5d644224135d7c65,0.0132334399
ck_c767fc454fa215d0,0.0068670269
ck_5df85a8924e11f27,0.0133930266
ck_da2729307af06ed5,0.0311275758
ck_7c6b577174af7a78,0.0176203118
ck_893b8afbe11301e1,0.0037625245
ck_e06f6fed020ae014,0.0056356376
ck_386680372fb54857,0.0079756939
ck_7a7f3c4fe0c9d2ca,0.0049421695
ck_f908b527c4db422d,0.0817568159
ck_ec2eee6a133e9a6f,0.0540573206
ck_d98934f9fe0b02b3,0.0024028515
ck_398a1ed77b0130e5,0.0058354802
ck_d960af7a55b892b1,0.0073620267
ck_4637e54a9f79e2e7,0.0030026979
ck_02b9f418524f6650,0.0168651134
ck_d4b23804cebb045d,0.0130608868
ck_35b1939c48182a9a,0.0142888689
ck_2dcbb71e39d64305,0.0124291650
ck_47a884dec960ff2d,0.0068516862
ck_71fd8c346fde5cca,0.1698069391
ck_98e1992ac8e7d2de,0.0709723381
ck_ae7780327e210522,0.0087720717
ck_e6c584b4b1ad6d9d,0.0054428913
ck_344b2e326a6c3dcc,0.0053079494
ck_9aa899a5230b0963,0.0286499317
ck_e48d14d5b70ef5aa,0.0084298691
ck_59d380a0973b3951,0.0146674291
ck_11318f7c041a5ba9,0.0103073746
ck_7061786fe2f22f5a,0.0114208256
ck_e77529651c416cf7,0.0299096323
ck_7f79878197340435,0.0105174881
ck_b0a0fb0ee9ebf106,0.0052767558
ck_70c7679199776a90,0.0097256082
ck_b9facd2210daca5c,0.0489316688
ck_9949f53c155b8dde,0.0102158350
ck_1c607e24f2c4397a,0.0755745693
ck_aefd1ce3ce093cbd,0.0006085764
ck_5a29b7018e43280c,0.0037109388
ck_69eb0b2ccfbe5f95,0.0102236341
ck_fe037765aa465c58,0.0375798862
ck_5e512ef5362a3dd6,0.0029330688
ck_544a9e80b7fdc279,0.0016169701
ck_7825494e654d5695,0.0186868288
ck_f1f2c3c623553f0d,0.0005848619
ck_52730906e5b461eb,0.9416082827
ck_01e0689157fe9617,0.9036962046
ck_9da82e567074da9d,0.0204213653
ck_6a17384072f904c0,0.0126017847
ck_8d84d771a21942a7,0.0002630066
ck_39638880292782a7,0.0052951268
ck_7d51c86e0eec72ac,0.0142389571
ck_45f4c821c70d134f,0.5822753223
ck_0af3c13ba56ce57c,0.0047537877
ck_0789a05e061b2784,0.1213077670
ck_6ba091eb42ffa9fb,0.3523370804
ck_265accb3c5c32620,0.0483127055
ck_179039559ff7566c,0.0314856948
ck_17c0a6a92b5765cf,0.0114261146
ck_59371c9140239fd7,0.0088841333
ck_f9c4f8b4ce2691f0,0.0129569171
ck_a2637e4872cf4811,0.0982980055
ck_1de43fd6c6c22a5f,0.1096565781
ck_6e4f31bd108571f0,0.0018323637
ck_da06d97db0b18851,0.0009861831
ck_e0346d5081e640e8,0.0177536361
ck_c1c7d4e62c9fcded,0.0431214887
ck_2595669e421299f6,0.0089211461
ck_3b6057d51fd4c7d6,0.0039348628
ck_c5f8ab515840a0fe,0.0060382278
ck_435cb24538c6f77c,0.0439666723
ck_d84b5403da4cea7b,0.0297588078
ck_c2b61a98d1c8f6dd,0.5694220298
ck_c9dcd92b2f836b61,0.0479470427
ck_9eb5b3f5f672c2b1,0.0008245558
ck_e4cf189a8d31649a,0.0022667765
ck_6b114f2a48152b96,0.0011479717
ck_3fb95862b70f505c,0.0357264568
ck_7f780f465c29398e,0.0046059068
ck_ee387f9da79e67ea,0.0168661222
ck_fa3b1e85d27af2ee,0.0297917065
ck_e739eaaa7a1822f2,0.0259397735
ck_dfa0ac11fcb1dabd,0.0018698777
ck_6e8751b571ea54d1,0.0273727360
ck_2d695f8358383092,0.0466173923
ck_e7dce27edb700f27,0.0060742551
ck_e322da8b213eab52,0.0058861159
ck_d0b32e039abb8200,0.0102656272
ck_b354003302b272ca,0.0048929422
ck_f7485cba392bc294,0.2085727443
ck_d6a290ff8362c7b9,0.1219190083
ck_c56a44fe315c0389,0.0081920240
ck_f77dfe6512eae322,0.0136418784
ck_35fe969c58b9e70b,0.1600641795
ck_4c518637db2322d5,0.0805061194
ck_cb61902798ecc4fd,0.0324428991
ck_56e6cfa32156a916,0.0024303240
ck_343e6ed2b9d35c01,0.0045349989
ck_51440f64f7250ad7,0.0310601763
ck_295bca29c34cfe2e,0.0198202749
ck_dd30558576b45e7b,0.0133122439
ck_3a30132a57181fe3,0.0733415317
ck_4a733aeb833406f4,0.0082181942
ck_1b0b7c3d35ab1259,0.0394333298
ck_962c3bbf27cd4b80,0.0194348247
ck_9528e1d6b1707870,0.0192956382
ck_b3263e7f31aab45f,0.0351175918
ck_e69195a3c885053d,0.0011079967
ck_a907fa8795cd4baf,0.0009038267
ck_205c3405045bd835,0.0026805524
ck_e81fc223bed3c46a,0.0319188350
ck_363751deae40edfb,0.1534118831
ck_6176baea8cbebbb6,0.0032422369
ck_633e6579f5c74a5c,0.7277148246
ck_ddc11fc481eef58d,0.0265385329
ck_e975002c979e12c7,0.0550111802
ck_8e039b23acaaac00,0.0409635943
ck_1d6990d94a4d2ad6,0.0283878326
ck_e7b583acaa3171a2,0.1086306926
ck_c0133f60d39b2fb5,0.0370457803
ck_7d6bff85e7a694bc,0.0011857319
ck_d305b4d82f63f647,0.0029555407
ck_22bd0fc71f95e048,0.0467073171
ck_9a65fcfc7916f93f,0.0007660789
ck_d61c837b0106085a,0.0864956476
ck_be86a1db08dea456,0.0134151274
ck_90489c405e6886d8,0.0047321548
ck_0add2c321d579d75,0.0324691016
ck_482dea6eed92cbbc,0.0075037490
ck_c24b47184534cc2c,0.9967832066
ck_fa04ac31e596e7d6,0.0140417529
ck_084322dc5a3a86f0,0.0054768857
ck_ccb72a33cc1877b7,0.0172466774
ck_afaf374009d3b248,0.0079378489
ck_b53084ffede19a8e,0.0034533262
ck_4760216154c8cac2,0.2531200441
ck_37ad3a65db673e70,0.0068017159
ck_0c2932cc0d553694,0.0115223647
ck_86b853c52f20fef5,0.0031377631
ck_38703b7546d35a80,0.0114872048
ck_218b7e6e6dbd2da0,0.0104164582
ck_402db4184982fdf5,0.0134488757
ck_f917c82af80e4a79,0.0954502215
ck_3c6417a233c68c73,0.0450883974
ck_98068c397d70dd3a,0.0256371101
ck_b1cbd6679c0f8d95,0.0028654867
ck_9e962f9bb0e7bac2,0.0076025686
ck_b08247c3ad567d92,0.4433644029
ck_3ef7a03ebb81cfe3,0.0011403032
ck_5d7ae0e3562e99bf,0.1173686302
ck_c91a628236baf91b,0.0703735114
ck_7f8e816ca51755e3,0.7960516022
ck_5aadd286d188f5c3,0.0087627862
ck_a037aff5f8128c73,0.0017585041
ck_5df6529ce8290906,0.0056888666
ck_5f3609511443e5a8,0.0031206117
ck_a6f61864fac3c8fb,0.0038799397
ck_2733fc6ba23ae46e,0.0185912245
ck_22bfb9246646eb41,0.7422609883
ck_bfc2a57d8fd1610c,0.2781619303
ck_49839e761d0e74e9,0.0142332010
ck_aa4ba931dd37481d,0.0063550047
ck_2f9fa0d61829f815,0.0075486083
ck_5b82c774df10d49b,0.0014915900
ck_411219470d0a195c,0.0223574124
ck_d07485ba10514a2d,0.1629648527
ck_219bef979ee21bdf,0.0007677013
ck_eb1006e7285184a6,0.0545973454
ck_fd242b18575e3063,0.0811607011
ck_95188150ff059c70,0.0609952062
ck_a9ca2f447b984a6a,0.0057730211
ck_2dd39723c4088b64,0.0121927133
ck_aa2b4c662ff213b6,0.0221760009
ck_1867b1199c864db5,0.0355280456
ck_850ec97a5a0dab9a,0.0153932209
ck_562320295fa35875,0.0040202398
ck_bab5759b07fe2bea,0.0032034427
ck_b9f1465d803e57b2,0.1096282861
ck_8f21f2690c32c691,0.0382262012
ck_df87d6f61a63eb21,0.0147595018
ck_770475876d0e7e6a,0.0034766948
ck_b4c014d5c0cc9eb2,0.0021563970
ck_3add4d23124c9290,0.0023779621
ck_bce5b7fecfb6264d,0.1597355828
ck_604c17cb97dc89be,0.0409547550
ck_e52cbcd9aafd26b2,0.0061629965
ck_0ac9114076f5bf3d,0.0058206323
ck_dcc125b178b79566,0.0010074696
ck_4e333c09f0c37dee,0.0285496553
ck_ff7e31ff8ba731e5,0.0060690049
ck_8d0532d24f1070d1,0.0014636817
ck_3689fa41748a6f6b,0.1260982314
ck_7509eb97c1948b16,0.0129883357
ck_a9161cf1ca22a6bf,0.0062038419
ck_bed3e3db135b782e,0.0272641187
ck_9040edd974ef8e3f,0.3595693349
ck_fac32d76ed40f683,0.0120748616
ck_3d7b1078e2d57c69,0.0024267689
ck_dae09c4e074af5dd,0.0208078895
ck_fd84507228467b40,0.0565977391
ck_e2a2ce9b8cf44c63,0.0217089784
ck_cbe716f351d660d4,0.0035442941
ck_cba4162ef29a6d27,0.0124886498
ck_4f1e962ff8a29732,0.0041708547
ck_39a81899dded61e4,0.0041319749
ck_25382331551d22a5,0.0203177713
ck_6d64e1c07b19856e,0.0016857728
ck_165a868bdef28ad3,0.0571432639
ck_88774ae52e30e877,0.0121263639
ck_fc7a9d0643570053,0.0016400461
ck_c2017120b3b88a46,0.0040857524
ck_d115ac6b9fd62a7e,0.0082977272
ck_439cf7d51ec7de0f,0.0121095877
ck_2468a7e9e68a0927,0.0088730299
ck_7c418947124dee8f,0.0480396760
ck_fb0cf32c4a56f740,0.0182907799
ck_694eb6c43193afd4,0.0147612778
ck_993beb188dd4abb6,0.0113783190
ck_77fa39d3b733c226,0.0799703016
ck_49969a9abc47cb69,0.0274543187
ck_d3f44bbe2f7e9b2d,0.0415143054
ck_fcf5b8216d0c18ef,0.0005973456
ck_daefe1e2d2bc362d,0.0021974794
ck_9c9287cb28950eb6,0.0063650532
ck_c1d1a625b885a975,0.0103508296
ck_71b37fe47490b4ba,0.0034955560
ck_5d16e257c0635f7e,0.4203517859
ck_15918075563eb074,0.0026258179
ck_9a15fdefc47e8d11,0.0056725470
ck_6f04d047d1dde75e,0.0009805513
ck_1af2c0b3b8d202c1,0.0045908253
ck_174be2231c5fd2b6,0.0016727251
ck_bb0713a2a1d65982,0.0172591923
ck_0daec63bd5b0729d,0.0157294424
ck_c0b5cc3e8ad2ff44,0.0695179488
ck_35bee1fc12664644,0.2315121192
ck_a1c7cf63467df4c2,0.0015523332
ck_ecb1e15f0b185ceb,0.0835981667
ck_f280d31f54a4710a,0.0343148515
ck_30f4b2ee8abe1342,0.3647442953
ck_66bed631354de5b7,0.0049093148
ck_c2d3ecd7278eba2c,0.0027901470
ck_e901dec0e09eccbb,0.0014070459
ck_5d038ecb3c8748a3,0.0096345083
ck_283c5bea94b21e80,0.0018161313
ck_7956c251b85f009e,0.8534036907
ck_9f5f81d771146aa1,0.0007473794
ck_9323e6fc1e168eda,0.8314583782
ck_10495d3a635b8d69,0.0580992077
ck_1982d571cd36eb0c,0.0091271635
ck_4f5d7985bcc2eda4,0.0011789520
ck_7df526b2b4410bb4,0.0284520867
ck_dbb498b1a346a402,0.0017325739
ck_ef059997563e3330,0.0181453077
ck_02ec4e06709e6b82,0.0017229231
ck_9782c86ba6485f88,0.0016783459
ck_d69de468b44143ca,0.0096590910
ck_6430a8792f400e0a,0.0039478214
ck_8285bd3c90af94f6,0.0121246412
ck_985c9ca112000e9a,0.0271804410
ck_e679fbf4f4f4aa07,0.0016090105
ck_016e8c8eaf9d511b,0.0709068154
ck_bc996c523944644b,0.0210120522
ck_5b8315726f6204e0,0.0114816250
ck_78181f8e998e442f,0.0044257399
ck_71c68dfd011dbbbe,0.5407734858
ck_db32c95ce2b6f502,0.9438484720
ck_755010362a9b1bc4,0.0036695093
ck_114141d85256c9ff,0.0005265602
ck_9d1a5cf5a3b87e48,0.0105502174
ck_ab640420858ab5c4,0.1067880053
ck_97a8dac48dd62488,0.1737555119
ck_879cc3166fe1bada,0.0022461335
ck_b0ed11080076e381,0.0027199646
ck_7334a9ec656263b2,0.0071507420
ck_6494f0ef13ce44d9,0.0101803457
ck_724e459b9ece38f4,0.0174537698
ck_7fd8b1470401695f,0.7659107854
ck_292f81186358b0fa,0.0078669417
ck_fa7de64d37287615,0.0280819048
ck_d00e09e66ed6458b,0.1625017806
ck_b8d210e741be186e,0.0025921407
ck_3db59982cbae4410,0.0682830382
ck_69887d0a9aaca6df,0.0010927210
ck_4feb21e2fb0b3977,0.0035317078
ck_08c6cc1e143475e3,0.0023042262
ck_fe6e168cdbb46b9a,0.0379931574
ck_07f1734be7fac56a,0.0448841831
ck_d66d59981307db93,0.0222666973
ck_f928dba0d587d7c1,0.0010492208
ck_786448fe3004cbd0,0.0034463413
ck_29ea329fa40ace62,0.0173662187
ck_7ea52b6f27edcb73,0.0234339316
ck_18bc51bbf3ef198e,0.0531465722
ck_44950df09ff14ded,0.0016564989
ck_c1466b52c0a10b93,0.0171200924
ck_6cdac067cc4db5c5,0.0446550822
ck_53f55c6e8cf2d432,0.0014569726
ck_95945f48453ca532,0.0823515466
ck_87cce4126e215153,0.0025485282
ck_1ecd5516c92caa4f,0.0005525352
ck_819b482bca14c068,0.1871027642
ck_a61a879dd46fc9f2,0.0048920845
ck_af70aa32c009c3c9,0.0061160345
ck_f4fe78e249092ab1,0.0171437258
ck_12c46bc52bf45b36,0.0160552056
ck_f05f5e4b40afa52f,0.0530735582
ck_0f8cb09d3f4fc980,0.1008972812
ck_80a64a7f0275a71d,0.0146394625
ck_683af7b1540a0b22,0.0145692292
ck_51fe0b613c076cbe,0.0043720160
ck_da1a2450219dcf19,0.0607045861
ck_2a7eba01ceba6c2c,0.0269518289
ck_4e329e29dfa743ea,0.5332839336
ck_0274d881d6db82c8,0.0021085487
ck_0af5b7d128035b35,0.0243913497
ck_ae0a7be6b0a0ea68,0.0252532179
ck_de5bb7a4d091386d,0.0598436493
ck_2bb7c17168a9d17d,0.0065638859
ck_0ffdff7b2f5fdfe4,0.0047128324
ck_718a8390b3d42d7d,0.0149544305
ck_7c4f12d70f184533,0.0009030498
ck_d3e2c26b8adff099,0.0195970533
ck_ac9d3d9754104cf0,0.0020464522
ck_3b1766a1d51f8f0e,0.2634434157
ck_a9bf75bea912027b,0.0267004630
ck_687eab3ffe1f8cfa,0.0318527966
ck_25dd0b02af5b2f37,0.0613697841
ck_1747fcc466f0ae38,0.0011930051
ck_f6e9d14dfb6f3c28,0.0214054815
ck_c6a7bbd0adc4d5f3,0.0449417969
ck_46656a23f4456d22,0.4351457903
ck_7519260415c2998e,0.0261264941
ck_754f30ea19df857c,0.0201641325
ck_ba88a244d5f7380f,0.0073602043
ck_f268416945316815,0.0088852339
ck_21860dd2159dff28,0.0030122383
ck_7a86ef4e2beaec38,0.0008904983
ck_0414507baeea936a,0.0134165727
ck_60796eb60fc3043e,0.0022874081
ck_1e0841ed17fe0562,0.0073550977
ck_0d641d32658d6e0f,0.0025348732
ck_b36086ae6d87eec1,0.0078377022
ck_962e65ab33b5c311,0.9343139839
ck_b046a42684468e63,0.0137488836
ck_ab3426435b0017d6,0.0244958550
ck_fcfe06e44d09a344,0.0306207692
ck_0f6d916c92189516,0.0170883718
ck_d4c8f0d957c3965d,0.0144600930
ck_2ca83dbd728af019,0.0007620042
ck_2857a4ce9f72fbfa,0.0013700229
ck_a60e6edc48e3d0ac,0.2248617809
ck_0cbd3b27063d4415,0.0636672251
ck_612089ec90c37219,0.0177924723
ck_ec4e597f17f473c6,0.0024599531
ck_1c93cc58f314bf71,0.0186004653
ck_2b359a979520276e,0.0053566734
ck_1496568ddc3b2d56,0.0249311657
ck_41d91dc9f5063566,0.0109932866
ck_4c5ff58afe3d7a67,0.0045438548
ck_81709736281fa3eb,0.0011518314
ck_d89abbab3d4957aa,0.0211972278
ck_52453401f88935da,0.0282637277
ck_a477654d34783e06,0.0026438852
ck_72dd0dbdf808cb00,0.0384435271
ck_c183dff3781746cb,0.2956516043
ck_c8b7f241810b45e5,0.0013865639
ck_f88028c3f306bc70,0.0696026907
ck_91d48d69e4f5d9c2,0.0061386152
ck_b74b9ba6d7c9aab7,0.1672510736
ck_03e904682dc73bba,0.0063072833
ck_fc6fed6ea96a004a,0.0083662040
ck_51efdd240e34c642,0.0504374307
ck_e78ab4ff52b5fd2d,0.0082580910
ck_4af7b97c24d89a45,0.0486953063
ck_295c0072eca7f7a2,0.0046419526
ck_8abd1a50a9227463,0.0207895680
ck_ecaa6f13304e3dc5,0.0019484254
ck_de436e7b319be1fa,0.9975214674
ck_c802cf8f61466027,0.0024617236
ck_3d83e0a3c1cfbf8b,0.0207097925
ck_28d2003c2d16e4b6,0.0016142602
ck_8ddaf745bbb9cd62,0.0007034955
ck_493b6256091014cd,0.0317441061
ck_a2245822cfea997d,0.0013740700
ck_f7305b3c64cf8a03,0.0663509666
ck_9937dad93a0ed3c1,0.0049079705
ck_d654449f9231ad76,0.0097963404
ck_850e2b59bc535490,0.0316642747
ck_e55e5bdfc0242aef,0.0541863535
ck_d35c51e981b98c5c,0.0058839112
ck_27cdf9c5e6f0915b,0.0330794086
ck_d328db1e1052d820,0.0080839472
ck_0ea30eff5f361cba,0.0049937189
ck_9994323f97109f4b,0.9905852964
ck_09054e97bdf9624e,0.0046612442
ck_723b4afc388113c8,0.0024583526
ck_588f6e6a6a6d93e8,0.0092548002
ck_e1d563fab4d6116a,0.0102293150
ck_53aca610e20598bc,0.0181486142
ck_c8131ddc7ed33448,0.0102998189
ck_899f88464305824a,0.0537905579
ck_1c17c65804f8889e,0.0034090315
ck_45a16ce12893cf9b,0.0098268991
ck_f9d481aa4f9b2808,0.4385755824
ck_1d5d74169cf892ef,0.0165003241
ck_aba32acb61c1aaca,0.0281237365
ck_ec4dd3675a8d28cc,0.0139523612
ck_5dcd443fe0bbdeac,0.0016788317
ck_3a47e3f54475e854,0.0019219984
ck_a9aa5c344c315532,0.0202234018
ck_9652283c9f61fcec,0.0005175855
ck_752dd3d2487f78ea,0.0101035217
ck_a821980ac4db9943,0.1248102536
ck_93e0d6befb67f7a1,0.0455265751
ck_e7a3881c3e36bd51,0.1290078530
ck_12631b78f8a03df2,0.0011557040
ck_57b8226610b48854,0.0058473680
ck_352657008983fd4b,0.0377354308
ck_0841a5c24fd3dd28,0.0173372319
ck_db9b9d5d30f74070,0.1652609449
ck_a9dded7f6294e44f,0.0448737085
ck_91a16336ce3217dc,0.0118508005
ck_371bd9388b287677,0.0015767547
ck_f285e5e1912a7c62,0.0018894545
ck_368b65fca69fc415,0.0322220094
ck_d27a73596b6500c2,0.0387731583
ck_2d963f9b2c4d11e1,0.0449619848
ck_7c500e219af39486,0.0086555443
ck_7d025dea5951cba7,0.0067991726
ck_32f632706608859e,0.0053357518
ck_53816231f3ffb48d,0.0022407428
ck_9dbe184e81c1ca8d,0.1411982132
ck_d74123617f22a21e,0.0076582307
ck_275386782b1606f8,0.0016068579
ck_0b0e79d33e50cba5,0.0031190092
ck_ba93cb604f792915,0.0388794186
ck_a86cd653472eccbc,0.0108274618
ck_87771861e0447210,0.0622468824
ck_212380e0371d8a6d,0.0079505401
ck_ef0d702d7b0ed745,0.0012229889
ck_2b8f33e22f939372,0.8791270241
ck_480347ad92037105,0.0221100050
ck_20124c3a16c53ce4,0.0144693766
ck_c9e1e3229baae708,0.0135048247
ck_b1befe967f7a5ebf,0.0618194264
ck_4672167d7c989bbf,0.0985586425
ck_f0c44ee5e3a42e3d,0.0277368472
ck_c416357d20238a4e,0.0064939957
ck_d0f470f8078c91df,0.0231579484
ck_3a70b4ee59084715,0.0068720314
ck_179ed66cdfc1ce27,0.0026294530
ck_387e5a7f163c7837,0.0178304152
ck_08fb463e69f647c8,0.9850062056
ck_732f725747393ec8,0.0155860035
ck_7cc5e0fa3ca5a713,0.0034897749
ck_ad4a4daa826ac68b,0.4091281550
ck_472e0be7a3b533bb,0.0267545827
ck_7190177963eafdd9,0.0057032912
ck_647ac26c5900f082,0.0052640213
ck_272ae2179bbd8e58,0.0104452886
ck_09b0d8af304646bd,0.0005483088
ck_ca0cc8ea9f344408,0.0028397728
ck_332ad134fb909869,0.0055472723
ck_fca2798914627dc8,0.1310748477
ck_4450b55f462ae134,0.0032033721
ck_d67d9dfb60b286b9,0.0017829853
ck_a9d2bb4f2bde7052,0.0034852157
ck_929bcae878a3ecb3,0.2720762799
ck_59a9e000fa275e1f,0.0257258801
ck_57f17254e2688637,0.0106432787
ck_0508908697f60ce3,0.1706880898
ck_946afc2943298d26,0.0019772683
ck_7176d12b18f2cc0e,0.0224057143
ck_5c47b49c26cce286,0.0212454376
ck_b6a2bdb2d335e1d0,0.9938586075
ck_1d58f6caaa4d012c,0.0095697847
ck_71c917295020ccc7,0.0051179092
ck_bc89644ae3688995,0.0152201781
ck_e7c212f16d6df272,0.0055112037
ck_c6d2e11a368184e6,0.0088972041
ck_eed7f1f7548df15b,0.0051673656
ck_75b69034000ca7bb,0.0337526680
ck_38da3bf629458682,0.0083503876
ck_90114c891239d821,0.0010348655
ck_8ee08f6777cc155b,0.0178387851
ck_bd86132499defcd0,0.0096664218
ck_b95fbf2b5640aa82,0.0131566259
ck_c530235393360e3b,0.0137204847
ck_be52a7ec43241ba4,0.0582761655
ck_d96eb3cc55f2772f,0.0091832646
ck_dd34f0a844fb115d,0.0678278362
ck_17cc7b411f448e66,0.0346571824
ck_856ea65fa27d06dd,0.0226795669
ck_056d5f0301c30902,0.0953493071
ck_e662b14b2bab23a2,0.2049379840
ck_209f574c8d92274e,0.0156337205
ck_62720b81617896cc,0.0074125604
ck_041614694b77e599,0.0054909174
ck_461e3f7b97db8d16,0.0339883045
ck_1b74b798eebeabdc,0.0091128170
ck_0ed2739384f1d644,0.0071912971
ck_5a4d19f1b83feeb8,0.0057411691
ck_463937167965a1f8,0.0338730645
ck_9d7151dbdf100e0e,0.0222473424
ck_20a7d1ce6cc27312,0.0028556679
ck_6031211ff118cf0f,0.0083592666
ck_a6fc92aa91e99b77,0.9724015174
ck_0aaaa9d2f75a0518,0.0433199774
ck_ec26e327cc1848b2,0.0074036451
ck_0e6bebf8ae9b9b03,0.0182772639
ck_e107537a4cb738f4,0.0031681978
ck_e8ea56e122a5a487,0.0201785700
ck_98149ed45d38c4d3,0.0509821543
ck_0e719b3a6906b8f1,0.0004077574
ck_0c6e7bd357e4a348,0.0011295270
ck_d3b2b250da61db19,0.9200188117
ck_8bb6b0a292754576,0.2146015737
ck_87d70f5fe48a6128,0.0260509369
ck_ea9edf9c107d429f,0.0050960562
ck_059806c52cebe4f1,0.1457188000
ck_a72d6df666e1c21c,0.0143039215
ck_1d2b80ab6c4944b9,0.0063657711
ck_60557f077abc42ca,0.1958373939
ck_e5f5cb7dd6ce4a37,0.0247167568
ck_4c4a939154446053,0.0019695488
ck_50ede3eb561a202c,0.0114976558
ck_6d03a542922b2ae8,0.0136371092
ck_d6fe761ed0db3270,0.0165291503
ck_7f0cd6ea3096f985,0.0036241417
ck_23edb6d938a3b87b,0.0033570554
ck_799aaf9f2b9ef621,0.0087244446
ck_f8f6a03613b6dda8,0.0022063879
ck_7cffb189f4f514ec,0.9736640027
ck_c081e1967dcd811f,0.0318557537
ck_583d6ca78c97d91e,0.2825259435
ck_9332bbc7125219a7,0.0033410246
ck_956b5af6d7d86c65,0.8603250644
ck_2d634e3f24681c0f,0.0319491222
ck_7b35d218ed0c5a60,0.0067061568
ck_ca5b1057f8248f73,0.0116775533
ck_ec5ea81cf813597c,0.0374732557
ck_eaebaf4d28400fb8,0.0204911110
ck_ae2ab6be219219aa,0.0064960893
ck_d99a8b4c820eb46b,0.0035769324
ck_bcfb7ffb7cd428bd,0.0107604559
ck_3dd542c2d31be2c0,0.0110822813
ck_c7dd84401e29a7fc,0.0020938207
ck_c4bcc7cefd40f8e2,0.0012854248
ck_c251898b5d51e3b0,0.0075905137
ck_36d37be780c1291c,0.0025404555
ck_99b4f266b61ae7ee,0.0127944262
ck_c37f03995f0f0169,0.0014328087
ck_65a23ac8e44eb901,0.0021310863
ck_644b1c1149eea9e0,0.0346230130
ck_9cf44eb0237c2429,0.0024687884
ck_20541686a94fb71c,0.0765722111
ck_c18245be844680f3,0.0046291513
ck_56de216eda6b7fa6,0.0015791481
ck_406c4442dee45cd1,0.0020807777
ck_df1585c7d72a96e0,0.0030539652
ck_b8e8dba20676d87b,0.0358145015
ck_0ee6965e68efc177,0.0281288146
ck_c2a5c54ad8d0d297,0.0096092917
ck_bf6fb7e6470e95cb,0.0005172853
ck_27fa694569140345,0.0016215508
ck_e04166b0ce66393a,0.0078637442
ck_8742114f4f0cb22c,0.0745721771
ck_6eceeafd56b42576,0.0879615169
ck_34f9951b0eca1965,0.0145223008
ck_384ccecd342a24ad,0.0026624931
ck_49c98bebd1338879,0.0022449487
ck_6c26c12071c91ff6,0.0024345533
ck_01e5986ebb9a78f1,0.0241286123
ck_121db7ba3be29ee8,0.0234494520
ck_039e6d5a330cea1a,0.1357275911
ck_ae8c9163cf957d7e,0.0053015510
ck_3f5e8f3f1df0c8c7,0.0610049418
ck_b1c51fdafcd80122,0.0243670560
ck_12e2b5ebfe8986b2,0.0044238912
ck_d55eb81a4d543c59,0.0143504361
ck_f85155ca5c312c7b,0.0254051994
ck_133d8a1ac7c0e301,0.9892503401
ck_04212a9bb9b28696,0.9963399242
ck_4cc11c7d3ca61f73,0.0089105209
ck_2df4854186ec515b,0.0119904977
ck_aa9b28e7fc43af79,0.5585116272
ck_47cad6c3def4c9e4,0.0013099377
ck_fbff7b5da8111567,0.0092347674
ck_bd25ea782e375b22,0.0259839586
ck_7989376f8cf64a9d,0.0176151292
ck_675c0ca1ebb1051c,0.0028845550
ck_1436f6e11d4008f9,0.0110893387
ck_812cb3a4482cc618,0.0122900389
ck_6e606f73a1094afd,0.0109875903
ck_1b708e2a4a0584dd,0.0172850256
ck_a60d6b324bae0330,0.0262564716
ck_706a4f673a9fda3b,0.4427563312
ck_a75ece9a9044eed0,0.0022514980
ck_9aa45c4e03c8c57a,0.0485235730
ck_9fe9bdce982b312c,0.0525694582
ck_c6fbdc5ba68a8466,0.0165823181
ck_ed0cc1b1c28f9511,0.0275692330
ck_a4e2607b4c8021e8,0.0012533812
ck_e02f93f51cc8caf3,0.0109479646
ck_7084ed3cf20781b7,0.0236025520
ck_cd4c63155570d6ea,0.0037022301
ck_d1b9e5d32d2d789f,0.0068337545
ck_68f56f6560a7a933,0.0013580055
ck_8bedacc6233c6269,0.0159673149
ck_ab7cb50407d6b13e,0.0118846652
ck_f17ed7e0fd687742,0.0842930248
ck_b0fe4b92fc70f72c,0.0013521563
ck_84d62b8196da2452,0.0130179237
ck_9e298cae167f4693,0.0041997272
ck_405b20ef9ad0ba5f,0.0470881225
ck_813e02e1ababd177,0.0210770325
ck_f234ab47061ba7c0,0.0025325550
ck_22b587c18363899a,0.0147154657
ck_4e862c2f48c38aeb,0.0031808405
ck_b89cb90a420c9075,0.0041163085
ck_be2251640f27a3c9,0.1043345048
ck_46bec0bff167ed3f,0.0275521462
ck_c0032232c2868328,0.0146967518
ck_030cf09525dba4ba,0.0022229558
ck_6ecf56236789fc09,0.9807222712
ck_38d4ed52cbe6d123,0.0257489133
ck_2d923d957ffd4d53,0.0102556608
ck_3af1eb88728ed8c7,0.0285828781
ck_2f8120ca80a1592c,0.0047991102
ck_6cabb1a133f0b151,0.0205746196
ck_bb6cf7e7b707731d,0.6569957454
ck_c8307fecafa90140,0.0186935737
ck_75f968be67f46d24,0.0166115184
ck_df6fe4ec5a233213,0.0040202386
ck_b53e88c0e927d896,0.0006141983
ck_f0093064aa28f4d0,0.0124670538
ck_ec9976cabc63ff92,0.0026365718
ck_30dac0a58c5590cb,0.1078755469
ck_348a525791ae6475,0.0226402475
ck_b898d912d1181ef9,0.0053306761
ck_f5b1200dc6f95760,0.0283422568
ck_54978a073e7a0b1a,0.0097244888
ck_55933936536a4071,0.0064314474
ck_d6ba7ffd2ae08863,0.0244566292
ck_404e2217fd87fdd2,0.0027637978
ck_dfaafdaefa5716b6,0.0406135640
ck_556c62e92d4e7e5b,0.0991671106
ck_7ce44f4e06d58111,0.3388891701
ck_465cb8ce232c7670,0.0148723782
ck_237508ca4fb37268,0.0394523330
ck_ba4a6b9aa63964ef,0.0199476327
ck_4802a0a7a1882c88,0.2083411537
ck_9478dfe4114c30f6,0.0047198685
ck_5138f6c575dec64c,0.0145085978
ck_aebb42afe430e2e9,0.0035827533
ck_004efa95555437e9,0.0103471714
ck_11af112667c98394,0.0045996489
ck_44e9a18a8645c9d3,0.0021198193
ck_2605fd571219e28d,0.0009289608
ck_dfc933493561d84f,0.0066640931
ck_67674348e68d1f25,0.0049660819
ck_dd97429277a2fa00,0.0609191272
ck_d3eab7a06eb48348,0.0425738226
ck_0b9fcff9667ec05a,0.0096647583
ck_fc4bfd6e739bddea,0.0068123616
ck_43292f70a03ddf2b,0.0313842924
ck_5ff6108056a3fef5,0.0037038742
ck_767e0be086b5f601,0.0283210067
ck_b8465b1a5666155b,0.0272356578
ck_ab2e3fc56f5b3aae,0.0183552735
ck_1833c81d693c1e07,0.9699604865
ck_0308e0602b856445,0.0021777288
ck_ccbdfe744acff8bb,0.0053603662
ck_b294aa27a0b586d7,0.0009826535
ck_a3747201f377626d,0.9922667276
ck_edde1d7d1db24725,0.0256510589
ck_ae3b47d6e1063704,0.0127396532
ck_3aabf5e0f4defb41,0.0116586051
ck_f034adb57391f3d7,0.0671449704
ck_533672fb40531607,0.1990398366
ck_2a244f1ae08ef83c,0.0217326699
ck_a35d81bcc54ece2f,0.0073848797
ck_78a61215675b38f0,0.0114281775
ck_e013d88ea7939616,0.0157301318
ck_e5018f9418e0102e,0.1073446956
ck_d4e024fcda401a31,0.0119872535
ck_f736cffbdb82db34,0.0003259790
ck_1507f5aa50cdf3a0,0.0210685430
ck_18270fee7c8fcee8,0.0035125077
ck_95ffa1a805a1c9d1,0.0008729056
ck_11132d245b94d045,0.0020126069
ck_7b93a622e40d8b14,0.0325632246
ck_3854c08d17704347,0.0428841838
ck_7717fcb100dc4b5f,0.0146418654
ck_ba54e0a1c328119b,0.3804579905
ck_a7afdac4ecbf2de4,0.3881544488
ck_ecfb771ed2352085,0.0081601055
ck_68be4fefc85a6b64,0.2865291588
ck_dac7c50bd6d0148f,0.0024228573
ck_87cf36a03bd63c24,0.0492214480
ck_8adb40b168b59d7c,0.0442436278
ck_8d2f62930777416b,0.0755934611
ck_9958b58da9e3c21c,0.0141815873
ck_9440335375701f44,0.0191757388
ck_e2f88e202b6f700a,0.0363570318
ck_4c7c50684827a2cf,0.0071560478
ck_8a6ea4a79b1c7a8e,0.0083404414
ck_186dbff4b24a3bbf,0.1930919312
ck_220fda3c11c59b6c,0.0906361190
ck_3acccc69f8b1fd14,0.0598846048
ck_9de191bf79afd676,0.0102527612
ck_6de6b1663f9457f4,0.0013535509
ck_062754f8b79b86e5,0.0014797936
ck_aa153a89a52f7eb5,0.0239068537
ck_34a6bd3be642f15c,0.0201841457
ck_9371c700d9830326,0.0244177749
ck_a99e0c258ad7576b,0.0073858822
ck_0a7ba51d626e932a,0.0152503733
ck_852c50bbba1ead13,0.1071332152
ck_43dc13b6b6d31297,0.0416203973
ck_7d81b59d615a6649,0.0322328488
ck_39a3f1da060e88bf,0.0110503172
ck_6fb2d142c09ed3ed,0.0777900281
ck_6e5752b87324b58c,0.0176010224
ck_9441d48a12e8a4bf,0.0847313447
ck_09e9c51eb538b255,0.0093171300
ck_8d0cd981ed3a183a,0.0306085622
ck_57c07c45269ca8c0,0.0022295203
ck_ccfc9ab888ba933d,0.0121432756
ck_9658a6ef471053f0,0.0082258050
ck_dac3852758f4ea89,0.0019995021
ck_b1ed2278f5f14d82,0.0191272853
ck_333544d173524f70,0.0390952330
ck_fd4582e3853ef23f,0.0225188556
ck_614d936cef98db04,0.0021563838
ck_6bc351a3d57aac54,0.0081661862
ck_af5842fa7202ff25,0.0137856295
ck_81307759252571be,0.0042512699
ck_b4d2f02d2cd45720,0.2767029926
ck_1bd753a4681946c8,0.9728653979
ck_46d8c029d46867b2,0.0025363826
ck_b7da6640fa2f49cf,0.2364854657
ck_9ea3d5a5a91fef9f,0.0410162149
ck_7b922518f667f76a,0.0016603563
ck_2a5b31594206eb30,0.6090858028
ck_d9506476ad3f9e08,0.0323495880
ck_c8791f7ebd4d93c7,0.0231857338
ck_b5a3e20fd210017d,0.0192158346
ck_8e54386f4fe22cad,0.0129053789
ck_75296704f5806f56,0.0298016956
ck_0fbbc7a6af300368,0.0078170644
ck_d19bf4dc0627113d,0.0016539872
ck_7951bd4eb99a0175,0.0026720381
ck_059e4fac6b7f704e,0.0057184519
ck_2ce8931af02a2ce3,0.0092930442
ck_9e665618a4860306,0.0047514963
ck_6fce5a893613fd2c,0.0004815046
ck_9e3fbd04e3532f32,0.2117918860
ck_55f2ef0de3420e3e,0.0289951539
ck_8d87658a6f5d204c,0.5890751549
ck_6d6ac1f5dd882aa5,0.0010412985
ck_55d0c7012d7ef236,0.0569669743
ck_7738eb085e5753d6,0.0102744919
ck_0e6e05c3cc8c8242,0.0087131329
ck_8d27ff8383d48132,0.0029783165
ck_9afc3bb849f3a64d,0.0065428371
ck_27eb86a9898cdfe3,0.0030527482
ck_1d40e4fc541abe93,0.2752440626
ck_4fd9dc00e1913587,0.9824841392
ck_b26cdb2b7b165d2e,0.0286852300
ck_a79a27767a02e31f,0.0115823441
ck_f0c18cb9f951a71e,0.0148249486
ck_50460e0189de6274,0.9290924398
ck_5e5280539257c986,0.0226129081
ck_eeb854318b3a6f0a,0.0102570334
ck_943f66f28dd24750,0.0011855776
ck_984dd7452aee372d,0.0487287278
ck_ecaa6de0aca5e9a0,0.0314272966
ck_8f1cbc432e2774f8,0.0548222744
ck_d91d9f8445b9769a,0.4817024032
ck_73c18e03e3c7612e,0.0007751851
ck_aded05ada490da20,0.0154315019
ck_f744e208183971f8,0.0008616570
ck_02d4cef6358ad3b7,0.0045179216
ck_08ff5bd467226a5f,0.0005660728
ck_f824b326d5089885,0.1961671566
ck_3420f2fd520890f3,0.0007915882
ck_1838cf8d00f5b1e1,0.0054434536
ck_a85182ad90b6f1e1,0.0013223158
ck_fecb39c82c43e76d,0.0045936753
ck_162513e73782929f,0.0159582257
ck_2c27b77c59d8f23b,0.0755865236
ck_4221e07b17388fd3,0.0544389654
ck_adfb8472d5c3d669,0.0080777181
ck_0742fe64055d686f,0.0016484798
ck_5060aefcc8b6f958,0.0384602624
ck_643f549b4ac78a26,0.2581837041
ck_dba767885bd6ad69,0.0089265355
ck_0dda35c0c64c7073,0.9781734940
ck_38ea56d43afa5660,0.0242140238
ck_d813e15ac91f487c,0.1631782408
ck_4c840e5585a7b167,0.3005000968
ck_cb8551453a7bb929,0.0028074767
ck_05a00b1dd5a03359,0.0049231517
ck_837cc7fd48453a01,0.0113997720
ck_49dd816b31fba6b6,0.4867493452
ck_86a61d9a39768e87,0.0148456645
ck_cd0e76f0e7bb38cc,0.0213139799
ck_dbe58392635133ca,0.0159341064
ck_3caec7dd6f8d02c9,0.0453436550
ck_bfd9bfc5b6ab4a54,0.1032927267
ck_2103399bdb2898a6,0.0104044609
ck_329f7de7279e74c5,0.0085084908
ck_9bf0d28119fc42c8,0.0110882330
ck_f781539b1042dc83,0.0016545683
ck_9986c7d781ac6b4e,0.0100139391
ck_a627734880aca848,0.0005275795
ck_2106e509d77fdb4a,0.5156571629
ck_420d1a9c604293ce,0.0241554615
ck_fce0610c527e2b56,0.0248916770
ck_073da541ec3f9d3d,0.0079513409
ck_aa5f3ab48c17fed8,0.0681330210
ck_0fc1086e1c9e04b6,0.0057982297
ck_5c33bb46c1a5945b,0.0455775634
ck_500948a8d4bd8e13,0.0311652673
ck_19becd44f2c3d2b5,0.0117931314
ck_7d0fe77dd5ddb656,0.0253776510
ck_f158d9e5f101bb35,0.0170514964
ck_cdd7c77823c2257f,0.0571492772
ck_6c7b41374f9b2e55,0.0218175550
ck_417090dbffb1a63c,0.0293896631
ck_dd0e17605f970319,0.0046915705
ck_3646515079e6be55,0.0100415531
ck_89c8b06aa8c84b2d,0.0996650985
ck_e4d6dedd97233c07,0.0225234819
ck_bc82fb1895fddde5,0.0020902109
ck_88a8b1d442ca3686,0.0263663128
ck_5791f8f76a629a4f,0.0490476509
ck_9cf5e88e97c8c7ea,0.0121448315
ck_58fd684aa5a6f289,0.0001456431
ck_9800c21dfbd8e811,0.0019903148
ck_8ae64df60ab6ccda,0.0162079556
ck_e535fb0f0c00418d,0.0485054958
ck_48011996d54855ac,0.1467160877
ck_ac79c72a8fe3fdef,0.0372081137
ck_b8cc2df5192bc49b,0.0189349868
ck_e96a5e1f08f8a867,0.0030959917
ck_84df6770549e43fa,0.0026753683
ck_e5f7b99ba6ec5767,0.0420300196
ck_8347455ab53ff620,0.0037494631
ck_a84f2cdf695a71d6,0.0059245175
ck_90456160115f9ef4,0.0085893128
ck_ebd178b3f3a9c50c,0.0140902942
ck_e1140be6157bacbe,0.0009443018
ck_744ffc11d32b96bc,0.0024277163
ck_e12a9f7d027e3387,0.0095519533
ck_cbe525da0b69f18a,0.0134561022
ck_aa59702537557ff1,0.0332550086
ck_0348cc6908f7f3af,0.0003189646
ck_120e995d50956bee,0.1118829109
ck_9fcde1ff46cbbea5,0.0009603185
ck_54b0b070689c50d6,0.0012947256
ck_966a167758fddfd4,0.0391344472
ck_d5194f2e92fd6427,0.0058773532
ck_2ee84f3fa27f2cb8,0.0053739997
ck_57d0a7eb7eae2eaf,0.0475433933
ck_6a2c4edd82e10969,0.0007358119
ck_96e4d38ef670eaff,0.0158868718
ck_52cc2fd5095b169d,0.0055650678
ck_4b088920f3a844c1,0.0391982540
ck_8f3ccbd20d59f1f4,0.0033606598
ck_e5e5dc431bed6f9d,0.0128428003
ck_e8b5bfa6838e28d1,0.0054311116
ck_4bfeb78b47b7c6a1,0.0366271241
ck_a705c61bd679496f,0.0097784800
ck_731869a0c39cb2fe,0.0356275766
ck_259eb102342057ea,0.0022765013
ck_47a6005fabc33551,0.0053470988
ck_682262b455a9edd4,0.0006172707
ck_e839d104854945f0,0.0052019068
ck_761989aa4c47d746,0.0138708193
ck_44211dc210139ed3,0.0098020655
ck_9915ceedf63a5289,0.0694490616
ck_da59ab47cb6284ad,0.0013501782
ck_e5cdbfcca2456652,0.0020085213
ck_13f2560c6a1ec62f,0.0628269248
ck_a0543e9b3abe1001,0.0528462739
ck_11c7a58e09e6547b,0.0332467858
ck_69587a134d43a4ad,0.0724823019
ck_28dc0de0ae291f37,0.0256573517
ck_298922703c5bbe05,0.0402915334
ck_fa5ba9ed9ed6a343,0.0259420519
ck_c08e64d424e56c05,0.0215099334
ck_598e036a28262aeb,0.0399059387
ck_3f7c870510083a51,0.0046929648
ck_364f8203a3e98d36,0.7074927421
ck_7333cedb61506ead,0.0079961262
ck_1d96d7fd65f208b2,0.0099092485
ck_63133a79f23e2627,0.0356129180
ck_901d820e0b72abae,0.0033266954
ck_5dd80b3c01457bd8,0.0143805208
ck_c0b8067c144ed6c1,0.0093134312
ck_cebb8aa8c8f62c60,0.0026747157
ck_79749eca42ff1f5f,0.0235667891
ck_2cc1d9b587f6da31,0.3050343756
ck_ccc7916b56d42195,0.0018468368
ck_e43e53cc7b8b8e41,0.0226092916
ck_4ab74a6e7450416c,0.0017209989
ck_6e44024e9de301c6,0.0005318770
ck_dd78cb6ae2866cc6,0.0279065179
ck_c363d3b050baf3b8,0.0798899620
ck_2d46291975f0dd08,0.0008654750
ck_76ebeb5aee42f041,0.0356052748
ck_8395f004cf4d4c08,0.0083393787
ck_de7259c3741db179,0.0370566036
ck_3938e92585df2b34,0.0232939035
ck_af69bfcf4f07d932,0.0156156095
ck_1723900ab9afe374,0.0588505418
ck_3d58628d1c853c8a,0.0043505459
ck_12a074db100481cf,0.0375535027
ck_8716cbf892c50e29,0.0030899046
ck_fbf7351958ad9615,0.0115382811
ck_a50370907e6b397c,0.0599018106
ck_937402a60df0821c,0.0008987145
ck_8ce9c5807acbef48,0.0068334451
ck_acf7d65eaaa4c31c,0.0026723058
ck_ec3eb6dd0967cac5,0.0280471837
ck_fc832b0c90c9bdb9,0.9360386188
ck_8129e81cde280131,0.0096991841
ck_52c0ef68aa2fb8cf,0.0115946767
ck_06f042e9b1b662fd,0.0249402015
ck_0bf35dcf7b38f650,0.0008220726
ck_615763afc2e17a7f,0.0022602429
ck_e72db9d4b2fc9997,0.9891361951
ck_13757bf0eeb353e2,0.0111491457
ck_abaf371ec8249c4a,0.0910215230
ck_9b7167da0920c37b,0.0366411946
ck_2e824b0b27494a17,0.0555954659
ck_9a0b605e9c3220c4,0.0272874536
ck_a5276af466b681de,0.0017672983
ck_9e0383e1fb6e214d,0.0346237478
ck_6a27c44b691dbfac,0.0017036371
ck_af39767cf583905b,0.0097911110
ck_243b1b9fdd3f9a74,0.0013277679
ck_c0422e638a9c6046,0.0318753616
ck_e0f3ea3373dfc4aa,0.0239811312
ck_d56ee1654378ffc7,0.0184663074
ck_20cd2f5666719baa,0.0005753356
ck_4dfa1c1e9b69fcc8,0.0136874722
ck_5d22e9ca1d15180b,0.1114764439
ck_f4a7ac178fd55f0e,0.0036448020
ck_fd5609bd23a1eaf8,0.0056321519
ck_49c3bf13dc9471ce,0.0115163290
ck_724085c3452d4693,0.2459597068
ck_e5d1462846154a75,0.0412301012
ck_c69ef0f3e7d6acf9,0.1159928108
ck_a2d0417791d4132d,0.0140576439
ck_00a07fc2a9183c3a,0.0011173851
ck_781b8288e54ba8f8,0.0810643253
ck_d74a62ab3804a81b,0.0062163247
ck_abcbde211b6267f8,0.0537238594
ck_16dbafc035574654,0.0029259063
ck_018f780215ecaf38,0.0063313552
ck_0b259620eac51618,0.0029679367
ck_4f875342394c110f,0.0569749544
ck_399e45e5fe9beaee,0.0064279530
ck_36224a2d394ebfe4,0.0612956304
ck_c189b551bd111332,0.0014041342
ck_125c5a720ecb177a,0.0558440259
ck_76d010aa02eb477a,0.0006652833
ck_1071d14c46c92379,0.6461830297
ck_61d244b2cde483af,0.0111647743
ck_2ff1860da2004c84,0.0007324891
ck_c5b583490198672d,0.0135718734
ck_1294f7af22fade11,0.0779873078
ck_e3a22799716df39d,0.0047856935
ck_c77e22834ef97005,0.3126913717
ck_73d3689728270a2b,0.0022280820
ck_295565fbf77ef885,0.0022175400
ck_80c0a7f54ff4895d,0.0033747695
ck_f1ef5cf7f10b16c8,0.0265038854
ck_a958b2461ffc21a2,0.0619050936
ck_0e7899a57cd617d6,0.0012694328
ck_9d4fed252718f58a,0.0109814992
ck_83c2c34add971d76,0.0011352798
ck_9ccc030ba2de9fb2,0.0206443959
ck_cd691e3466fb3742,0.0032487832
ck_49df70f908dfd069,0.0212584294
ck_362ce13eec1e33a0,0.0027040224
ck_2452a30397dfc54c,0.0129427089
ck_a443d49c2b4863b0,0.0161130773
ck_c8b2e2cb349dd0ff,0.0210767589
ck_354909fecf5da8cf,0.0099291299
ck_841f598bbd54c83f,0.0523343665
ck_cd6fbd4e8724f994,0.0151523713
ck_e0b3158111370118,0.0118576255
ck_4c2f2eb657c2c60e,0.0038870074
ck_ef346071f0b7654b,0.0084765188
ck_f3bc10e3decefce4,0.0040160718
ck_189b6fbe9b9192e7,0.0069642921
ck_5245cbc5ff4d4fa6,0.0194164092
ck_cb42e3be6fe87f60,0.0090071085
ck_966d4d713cbc7792,0.0036525943
ck_1c8c969667cbaab2,0.7745491223
ck_d35e3aa9ef5d405e,0.2498711991
ck_a1c39df50a5873b3,0.0375186527
ck_a152165caf295b51,0.0104230142
ck_891eaedae139828e,0.0087824762
ck_1a46b56f4734d52e,0.0092605835
ck_5e36042cfad96c99,0.2531389594
ck_02a8582c2603e675,0.0121841082
ck_6def9d0429e4ed4b,0.0426782693
ck_e137400825a1e3e6,0.0124626898
ck_d91ab840848a54fc,0.0011564596
ck_becb6e1c608e0078,0.0022503393
ck_6fd8c86ac719d7eb,0.1342249971
ck_3ed4d13f12fd9d0e,0.0448442181
ck_007337aa99a4891e,0.0020735305
ck_60c3d8306527a08d,0.0015035815
ck_95458880a54df0b1,0.3831571351
ck_b48cd8593533fc1d,0.5425830002
ck_021c6a4a7e3f1f0e,0.0030967117
ck_764d40f865e710af,0.0185867974
ck_4b84357ae8ec7777,0.0125921334
ck_3397c7856b4669a5,0.0007461061
ck_920bb003b42e6310,0.0041125501
ck_8f59f11b512d5b7c,0.0434051027
ck_a3acf4b986afa98b,0.2181822916
ck_e89d25ed7bdeeaea,0.0041448966
ck_70e6bca473bf6902,0.0023864661
ck_186161ce152836f5,0.0049448615
ck_9191579254663f5d,0.0074652681
ck_1e6628879e9d653c,0.0122067672
ck_b498fa91a0776ff6,0.0108631530
ck_cfc2384f22954830,0.0739787679
ck_17673a1c2867888a,0.0003528974
ck_523dce06515b072d,0.0114330733
ck_c20638a325ead2e4,0.0035987117
ck_d3877e1f907cc148,0.0876200367
ck_e9a2495dea8675e2,0.0213848600
ck_7e561caa5fa1f3f1,0.0327803477
ck_455672e652fe1abc,0.8105968503
ck_7f8f864fcc90ca82,0.0381265854
ck_1ad36046aaeb816c,0.0050754391
ck_de056e37c82e8e00,0.0084519659
ck_7484c214c889fe7f,0.0268356320
ck_32430e678c4f9f53,0.0063816616
ck_6276ece8f80ea799,0.0111126447
ck_ae8e5dc4b725bc25,0.0336729888
ck_f01be92dc78a2dc7,0.0064609412
ck_233397a8bd40d38d,0.0050485322
ck_f8124911450fdf31,0.6806740445
ck_aa0a3179f1111674,0.0051428801
ck_2366b29ed9887a5e,0.0021801018
ck_1f22f04dfc08cf27,0.0041248977
ck_b62276c3426d680c,0.0115852662
ck_d099fca88691f66f,0.0832248787
ck_166bd1dcbaf4d6fa,0.0004007193
ck_7b1660e942436e12,0.0140417180
ck_4a9a791a1d409a3d,0.0632831103
ck_b003e5b54df65db4,0.0101781368
ck_64b4dcbf436f0b75,0.0073730867
ck_26e9a7bb2061a58e,0.0262156379
ck_08b77ad5f8f73007,0.0134925790
ck_366616a725afc6bd,0.0146678465
ck_934fb5064b6eefe2,0.0007275295
ck_c6abd5d57b1009d2,0.0012245691
ck_edcfa9e1cf29d813,0.0119359413
ck_c30201ebd003fdc7,0.0085224754
ck_c54643d94d3ce355,0.0236265786
ck_02adda6e91e49650,0.0363244000
ck_5b73d7c5255e58a3,0.1428531710
ck_129ffae92dc01408,0.0007931100
ck_fa321945ebedb916,0.0273794794
ck_8da980cb2e1e2bfb,0.0191601206
ck_0576b00d728bdf19,0.0236971395
ck_c543d82e22b3c8a5,0.0021702285
ck_0027ba644f9ae2cd,0.1443709291
ck_8dbf61df902a6bbc,0.0028259861
ck_90eeca1cda79fd41,0.0020168436
ck_86d7127391d4e01f,0.0017816517
ck_73762038c7ff2f6f,0.0018548228
ck_a1484e6215fac651,0.6783374433
ck_cb83b9f806e90dc6,0.0725024765
ck_8c6f059c95872126,0.0052341619
ck_3174419a81e7caf2,0.0025208157
ck_6a0f8f8fa4a3c2bc,0.0271970294
ck_b5777605668bfca1,0.0014641943
ck_27e4de495abb4d15,0.0042264179
ck_7f6fa79c7a107161,0.0085794096
ck_c36ed9f8e6792ea4,0.0472606689
ck_67a1aa88d2ea554a,0.0155818565
ck_09748dfe4df3d540,0.0025777697
ck_27fd85b1e38b675a,0.0014257387
ck_2369689bd795ee10,0.0062981706
ck_4eb1c12f7d092bac,0.0003722366
ck_01fbafc42c8e33f5,0.0202161445
ck_93c4e05699b3b7d0,0.0070535914
ck_afc484d1b6907983,0.0043785237
ck_1b2d9cae92a1aab1,0.0943157046
ck_73b729cb161487f2,0.0020104008
ck_fe3c1d0ac090d960,0.0496394083
ck_408efac1d3885ff8,0.0199720794
ck_ccb4dd9d0a48a76e,0.0029470781
ck_2987eab34ca7805d,0.0187464760
ck_1dbf1f15193197db,0.0372093852
ck_4ed711fe4053e74d,0.1931268110
ck_6c54adce174f45f4,0.0022208503
ck_a6c740041faf0bd5,0.0083381217
ck_b05c4d33c4f43639,0.0649875631
ck_032880f1114dd51c,0.0177870652
ck_22311b037456a76e,0.0012810088
ck_5866b413549765bf,0.0034865261
ck_0e808afe2570ecac,0.0062443408
ck_634276b05f4381f8,0.0048087713
ck_5d8773badd0d4740,0.0091613524
ck_82b5b79ce3517102,0.9658837993
ck_b378b8d8100ee4b1,0.0120907407
ck_54e581f71be5430d,0.0013100664
ck_798ba4b8aa544fea,0.0009922270
ck_3fe86b6331ff95e3,0.1145704744
ck_81275d9d4c559e6f,0.0020553478
ck_99a4e5ef02d89493,0.0273246944
ck_54e2eb018d947790,0.0068454391
ck_966901ea9c77cc02,0.0077925316
ck_27d69ff4e0cb428c,0.1375119808
ck_2cee2dd7bbfc09a0,0.8271683581
ck_4136b00924695ab4,0.0007166271
ck_59a164c40c03a45f,0.0181199544
ck_3e24b026bc66789b,0.0007490725
ck_8105bcf69a75ee47,0.0029803420
ck_7a1782cefe26a456,0.0674875513
ck_970c7dc195161272,0.0006777235
ck_a48ec0c00ae20e82,0.0505467884
ck_54b374ade34e1dc1,0.0030998478
ck_74e5dec189761d14,0.0012040577
ck_4717f24f2c6f40e1,0.0547836813
ck_fc8cd8a8209e802d,0.0081482214
ck_71db4131d7efe218,0.0062793788
ck_45424ea6f0bc4650,0.2422717371
ck_3716c6181a5035bc,0.0169838159
ck_26de14b96bdad4f6,0.0098841531
ck_99c0a41ac9c73857,0.0021612801
ck_645f15bbbcff3b4f,0.9877029311
ck_b7e25ddd41514d4c,0.0016953874
ck_d5c14e877ca7b755,0.0027422985
ck_05ea4440dac6cfad,0.0208707420
ck_c58bafff7b1955cc,0.0099031509
ck_f0cf85b67a9b840f,0.0226091220
ck_ce1500a7f0d03fba,0.0068330034
ck_d4972a775aadbbc8,0.0109251363
ck_3eb6146c262e0fc3,0.0014084967
ck_afb23858a4ef42ed,0.9845149983
ck_2c1def5c91c52a5b,0.2432335268
ck_72e550559487b919,0.0031240445
ck_0284dc2b4f856b3a,0.2954126219
ck_03be334935e999a2,0.0031225403
ck_e35a4b4a3cb4cedf,0.0125961704
ck_5abe57dfff4b735c,0.0077101919
ck_f5f87f772388efa0,0.0169272177
ck_5a22cb36d612236e,0.0039406139
ck_8ff1e6028e764472,0.9742528175
ck_2ab28149b0986642,0.0559106943
ck_c88fc1bac79fa6d3,0.0552517728
ck_5b137d74bba6b1b4,0.0003198360
ck_11f362dca2dfaf5a,0.0141240235
ck_7f960541e5174565,0.0019401702
ck_d5458ba39ae94498,0.0128682613
ck_0a921a73a90c2e39,0.0492795587
ck_6ad56ef40086dbe4,0.0028554868
ck_b68199ecccf2350c,0.0023254541
ck_6dac66c8198c07d8,0.0084232740
ck_9b9ce7bebc235fe8,0.0025835210
ck_6b817117d87063a8,0.0152697978
ck_900d62b3184378c7,0.0024905324
ck_eafe9b89857149b5,0.0104532088
ck_e74716a525ee5b24,0.0009910799
ck_4e9a6f06ab134102,0.0089109341
ck_b0d33b5a3716661d,0.0053351668
ck_8703543bf3134306,0.0123019629
ck_923d6a0f83accef1,0.0072592697
ck_52e37e2170532e2a,0.2126756566
ck_c1c5ea839c58958a,0.0665908089
ck_660f0006780e87e7,0.0185464151
ck_830b2c5d1818ac07,0.0420036646
ck_b080ff636932d1f1,0.0004419146
ck_38730aace405f2ae,0.9956779918
ck_9790138467a06223,0.0019565581
ck_10de0b0d86b17839,0.0030797138
ck_c3e37a4d3382c32e,0.0027233792
ck_dd8edfefa1eba531,0.0005455099
ck_8153cdadd300d234,0.0011002730
ck_74d0e7c2c6b63d36,0.9130628463
ck_c478aae3031bb328,0.0049096427
ck_cf301f2194975866,0.0071806701
ck_f4de03f44e3a5bd5,0.0015594781
ck_b06ce826e593b210,0.0501084182
ck_2fc70b6baf6a0e26,0.0042972896
ck_d208494cf5c90047,0.0360385740
ck_086d29ccae565e5d,0.0036021803
ck_d5ef6dc116dee408,0.0107420519
ck_fdf0c5b722d83464,0.0014000162
ck_de8494b13adeffb5,0.0055301392
ck_556786868599143b,0.0085511112
ck_4940e78cbdcfecf3,0.0080380035
ck_d32fbbfe32c00416,0.0060831891
ck_bc7710f7e9fae649,0.0181335532
ck_416f7ac57da081a3,0.0071293476
ck_6fb39b60c67d5475,0.0028444063
ck_e40a156511345d6a,0.0024089310
ck_49ab879b5aa7fccd,0.2051886160
ck_bb643194d1cbc47c,0.9731057497
ck_b3ce8f1bcedfa043,0.0178193198
ck_558ebde8c29132a4,0.0264297897
ck_e6222925762273b8,0.0374714872
ck_bd80546b4807dd59,0.0256749996
ck_bd21164bd2bbb635,0.0456537667
ck_ea835557d7043667,0.0035582026
ck_1411a80a157ff39c,0.0159614590
ck_ab973888c20c9120,0.0775205779
ck_95b48972061abe82,0.0036146936
ck_fc4a43f8876bf10f,0.6582746763
ck_f34fb7ccf82f41e5,0.0151723488
ck_5af9934a56801ac0,0.0114725047
ck_fc7445ec76389a58,0.3192039113
ck_1eeacc26f02fbba4,0.0134168883
ck_4f325dd15c9bd45c,0.0155788983
ck_5009a6c8bbaf15ba,0.1045623467
ck_0f3de7f074bb33af,0.0052411706
ck_2cbc2f93a32eede8,0.0683326221
ck_4bb90a61c21a303b,0.0163367589
ck_3ade9eac7d7b0dbf,0.1065192405
ck_4859a58629622915,0.0117886996
ck_5fed957287ebca03,0.0009762208
ck_ec01ae5351500355,0.0007453198
ck_703b41624ae6a5b6,0.0017560543
ck_97c38e7f61c27e47,0.0102902446
ck_db2c0908150cb2cc,0.0278536477
ck_64ac5e6fed86ab60,0.9344590281
ck_da1c853b0a061e83,0.0372694320
ck_9a36916b60178ded,0.8222048205
ck_3715bfa7fed2c675,0.0018925962
ck_dd3feb77d7d4f6d3,0.0022081880
ck_982ebb24174a4ade,0.0038941476
ck_f6b7a10d47dd9a1f,0.0067438100
ck_1f56fe99f250cdf4,0.0362806317
ck_deb3ac0606d6f6db,0.0092236149
ck_e666629e5a41b39b,0.0049149212
ck_756d2c13d02b3e09,0.0160726973
ck_7bc752ae7cf5d55f,0.0137565070
ck_fc0cc4b25e6a8194,0.0049602522
ck_9b2b0e286de78a1b,0.0126929495
ck_24b0803447211bf3,0.0085088602
ck_82eed68d05a42128,0.2119263360
ck_c8a03c516ed5b05c,0.0746854456
ck_e914974cee1bccb1,0.0066636133
ck_0c533ff2d0f9962a,0.0059301354
ck_c12805fa5d970a83,0.0253835457
ck_fc2cb29918631f10,0.1098322281
ck_c20e89afe575549b,0.0027033047
ck_e1ff9e31becc27ae,0.2778113911
ck_18116d0ac08f1996,0.9387613826
ck_885a83975cea5e64,0.0019875105
ck_a0c3059a959ba5d1,0.0291096290
ck_75257ca7d7da2861,0.0273735749
ck_2210f7a0d13bdbef,0.1378649680
ck_9cbd9ecf8374f65f,0.0052158602
ck_18f67c00ba21fbde,0.0045654784
ck_2d28f14d3973d8fb,0.0007203421
ck_8b3401b44aaae728,0.0040442591
ck_9d8e9ef37797d3af,0.6032880420
ck_9f50920c894f64e1,0.0111288488
ck_4737e0d56c6fa0a1,0.0061866013
ck_52c311f29ca3aca9,0.0006868451
ck_6a4981bc721df37a,0.0145396731
ck_823539d936c55fc6,0.0010690482
ck_df5aedb4118020bf,0.9056114873
ck_a911a066ff0f7b56,0.0366395270
ck_684609767df4a14b,0.0918435778
ck_f2350bf355dc919e,0.0093394003
ck_8452b6cf97c65a5e,0.0109986729
ck_084cd84501012218,0.6963082742
ck_ace6b72e5bf3e93b,0.1603579590
ck_2afdd69094c955c5,0.0648746217
ck_fa7d5be26bf7b31c,0.0623286826
ck_4b041217690fca2f,0.0092487643
ck_9fb8e3d38cdf276d,0.8649237547
ck_c1ee56d65a42f59f,0.0713825145
ck_fdeaa1cd085691f0,0.0339251939
ck_5de33a7a87e9aa62,0.0232960879
ck_7476e7fe1ff45545,0.0223920446
ck_b0a947b498e47018,0.0103073654
ck_e3894ed88a7977e4,0.0025012909
ck_c7e07ebfb0bc15f6,0.0251142196
ck_3a3daa8b376f2a18,0.0014153168
ck_87809324c2675b0a,0.0263384875
ck_7eb4f33260f1dcd4,0.0311420172
ck_ab9f0e08af030060,0.0197597229
ck_5b8fc4a76f340797,0.0154786314
ck_0e7bf10ef49aa818,0.1042239403
ck_a44462a3853ac67e,0.9788298540
ck_2d14bcd2e0fc043d,0.0015841122
ck_df1f2dba802296be,0.9068861614
ck_466a7316eaf149b1,0.0165881473
ck_50df50af592b0c06,0.0088351519
ck_5f9e34c849704b95,0.0041403659
ck_7836bf6def26aa87,0.0170096349
ck_ba175b1bd8efaabf,0.0025962770
ck_1a0aac7f7b94b1be,0.1780408618
ck_6768c4b2aa8ce586,0.0132856674
ck_eefcf0ed15897898,0.0151684478
ck_7a6cb27e390b6ceb,0.0171478530
ck_5275be4e1577c1c7,0.0018371636
ck_6bc0e5b8c0b7d2bd,0.0225329295
ck_4874bdec79f9106c,0.0286603713
ck_a678731156ad7bd2,0.1964235343
ck_db906debc36a5d1e,0.0392806150
ck_e87897767c612942,0.0171229491
ck_45ed5ee496ef8a67,0.0046274216
ck_ae20e28f9854f3ee,0.0477303867
ck_9ee044b73943a90b,0.0110653154
ck_dab34cf6f0626c9b,0.0470210322
ck_64a02b7b96149810,0.0006149781
ck_c417d06f3e94685d,0.0100004649
ck_3e0149cdee4cb294,0.0554836860
ck_0e6046fc30f81705,0.0100057176
ck_c383aeabd53e9c89,0.0218536047
ck_2ef76f1f36e8b869,0.1676207868
ck_43948784650bb9ac,0.0138047146
ck_bdb966f43ac350ee,0.0609852700
ck_5bea0e0ee0b094cd,0.0021291710
ck_dff090f03ca5529e,0.0037003320
ck_a4691b57f837d88e,0.0216630593
ck_99ee90946395d74d,0.4122434393
ck_cc81dbc83a8879fd,0.0064326450
ck_f3dc0725621b3a35,0.0017549362
ck_1bb212d1288b9689,0.0296930944
ck_9e7278fc7679f002,0.0258038207
ck_3ded7a8720d7e311,0.0089789897
ck_798157bcdb9453e1,0.0011089215
ck_9fba80f56f357fe1,0.0043841616
ck_f1e1c8491f16f912,0.0018591204
ck_7b1319a5ca2f63c6,0.9784048060
ck_124432fd5c92af7e,0.8416171094
ck_148cb0c723284dc0,0.0116153726
ck_b56c62c950eda009,0.0047096399
ck_a0498755cd8d7188,0.0034399676
ck_5379452a9d74efae,0.0030955964
ck_6c2453229d608183,0.0188029689
ck_f9d8b4813a88c1e6,0.0083931052
ck_c2c7d1e45a521857,0.0307129294
ck_4364a83a11743888,0.0022890464
ck_2cdf5fd97ba75e06,0.0782780720
ck_71bc01291e0533a0,0.0080050861
ck_a725d7aed2a0bdc2,0.0008563385
ck_a9b0c4dbd7db6a91,0.0349833257
ck_a4258806a533efa9,0.0135624464
ck_905e460591d9a278,0.1609228820
ck_20de8abfd8960ee3,0.0359585709
ck_252b0a0f1119b220,0.0009458089
ck_95e4bef65c36af1a,0.0009747068
ck_5ab68b434ad53fea,0.0032840264
ck_13677a1957078827,0.0058611207
ck_d251e9fa09e542dd,0.9983625633
ck_700cb620f300dd47,0.0182622777
ck_39a68c55a1bd3ace,0.1421961978
ck_61a59a7944d6c53e,0.1290203366
ck_db6d1c6d31da967a,0.0051514655
ck_650020c500b1b50d,0.0093535126
ck_d812eb6930192793,0.0008734596
ck_92f6ebc11ebca89b,0.0730198741
ck_d87e26eb5bc84b01,0.0010401830
ck_66439e697695224c,0.0010019694
ck_f21efd504faa654c,0.0045538496
ck_15eed0f5652f0352,0.0022067372
ck_bcdbf57d98dc0d27,0.0406945956
ck_873ceb8004d3a9f7,0.0398265864
ck_70bef9ddd4bab005,0.0006441438
ck_7560f1891d66f294,0.0014632599
ck_f439f16f8693883f,0.0115053088
ck_14f9535e53f9c7a6,0.0216880981
ck_5984be472d2bc267,0.0739999470
ck_ed01be7504dc4187,0.0530424776
ck_dc3d8b5c17b67ae9,0.0043416616
ck_9dc23031b6b494af,0.0217305598
ck_fbdac0221bc03f66,0.0147467965
ck_863708a99b92ef0d,0.0398148594
ck_22b52654776a1ea8,0.8989478307
ck_a0714f98001efa0c,0.0306282582
ck_9c56114f84e9a541,0.0098719448
ck_e155cf506b2fb699,0.0023305713
ck_65ed7e72f24731e7,0.0031288717
ck_822d6e8e43befc72,0.9141141025
ck_b1182471d9ac6b26,0.0022958454
ck_821446adc95e6da5,0.0064777845
ck_ff182f033134dbb8,0.0380744758
ck_9c5feef7647b0588,0.0013619911
ck_df935d8bdd44883e,0.0080174298
ck_01eb24c18ad11fca,0.0700779661
ck_00d6730134a1eb51,0.0071102572
ck_79ba8e85678d0224,0.0089015306
ck_97e3b04a1350f6e4,0.0162271104
ck_74e9747954a46eaa,0.0151697808
ck_397d5fcc9972f909,0.0230223197
ck_9ede89e8a43c3f53,0.0673036683
ck_303b33910d67f306,0.0023694729
ck_3c17841636f6f7dc,0.0113925623
ck_78730527f8ba1438,0.1465407250
ck_5ee32bc6bb5d1d4c,0.0756004450
ck_a13fee8cd925d0dc,0.0141096538
ck_6f847263379f2e43,0.0454747983
ck_9b9d9e579e7b55b2,0.0800557256
ck_87c1d0a79e79c84b,0.0047032006
ck_bfc453eabb472f91,0.0040779170
ck_978c21bb5fe3171e,0.0218905668
ck_dd882323474431d4,0.0708654371
ck_533c4f7400d5ab22,0.3532191667
ck_5f217bfe28954e75,0.9823127297
ck_ae96d35465b3b4bd,0.0111100209
ck_512ebe97c0af94dd,0.1469604612
ck_f558fe02bb0219b8,0.0128429241
ck_84092e23d5ef4d51,0.0562539381
ck_17d3022ca12eacd7,0.0069954055
ck_8a8f81bf3558fd9c,0.0071884375
ck_0ada6fed1864e7c4,0.0072724419
ck_21fe7bc59dcd78fb,0.0035490721
ck_e136e20c1c74fe38,0.0055550424
ck_e7a530e09d113dd7,0.7775934717
ck_7cb0c9ded4d63027,0.0380487953
ck_102db9615e722c9e,0.0587661199
ck_129e39ddfde92eeb,0.0005520003
ck_d730ff21bfd7769d,0.0057804445
ck_54459b45d2be8459,0.0024956287
ck_7f1c20319eb60aa6,0.9954666387
ck_939fede90473e412,0.0015688022
ck_e0f9506a6d5f4a1a,0.0046599377
ck_9a4967cdf49265cd,0.1460129725
ck_b9eaf03453ac7d5f,0.0031891294
ck_522477be6376b450,0.0041279897
ck_9b6282e3bad50710,0.0136637915
ck_a0e3a2facd508e49,0.0367871791
ck_97ffae702f7c3d08,0.0023452198
ck_344a95cb7115ec67,0.0030035300
ck_1f2760764afa45e8,0.0025649123
ck_720cd658d11ea428,0.0341853544
ck_04e32ee9834c088d,0.7017545078
ck_2bb1389e5e72c8f4,0.0503639116
ck_961e7dbc217cfbbc,0.0004358375
ck_f3bce4eccfa6d6bb,0.0043573451
ck_e0ccfa0d689339be,0.0089857211
ck_98217aeafa0bfefd,0.0295831659
ck_a02aeec1914c158a,0.0248059901
ck_20a17e8f206a14c8,0.0278059192
ck_114c32aad4b6183f,0.0435815206
ck_79f5198f0decef20,0.0045297596
ck_2209de229b4c71c5,0.0124838180
ck_6ee939b7f396975f,0.0083788085
ck_202f0c14b07ace01,0.0473160272
ck_fa24db9d416ab904,0.0056281019
ck_cf6aa24b92c4d33c,0.2891099832
ck_45f57fb8194cefc8,0.0048051719
ck_d5eb179dc45394c6,0.0160931949
ck_efb24be983342f75,0.0176123974
ck_245f5d62ead5ef28,0.0109418822
ck_15fe2a47fa7e92ea,0.0030270370
ck_b6527a85fd682554,0.0180544337
ck_11f9390a11ce9ff5,0.0240164352
ck_ffb4d892c5158201,0.0044702457
ck_d4c1da5a1427fd6a,0.0353891658
ck_2c041b1efb1c5063,0.0073855849
ck_ecc18f40b33be769,0.0876149961
ck_0525349f3945375b,0.0569236950
ck_0bfe62e0c7eab9c9,0.0112629940
ck_b7c37d410b1646c2,0.0288912609
ck_4b15b0746318cf42,0.0713867631
ck_e5ee006ecd8ff661,0.0247202334
ck_ccc83cf66365357b,0.0432443471
ck_34a33ffe8339f66d,0.9224025625
ck_4e39e3b165edab58,0.9676461907
ck_1a71f8081ae00190,0.9027933079
ck_ed8f1200fc049c40,0.9648077496
ck_8a5a57858e8c77f3,0.0381333941
ck_fff9fdc2adf5100b,0.7379442515
ck_c76f1bf40f3b787b,0.0004406687
ck_1a6ddfeef82b1b1a,0.0101263051
ck_478d2667aa9896d9,0.0421643394
ck_641c8e7694b21f3b,0.0162227738
ck_293581d879f6663b,0.5151425105
ck_1bfa8abdb22be8f0,0.0319368026
ck_05ab5b03d0bf9ce4,0.3274375916
ck_35694db37f0cde7a,0.0005542271
ck_fe33eb743d714c03,0.0125366976
ck_abd10fbcbaf2b038,0.0079648570
ck_46d51648c1bf80e5,0.1070980632
ck_5c8390017fabfaef,0.0178393924
ck_87d55ca333f22072,0.0014356667
ck_c39c6a1453e2b92c,0.0006123497
ck_69ff1b0aa143a168,0.0009435703
ck_e57c79eaab35ded7,0.0075335961
ck_463ae759e2b6ad1d,0.0100463738
ck_0dae4a7eb587f3ba,0.0189969952
ck_9b12fb56529ebc4e,0.0159163342
ck_1af547077ba2dd03,0.2151244926
ck_de13de941bebc7cf,0.0020105416
ck_83dde7da2bf647ac,0.0012791482
ck_c80a94d4660041fe,0.0620663048
ck_f39cfeb277ef6528,0.0009120002
ck_1cec1ed1512a2d3d,0.0012396301
ck_7955a359b6448799,0.0010732281
ck_8c0955dad13c3ca1,0.0014052840
ck_6d4cd2de601a2308,0.0239497504
ck_f4536ba8dd2d551d,0.0073725032
ck_b379c198d6db2d62,0.0083609918
ck_76ea90ebc74bcdc7,0.0229042211
ck_734f06bd4aa92781,0.0277044719
ck_677e1d0c14cbf569,0.0016954436
ck_259271c70f3fbcbe,0.0228081468
ck_c0b744eb9e7d4eb7,0.0135795183
ck_3d41faeb96802f68,0.0036717871
ck_8f604fa70fc3c8e3,0.0035568151
ck_0b3c3bea0e0ed339,0.0069666591
ck_be5df076b8a86409,0.0050159896
ck_6a475fe324d7d790,0.0305478993
ck_3ba3fa5387bacee8,0.0005306313
ck_324b9939d9c1c31e,0.0039696194
ck_a7fcf7b592f68ca1,0.0259214994
ck_5b2728f7cca414ae,0.0005986743
ck_5f4a25ffd0b85a47,0.0149238453
ck_63d4f5076fe4406e,0.0027885151
ck_af528d66c86f0cb8,0.4346166648
ck_ac7cdb9b8da7b5dd,0.0162332509
ck_3bece63711407e25,0.0262625274
ck_d4e0b2a12fcfc35e,0.0027491673
ck_ee3e7c9d3a9c74b4,0.0393803631
ck_50d7c4dab837bf66,0.0132827595
ck_ebcb93a2990fc914,0.0738738538
ck_2329cc9702cdf7a0,0.0344957255
ck_db1fa53d588bf99e,0.0134556750
ck_44e57a0bad5a0745,0.0109301515
ck_472c81a144f4631b,0.0017493644
ck_1658429acd5306ba,0.0092966977
ck_466103ec5bd9444b,0.0097430070
ck_9757163e25262b74,0.0288613658
ck_34ed59bc2c9b0186,0.0032171852
ck_b7bd3a7f263f4f29,0.0300191674
ck_149662b09d632e41,0.0167752510
ck_a9ffd6b3957bd41e,0.0030512074
ck_ab80466ef615e85c,0.0033484267
ck_f2c824d3473db24c,0.0063286030
ck_a4a01fd45936b078,0.0279514747
ck_8f6ce158c2902877,0.0013478584
ck_5189a302cfa7cefd,0.0006731414
ck_430a3d03be588201,0.0107259399
ck_b5f9dd00914b4db4,0.0069803524
ck_52dec82e9cf6135a,0.0025289081
ck_95e444a01e2ab4a5,0.0247349383
ck_e37cee7b123692af,0.0364983511
ck_d68d42858a55adff,0.0308052873
ck_3abfc010091d679d,0.0281651363
ck_cee4e4e1b62bf82f,0.0222780219
ck_9ccb17c35e636c5e,0.0086491639
ck_f72a5a3b0d6c1177,0.0021958415
ck_7508aa554fae6afb,0.1323346949
ck_003aa842b7ca1d77,0.1889934069
ck_83b2b192f41ee2bc,0.3388427317
ck_64796b6b2c3c7f06,0.0195569183
ck_6438ae81d43cb196,0.0062180648
ck_2bd73d9098504760,0.1608658800
ck_aa8b9b36a099e4c8,0.0242078547
ck_e5ece47d0dd10526,0.0305205676
ck_16077ac345472e6a,0.0085698925
ck_a4d6e152b0076964,0.0054179601
ck_d90b1d03ae151f62,0.0166289401
ck_18b36d342b530af4,0.0103570497
ck_2a01e610348b84f8,0.0291341624
ck_0a93ed76bf36c8b6,0.0098945959
ck_3d56b477fe2370b6,0.0151598350
ck_17ab3068fa303682,0.0031579193
ck_592a3520d841d11b,0.0358872851
ck_84d07028b5fca2f6,0.0131116132
ck_f4a2bb10afa85743,0.0015522547
ck_4fe4b072f03f2c1e,0.0018691668
ck_9ad08fcc183ea1e7,0.0016915874
ck_130d3848b9dcdb05,0.0054519120
ck_bb399ed6bf28c230,0.0290156559
ck_a31a64a39a2c4941,0.0019537245
ck_c49f25dfb39909cf,0.0324991173
ck_55f50a9ae2db8ff7,0.0026481262
ck_09faa4e771cf876b,0.0052989807
ck_df520a7a6e405889,0.0122263825
ck_8c8c98cc694ac900,0.0091939558
ck_7f0c4f609673ef62,0.0100437501
ck_f51fe59cd445d2cb,0.0258130946
ck_b3fb83f0d772a831,0.0074521380
ck_d6e7e257751c299b,0.0016536016
ck_0d362ddb4a1cb6d4,0.0263727274
ck_a574a08edaf81781,0.0030066859
ck_a823f5bcb0e4b9df,0.0008032399
ck_f792586ad0381eac,0.0178830028
ck_54bfd70022c66983,0.0030160779
ck_fe0a9372c9372de9,0.0076047792
ck_5691cd6fdb6d8147,0.0105075137
ck_a95f212a02433d23,0.0015796339
ck_f5adad75e1c06731,0.0620618342
ck_e09c97520eb0533c,0.0124679723
ck_a1e13c0d58560340,0.0008182455
ck_cacc2ca410cbe80b,0.0113592971
ck_c0dde2a6ef1e08c5,0.0009153791
ck_a04403073c90ce38,0.0007504395
ck_03d3026107175dae,0.0241564998
ck_50176dae5b1b716d,0.0027688963
ck_6c084bfcb38e96c3,0.0212957241
ck_36d2be9012f7909e,0.0127262665
ck_958acf84c6137a22,0.0141011266
ck_114722e12db90a73,0.0040604095
ck_203c2a22c0c165ac,0.0163974050
ck_2c44ca550e5cfa82,0.0154932686
ck_df0a8f20ab8f14f4,0.0224507491
ck_826a27ff7555192e,0.0103249381
ck_09a988ebcf062297,0.0805936007
ck_5c82444b3b9160ae,0.0187013515
ck_f6a4a7ed27fe76fc,0.0790212243
ck_17de46314b5c6a92,0.0292120479
ck_335e63101b1e6c4c,0.0835415172
ck_c5eefc0697451de9,0.0644049841
ck_49a0efb5d4067b6f,0.2797584760
ck_c1f4509c8f5dac5c,0.0125228182
ck_57658eda1c59bc52,0.0021664713
ck_0d5c0736ec76385a,0.0012001168
ck_e0239e6ae30795a7,0.0406122102
ck_e4459115cd8e5e4f,0.0063709140
ck_bb4aec09d4968dda,0.1440150551
ck_a1b4c96faed3e0db,0.0243788857
ck_8247b79ac67aae7d,0.0307678172
ck_fe2fc7d6e5d83f09,0.0032178585
ck_f6aea576cde8d592,0.0005770053
ck_b7e7f7d0cd886412,0.0901009620
ck_ca7b993e8286af7f,0.0250118430
ck_47de038381a9cd65,0.0193082648
ck_d38f941d09eec820,0.0572539537
ck_d9ba2a6c0d926b4d,0.0022727342
ck_cda72f597330d0f3,0.0028023337
ck_16d2d27fadeeacf7,0.0032523181
ck_be05447853d423a9,0.0017690251
ck_cd92852d7376a4a8,0.0030101356
ck_2faf7ecccc9fec58,0.0007151892
ck_db8733fd92f20cd7,0.0164267639
ck_a9989a3a94c26634,0.0157634523
ck_957fb25437c75e41,0.0492484146
ck_e6a6caf6e7de17c2,0.0057982889
ck_f7bc569b37e8bdda,0.0226115526
ck_703b375dd86a6124,0.0165861733
ck_d3cfb3603f2c6ca3,0.0623490292
ck_07cb2b6f2a4303e1,0.0187191251
ck_31631e2028d4f855,0.0142124336
ck_1631bab0ba1256db,0.0102233735
ck_5fdafeaec036f016,0.0074625819
ck_6eda4c36aecad602,0.0034555697
ck_bd1bf9e3e29de281,0.0386036666
ck_bf378ea558a4125f,0.6107515031
ck_7aa2deeda0e57412,0.9960053916
ck_d229cf7f5a3f38ca,0.0135403808
ck_9e109edd124492a5,0.0031771873
ck_779491819995625d,0.6136714990
ck_b89c6fa2ad0a12f5,0.0137548109
ck_1d01b4a609918c4e,0.9426053934
ck_714c5d7cb17bc9f2,0.0085217813
ck_269f1746f2609ed4,0.0058998553
ck_4be03a2aa62b93c7,0.0016322561
ck_cf920313f6dd28fa,0.0187948411
ck_fb00aae4e17740c5,0.0144113138
ck_085d8c42739e2b10,0.9967461301
ck_c72a7d0d03cf3e17,0.1777530695
ck_8f6ca5d3b17eac6e,0.0016735446
ck_d9573100bbff4014,0.1878641503
ck_79d6793d1d0cf43c,0.0013979224
ck_91fa5032f7aff0f1,0.0959074607
ck_87110d84872c0fed,0.0202673300
ck_8220da627e9992a5,0.0048072926
ck_2ae44938847f3852,0.0061244116
ck_b0f191e44f9b6f35,0.0524965539
ck_3049d744b527f4d0,0.0064598192
ck_47d3e8d1dd3fbcef,0.0172884124
ck_ddf787359d2b5deb,0.0008733569
ck_b27a9e39726b26d9,0.0022967868
ck_80c4e9274cf976b6,0.9874881153
ck_c6afa913168ce8fa,0.0027094131
ck_52427b3f8478db19,0.0432229682
ck_3b810f15ca0eaa55,0.0060270037
ck_0c9e420f97baaa06,0.7302060946
ck_f8540cf3a8b2f8c9,0.0275097015
ck_1402d24dd623df72,0.0061672646
ck_eb4f4267e24d042c,0.0064192365
ck_6f661b428d6fb8e4,0.0299067872
ck_519a26ecf3d29c90,0.0034785903
ck_e886ba71d4a6fd73,0.0255918682
ck_437f9ecd2016a1a8,0.0032028672
ck_f01af1b0c977cc06,0.0063614091
ck_614f777c2eb5d537,0.0030797259
ck_b804e784cde9af8b,0.0071130401
ck_c2dccbc1b24b137b,0.0833544011
ck_1df4a1781a0f6999,0.0279837267
ck_bd2cdd53fca26171,0.0218723165
ck_424c254249a109f0,0.4196175009
ck_cf2ca4f286e289ba,0.0242197668
ck_6c33cb15b0d8af54,0.0066333085
ck_311d395fa9b8550a,0.0196684168
ck_9f792e7e721ff7f1,0.0064544037
ck_4c37586080edb7fd,0.0004514390
ck_7c4f42c5397113b0,0.0028170355
ck_fc418f53ce4aa579,0.9295218336
ck_1ba28fb7ef726ce2,0.0128336874
ck_d932f98bf6b83956,0.0654151595
ck_248b3659a9239240,0.0119397062
ck_6a92cf5f4cf5de38,0.0277904450
ck_65519d0fb137e0c5,0.0032249975
ck_ddc3fc99eaba2064,0.0246338235
ck_7310cda3bc65a73f,0.0032250184
ck_c01c85bd631d4054,0.0092414630
ck_b4954d16b9749829,0.0297045390
ck_f301f6758e170d66,0.0650159662
ck_9bf95f8c47e7c7b4,0.0067098884
ck_c91b7fccf6aeb4a5,0.0360756481
ck_785fa45e86bc5e95,0.0134658596
ck_2a65f1cc23f1180e,0.0019006951
ck_a49a2c1f881a3560,0.0020008757
ck_def344d68f06d749,0.0125342116
ck_abbd1465fc730d78,0.0013820866
ck_07a5610ed28162fb,0.0185725763
ck_7ecdee2d7127be8b,0.0162737703
ck_67858bc00e81490d,0.0006642303
ck_b4ad165ace910222,0.0079278973
ck_30753ffe481a1b8c,0.4604107489
ck_c401a26725b17177,0.0012626705
ck_819988d8a7f26415,0.0019253191
ck_3364a1d9261b3638,0.0050591625
ck_c484c5bda389bf20,0.0005210992
ck_ae416325fef92c9d,0.9609453470
ck_5517b9a865960542,0.0052433919
ck_a0e96fed380440b2,0.0075616755
ck_e83409471d2b0b44,0.0406077824
ck_127273af97d7827d,0.0036820409
ck_aaa9861c91bd14dd,0.0211830475
ck_a378c58294001a36,0.9234428913
ck_abb9d65ff1f95b64,0.0474795364
ck_a5ecbefa849ae569,0.0109720300
ck_aa9953c0ca2bed7b,0.0008041074
ck_40bc6de252865f32,0.0036704043
ck_9fb11688dcfe1513,0.0048315989
ck_ba68841ca2ba073d,0.0167365168
ck_1d3e561a7d20be0a,0.9786078628
ck_99a92d710a29c1d0,0.0096115226
ck_ede2e887697ffac0,0.0028940405
ck_e6de67c0d82a7b83,0.0164105825
ck_6b38763bf5ddbcef,0.0321486670
ck_8dd44eead7d765a5,0.0221095215
ck_30bf5b0056eea9e9,0.1574344805
ck_2981d16f8a51a8ed,0.0337888201
ck_fc60f42c68c7024f,0.0448697325
ck_8e2b2251ee224aa4,0.0081513264
ck_1906f0dfaf6e9bad,0.6250913736
ck_dcbe6814fc4ca0b4,0.0391436106
ck_f7e958a286ae3b57,0.0031628692
ck_713649668a7ca824,0.0327388815
ck_6f73cdbf9305e2ea,0.0147437486
ck_dd1c490050cd9051,0.0467114432
ck_e30db36e376606f7,0.1122610147
ck_740d8fe8028b5a2e,0.0029650368
ck_ebbc9418cd41f692,0.0017261341
ck_7b3cc6cc3f250f39,0.0173708229
ck_1d30eef7110809e5,0.2130140907
ck_77e0589ab339ca66,0.0022001216
ck_15ccbf8ff7d14086,0.0063958525
ck_246989b0c288664f,0.0164865659
ck_fc2a6e27b10b10e9,0.0011766301
ck_8afc1112c12f5402,0.0147854249
ck_a76e8d83b9141364,0.0372216313
ck_51d3e8dd7465c015,0.0024458486
ck_e7b4016909405981,0.0015926882
ck_e7a3cfb9bf908e80,0.0068910803
ck_2bb49dc2388cdc1e,0.0023303669
ck_94f4266ee7871345,0.0040324940
ck_b2c896beec146477,0.0061714292
ck_fcf5d4a4748cdd53,0.0091811502
ck_fd0483639811f62e,0.0785995899
ck_9a21d183524734aa,0.0904217078
ck_1df4b46c0a4c317d,0.0248093559
ck_638df9e8a22dfe0b,0.0169693746
ck_65acc43a6dc3e65d,0.0063128486
ck_7c67b73196e3d0d9,0.0073849673
ck_b0ee3a98175b462d,0.0019907797
ck_20fad010969f1abf,0.0018407364
ck_54b087bd873af8b8,0.0070154933
ck_8007824431fa803b,0.0023301552
ck_23aab322810b9fec,0.0081822752
ck_c8001bdb9aafc8a6,0.0094786364
ck_3a34c3ac83cf84b3,0.0115078237
ck_60187ac2c473a662,0.9759681341
ck_6a0ccd7357979f0f,0.0938814391
ck_27f20337bef5ffe0,0.0364171155
ck_f9fc468915afe49c,0.0436294050
ck_1eabc15a94bd9009,0.0111011832
ck_26896c494b2768ef,0.0118320103
ck_348c874eaf0354f4,0.0198641211
ck_be9c46acd216b45d,0.0247119417
ck_a3cce46d15cc20a2,0.0562443345
ck_70804f60d9704128,0.0496209268
ck_a019151ca8e7527a,0.0345410149
ck_571133b2aa8ead51,0.0239674354
ck_0afa4449f20d5196,0.0042898972
ck_4d503c41cf4e5034,0.0217414183
ck_d6fb9cc5171e3e9b,0.9287564535
ck_05ed92a7c3e10e5d,0.0181794070
ck_bfb067986660afe3,0.0505753639
ck_c1a31690c8573226,0.0050204438
ck_cb88ef3dc1f42225,0.0011468032
ck_21e3b3bd998745e5,0.0369234274
ck_cf52e46fa54e4540,0.0018602447
ck_b72c7ac4208052ab,0.0326373367
ck_e6465c56b337e6c2,0.0067763837
ck_5f87eb05d18186c0,0.0160748660
ck_263f6c5ff26b5e98,0.0033758038
ck_e0b7e2c0bbe228d9,0.0046356121
ck_b657ae3c146cb7bd,0.0035907299
ck_abac514d8167ea58,0.0174388709
ck_024dcab126876002,0.0294492308
ck_5d8481e2b38bd99d,0.0121047305
ck_edf229c17d25dac1,0.1419784713
ck_6cb7c97b72d6b5d3,0.0164383705
ck_c96ae2c28086a059,0.0130401787
ck_2f241b97c0f8389e,0.0096058645
ck_9158bdbb63ee8987,0.0080219678
ck_e7b40b60786c1530,0.0091801332
ck_66d38518f68e6194,0.0019785972
ck_8c9b57ad2a991416,0.0048255943
ck_cc91bd7152d3e9ba,0.0069331494
ck_0d846660c7957a88,0.0051885497
ck_60896cdac2212bea,0.0228973810
ck_dc4db8b932df49de,0.1444298041
ck_2dc31db181150e20,0.0043559760
ck_2f138fce1171e277,0.0200526938
ck_68b8b859a6ef505b,0.0108100866
ck_c3fe0c6c5e1f40f6,0.0034370353
ck_15886fe84866de92,0.0199245717
ck_ea269b35406473e8,0.0011815553
ck_3ce7cad1f69b71d6,0.0215312609
ck_054ed4288ee58d6e,0.0345455459
ck_3d4913a86f207fee,0.0372967936
ck_23ff85f9d2355e8d,0.0157721986
ck_d87ab3261322216a,0.0003842316
ck_fac046ce336fe39d,0.0074827821
ck_beb97e498e6cf8e8,0.0421189807
ck_1f517e0ebf397b51,0.0067501155
ck_0af57ebaa45877a1,0.0017119727
ck_f99bc1732ce5e999,0.0160051326
ck_abb056a9deab275a,0.0152897300
ck_0bfc394c5faa65cb,0.0131841806
ck_ddc865af1dd5670e,0.0153112251
ck_68b5542459638b56,0.0626785700
ck_0b1d84252c0b46c2,0.0047709755
ck_520ec32c4f253604,0.0405420457
ck_79ffcfee599d77c7,0.0124100538
ck_eb224c0fd146253f,0.0352290641
ck_0e477084434da450,0.0120922095
ck_07840bba5570785b,0.0112652085
ck_6b67fe8e310ab865,0.0168632388
ck_e2a1068c2fa22525,0.0370416007
ck_b9c6b32f6bd92a3c,0.0019189394
ck_c1e7d1021ae58f00,0.0019718693
ck_5d7801201749ffde,0.0223967497
ck_c8806749e263f70b,0.0003650518
ck_c9eeab826781dc91,0.0105462656
ck_309a432c160a17b3,0.0157472065
ck_b22e3337b8e3dbb2,0.0026581537
ck_79c30169c71b8033,0.9087445615
ck_5a6593d954085775,0.0011518261
ck_70b9b79ea1aacba8,0.0279818779
ck_63743141ffa11f45,0.0150113139
ck_dfd3dbd0d97a642b,0.0095871334
ck_635646a661f05b4a,0.0131281297
ck_4b123d6931b6d0d7,0.0858909140
ck_f2b0e7a47f442557,0.6084763203
ck_1b1df006b81d38ba,0.0092555475
ck_360237c1bd30f4bd,0.0040361469
ck_5e84bca0e362da20,0.0187138981
ck_142dba210ed2f3b5,0.0679815455
ck_a3564236069e3524,0.1725688779
ck_cf36d8b070ded782,0.0114739354
ck_ddd6625c5eddad70,0.0008657599
ck_ad54292a0b2f44ef,0.0101576002
ck_45cd5ef6b359e9b4,0.0031749991
ck_982c2392238b7be3,0.4313345789
ck_083e4ac78685c3bb,0.0184865818
ck_729cc0b46cc2e546,0.0679121339
ck_f2b8995fe5402759,0.0010034501
ck_73e24f5a8da289b3,0.0378744226
ck_bd85f30c36f5998d,0.0345604279
ck_ee4ff3aeadf912c1,0.0047886832
ck_63d2978706e193d2,0.0168661078
ck_6a0684436a1e66c3,0.8141585837
ck_182dc4a2f5a366da,0.0009224309
ck_e6fecb82fc2a82de,0.0067705894
ck_cfb06f07394dfe64,0.0008191210
ck_7bbe1dc8add17ef0,0.0170364461
ck_5cacad76e02c8e3d,0.7722704548
ck_ca68dec0c7df5a12,0.0033552732
ck_e4c0fc52c82065d3,0.0118768166
ck_f9197b070416f443,0.0051096278
ck_2a07c7021b71cf65,0.0509909693
ck_4fa85cebf707de2c,0.0010430052
ck_0063d2a9507467e5,0.0053867951
ck_ec986285fff05b7d,0.0011134152
ck_279d43303708109b,0.0050740798
ck_a406bf11e48cf8c5,0.0365520628
ck_064b2aa3f0bfdb6e,0.0092379485
ck_95790440bc4bd2d0,0.0164533295
ck_70066eea13b4c34f,0.0042961129
ck_19468fe07e26f992,0.9329027535
ck_86bfe328e0a533b9,0.7736689947
ck_ace3b96c977a7560,0.0977775849
ck_642344e5c652d8df,0.0316108807
ck_074be35c951ae10a,0.0179531833
ck_f14dce41036486a3,0.9918110944
ck_5cf67a3a747e684d,0.2353399164
ck_f7285b92648c1c81,0.0015793584
ck_bef3193f124fca5c,0.2854520531
ck_05c4dcbb45de1f8d,0.0048258935
ck_d7c28eaa05bb7144,0.0222337636
ck_320df984791a1b99,0.0012078568
ck_f45bad1606fa00a7,0.0033763615
ck_6f81c199e986d9fc,0.0123363051
ck_d0c9633fed57c344,0.0653386933
ck_a3c25d6cc7478068,0.0122353383
ck_4185506d12cf9fa0,0.0008127793
ck_7a02ee1bfba7353b,0.0240986932
ck_1b52590757c0fbeb,0.0102757499
ck_a0e5656e1cf9cbf5,0.0040247317
ck_ace21f6daef94f6e,0.0074057933
ck_646d8d0834782d6a,0.2905645635
ck_1f136a4476b5e775,0.0264759568
ck_325c7643cce02da3,0.0123101082
ck_9b5e7fe28208f5d1,0.0049005173
ck_05d81b1a150f31c5,0.0018669336
ck_0e9ec486bff403c5,0.0154491520
ck_ee13c091bc379188,0.0262204478
ck_f7a7f8f5903617c5,0.0100374752
ck_96c3a3517153390e,0.0125594707
ck_538dad7f096458ad,0.0046388268
ck_8758fc6622bbb7df,0.0088950331
ck_f7e53af3c91fec64,0.0245023117
ck_80b50fad7f255e1d,0.0029506739
ck_9645e7adc08631b5,0.0655560046
ck_e007aedbf37d6ec7,0.0097778092
ck_2951d76c41de2569,0.0345473190
ck_9439bff87e616d4a,0.0056244209
ck_a73045e96af0e4fe,0.0097147574
ck_7b382e533e2e925a,0.0296985930
ck_730226c2d216cacc,0.0040901021
ck_bdf837d761a7cec2,0.1494224422
ck_0b34197335ba3341,0.0105287803
ck_49170c4b31a20f5c,0.0004395210
ck_cd553ba6589d8bfd,0.0108781334
ck_56b992c6f136fa5e,0.0282042509
ck_8beae3d7328fa41a,0.0502172581
ck_1a065ea906ae3d6a,0.0048959892
ck_e9e3381d5e0e5051,0.0019312015
ck_a6d4f998dadc90c2,0.9221886153
ck_d36733da917115a6,0.0236788862
ck_e738e920bbd74a7d,0.0087459557
ck_af65eb885a51048d,0.0024173423
ck_73f4eb09af29b1c0,0.0285296464
ck_8fc641b1750a2542,0.0721472583
ck_41b954c7a948c060,0.0022594341
ck_25fc3010e8a0f6d7,0.0054271239
ck_a2624e0387974e0e,0.0530353798
ck_5cb9d7b2329d5ab6,0.0583005458
ck_6c83aa1d100a7cd8,0.0777929142
ck_67025c64588abd1e,0.0028132723
ck_f5dde68f6f0468e1,0.0014989087
ck_46bfb2cfc29a6d2e,0.0096423668
ck_49dddb894d33f6db,0.0651468843
ck_f738b633b8862d18,0.0004883357
ck_3d6c3c00d854f5a4,0.0543102660
ck_cdb8061d8d1a6c5f,0.0042474743
ck_5e1b81848718bdc3,0.0274557359
ck_8def763034187436,0.0064185676
ck_8f8e4fb9c6190272,0.0032178922
ck_368b968b5f33431e,0.0014289851
ck_ba7e347251ea399b,0.0305797299
ck_9075432001a64e75,0.0108378459
ck_73c5371635aca173,0.7323980700
ck_81793387b38047cc,0.0014580107
ck_0cf220816e320ac5,0.0039554068
ck_820219bb9c761b52,0.1130077839
ck_70a932ab39d86a24,0.0009714960
ck_2c4be237a7ed79c7,0.0037570284
ck_acc764b49ef02826,0.3543651248
ck_74c3c3452e4e7cce,0.0016532121
ck_34dfb57e5bf31d2f,0.0370793482
ck_6ec39903f765956d,0.0364017225
ck_5986119e7d81e831,0.0152048049
ck_2ddfc948b8eac752,0.3036688022
ck_921ff5ceaf40a968,0.0166835557
ck_fb3b68b4424b5f92,0.0374662034
ck_c3db1b3ad4f16679,0.0131126986
ck_124a197be41687f5,0.0236346974
ck_c58d9151834f5bad,0.0172221586
ck_389607982eb6b701,0.7075905729
ck_fb0c138c003e933a,0.0011355940
ck_50d0bb7edd8c69c0,0.0360255415
ck_c6cb651149dc9a8a,0.0031675103
ck_81e21354e477eceb,0.0134650361
ck_7696e38b3e4197b0,0.0124435379
ck_586001d3ed9e7fbc,0.0009515972
ck_bba413492dc46f2a,0.0276541391
ck_95b894380ad2702a,0.0117993101
ck_277621473369614f,0.9969187314
ck_a50621b5eeca84b4,0.0008915855
ck_bfa7ba218b988cde,0.0358908030
ck_5ea89567dfe78e4b,0.0185672927
ck_6c679602a6476ab2,0.0076816862
ck_d3885e286b3b11d2,0.0435702843
ck_cdcf6671b37c9c92,0.0028537890
ck_b5c93e6d34f8d366,0.0016282833
ck_c24f61925dc158d5,0.0630736709
ck_cd09375e6c81d2c4,0.0169355171
ck_a95afc7a00303a26,0.0237836502
ck_8e89ca8b39f3f8ad,0.0007672463
ck_9a84b396aada3fa8,0.1217416054
ck_5124a2e415384945,0.0181857503
ck_d66bb1f063357f99,0.0087097365
ck_0fd9312411b0ac55,0.0140995369
ck_ad8cbe6e27e47ede,0.0218653265
ck_8398adeaf41f9cae,0.0161685561
ck_dcf851e7bb5855d0,0.0015394133
ck_9affb0f26776b642,0.0051040823
ck_f0424b3b36bdbef0,0.0345407070
ck_66746d1090d6d9e9,0.0013902005
ck_e5f8c8a5824db594,0.0049087053
ck_3e91dcc209431984,0.0115000905
ck_126a82e8d42e5ce6,0.0011988796
ck_38e4a74ab256e2eb,0.0049783349
ck_1225a97fc413a419,0.0320294904
ck_9b5ec0f78e160e65,0.0024746219
ck_7c5529bcc079600b,0.0146731361
ck_29640fc2fe81c251,0.3601059648
ck_160e9ba0a3f7c1fd,0.0021449414
ck_bff090cb4ab76b9f,0.0279102325
ck_aa06ed358e43db69,0.0894093707
ck_7264486eb512d84a,0.0050794028
ck_f5a32e6160b28379,0.0135100287
ck_4ba8bec14c2217e1,0.0045141244
ck_610815786d729d2f,0.0084166167
ck_e267999226b6321b,0.0007598897
ck_f3996a3c8eea1ea0,0.0170562244
ck_e9b75ed7567a3f23,0.0338532195
ck_d21612d48bb4f7b8,0.0143022591
ck_1f871df76c6a995b,0.0530346101
ck_953bd5de48ccd70f,0.5789276651
ck_02a9104419a6dbaf,0.0182439721
ck_1eeeee651e05d535,0.0341714590
ck_e2ab04136a442a98,0.0031862660
ck_f0d806624ef3d359,0.0071557035
ck_4b68b38c1b3326a3,0.0024938631
ck_74e60495f8861156,0.0300142699
ck_398f3f4cf05c721b,0.0025261390
ck_f761b7650a0c1a85,0.0151652241
ck_7dadef33f5e2d94f,0.9890240793
ck_6ff6883633b8c7ba,0.0011646368
ck_4d2159603045109e,0.0092287937
ck_a38bd07a5fac5c9a,0.0046970013
ck_f517f06551e69507,0.0015937186
ck_a7ea00a1760ad561,0.9922396751
ck_31fc51d5a3dfe16a,0.0160734914
ck_bac5233623b25ca4,0.0098002612
ck_385188ab27784fe3,0.0472006147
ck_9947a323bab5cacd,0.2428176570
ck_7973edc9f22ee7b6,0.0368203815
ck_f97c477986043755,0.0016148158
ck_1a3fd2cc4b4de196,0.0045384462
ck_e18ac29ea62cb435,0.0301058200
ck_9720a472a3e0140c,0.0014657847
ck_668c7fc7d7e47c0e,0.0278338259
ck_214af0806470ef48,0.0105284254
ck_a46c1773f01f0be7,0.1389895710
ck_f2bdcfb4203ffdee,0.0398812208
ck_40e84e6ffe788a4c,0.0144789533
ck_dfc6f5712d8d6678,0.0608156261
ck_01ef1036b2e66a4b,0.0098819784
ck_3acfec10eec32f9c,0.0369104837
ck_084a85145c15ed77,0.0030131637
ck_fcdb4fe2f095fba1,0.0293044060
ck_023908db0a193076,0.0521551303
ck_fec0ff92fd622253,0.0109350816
ck_c009c97d5fafbced,0.0834744697
ck_eb9f0c06ee017ee5,0.0188869527
ck_d7792b429620fc24,0.0037146903
ck_5e9e149a3b69c726,0.0283922416
ck_ce927322ef8f651c,0.0082027455
ck_b8fd61a8e82bce32,0.9888987374
ck_9aafc33fba1474cb,0.0027504310
ck_ce81ff9b8b35562f,0.0030107581
ck_25bfca1d8eaa152d,0.0112176312
ck_170c65860e2a7e23,0.0052135851
ck_952da7ca9f33decb,0.0122758946
ck_1ebd574406235957,0.0172892070
ck_589109a188adc2c1,0.0034330763
ck_f0cbd5383bb07778,0.0287762882
ck_242521e261148fba,0.0071680331
ck_509cece86a558de4,0.0100930166
ck_0dd7c5925d28755c,0.0021338648
ck_a7e669cf1c3985aa,0.0145781236
ck_acb84dc2351eeb76,0.0015974688
ck_b837c7dac2a9b931,0.0341665587
ck_18eb1f9181f95df4,0.0022621634
ck_b0b9047dddb1ec84,0.8699116500
ck_43aa136bdb0a2832,0.3131084996
ck_3e47f8c56c811700,0.0032757903
ck_77c587d24695ea15,0.0068234205
ck_20578ac693ea4e93,0.0294190135
ck_b9f6040eebd1605f,0.0665270463
ck_ca9d86f65cfdf018,0.0045840177
ck_a4fa8833995c716a,0.0042682996
ck_f589f1e29301b5fd,0.0094276635
ck_961ddb8ff55d868e,0.0014002230
ck_5662492a54e6688b,0.0319017762
ck_ad48826c1c26eb78,0.5539209496
ck_621c9ddde6bf2eca,0.0237759603
ck_417a3500b2c717b3,0.0338273745
ck_c7e129058beb3ac1,0.0245491437
ck_ec1c902b9b9b9c5f,0.1425402499
ck_317360ec0a67d27e,0.0313325525
ck_3e3ea5d8c4a229dc,0.0425218727
ck_d11d27de7bf0b973,0.1371878351
ck_d37d56e931105db0,0.0063226904
ck_4863077723cd6ce1,0.0011545875
ck_479a065d5903e9c3,0.0067644664
ck_e66ae4fd586fedea,0.0028983569
ck_192bbfd0d5720134,0.0136991578
ck_3b436cb29af99f3d,0.0093183369
ck_7c7ca54969eed187,0.0566850538
ck_826ee896c9f1144d,0.1850223792
ck_ba1f6dd43fc8a0b1,0.0075576553
ck_49685deb63e4e8f8,0.0157524876
ck_687ab5d5554bfa79,0.0173149881
ck_41346ccd9242cc8f,0.0012298300
ck_8f8e5e2b9dfec3d1,0.0336126662
ck_94d5ce61a0c50465,0.0135634862
ck_6b954c75aad8c012,0.0321054357
ck_748af92828c9d288,0.0008713393
ck_dddd14091ce812c2,0.0194179034
ck_723323f6870fab59,0.0209540513
ck_dbdf8d0708cc6718,0.0087530935
ck_f04938570a154de3,0.0033893043
ck_58afa1550b3b5294,0.0106191522
ck_3b150afde386ecff,0.0445753687
ck_666b95e75d99ec4e,0.7775714062
ck_e00332597cf1eb24,0.0174497354
ck_9a9e3dac79280d7f,0.0561595101
ck_e8d37262e859d9a1,0.0093579384
ck_895bb39d24bc1c4c,0.0009547121
ck_b367449195e36499,0.0189231367
ck_d23f9a50d1135ce1,0.0384308337
ck_670dc4910cf476c2,0.0002845241
ck_3ecd8a5ce65e21ca,0.0038289530
ck_8584fea2df4c6317,0.0223725600
ck_0789ff4562202b20,0.0109033288
ck_749e0e50c3907be8,0.0013359543
ck_c3ff6790cc6d7e34,0.0043964866
ck_75fb7e56432ee4b2,0.0200867683
ck_529fc3170fd11abd,0.0694710090
ck_34a69b3b4a681796,0.1748207384
ck_255f0e5888ae9e23,0.0330620865
ck_65be698386474170,0.0007778495
ck_5eec9ed855c26000,0.0022037449
ck_5ab39bdc9610f6f3,0.3944646474
ck_1b5b75762f033462,0.0125686131
ck_d3e208671cf37f91,0.8062109117
ck_5068ee554ceff971,0.0517147257
ck_d7d50fb57fcb2d0e,0.0005458109
ck_ba6e1115fceaa067,0.0200534763
ck_d07bfb16a4a7dac0,0.9625366694
ck_ead68310311690c8,0.6475217000
ck_ee53ce862bc9c111,0.0144974346
ck_97e56e6037024dff,0.0041395066
ck_80b04344c98ec072,0.0393986805
ck_5954f45a2ab45f43,0.0280200177
ck_18ddf7e836256e3b,0.0108765229
ck_89a1a780144d808b,0.0277905811
ck_a7331e8b808c39aa,0.0446948858
ck_a1fd0ad03ff9b776,0.0383991645
ck_c0cf50eef030b401,0.0007874529
ck_074f20921189e7d6,0.0048265099
ck_e2aa7be60794593d,0.0930155444
ck_72771757dfb7f7a8,0.0156431342
ck_a9cd84a6dddfe584,0.0211349551
ck_142c00f9f8557504,0.0345117757
ck_221b5d40358230f4,0.0187638796
ck_a2d7a563f520b7ea,0.0105611531
ck_66cd34bc568d95e0,0.0359074422
ck_a17128972d3e507d,0.0166369983
ck_bda299466bb2136e,0.0115990309
ck_2b699066665abe8a,0.0103978655
ck_0ac9848bd4ba0c14,0.0006150383
ck_98d2f9a6ba3a3077,0.4602188585
ck_a872df31b28a5f7f,0.1896871522
ck_7e73e1d44ce82ed9,0.0069982851
ck_1a415416f620d49d,0.0057475860
ck_c95c786d2f8b8edc,0.0060001953
ck_e45012f22b7f91d5,0.0011650445
ck_aa0b083e2a6813eb,0.0304752440
ck_4666232ddbf77756,0.0092093580
ck_e08e9c8ec5f23d8b,0.0158807040
ck_31d4c0518e5f52c6,0.0018426161
ck_c1ab40638f04cb02,0.0227136814
ck_4c1fdd1669c7cf51,0.0020986027
ck_11662cc7940ffc82,0.0457701398
ck_2e679af24adedac8,0.0038170206
ck_454b9e21b7f25a4c,0.0030189260
ck_355c4f29089731e8,0.5333181277
ck_507e40760a24d2d5,0.0271331964
ck_0943e0f305078e34,0.9975471008
ck_abc54ed7111e9ed1,0.0022848974
ck_a60fe02fc04407a9,0.0571657633
ck_244b897bb4d57c1f,0.0077812829
ck_8c84fcde93a04334,0.1592866685
ck_9eea37d2de633b27,0.0024093573
ck_b2cb9e6610eca967,0.0107727716
ck_09aadb4c41b166f1,0.1269030128
ck_8d94fbb4828ef326,0.0029353048
ck_089e3a07abbe3b8f,0.0038643873
ck_dfee9de05e3971cf,0.0028124819
ck_6abf8302ce052451,0.0650490707
ck_6ffa90143838a4a2,0.0024315039
ck_325caeab5c7a9c3a,0.0100137918
ck_1964ee9db929a173,0.8486377597
ck_942b95988a6245a6,0.0996100351
ck_913ecdeeb8e21a9c,0.0047760791
ck_ecf9794349eb4b3b,0.0530428706
ck_b6cb8d6ae828eed1,0.0373371426
ck_2f82ea66c4f53b33,0.1946692984
ck_6e676daa4855b58f,0.0793351503
ck_2a37fef48b44e9c8,0.0194447274
ck_3bd12d468fdc2450,0.0040386454
ck_1a28b6a40a6bd3b4,0.0400059908
ck_61b79dec96d15713,0.0066235724
ck_31d5e3daced93d3c,0.0086082391
ck_e6c8611c0cf233d7,0.0018672639
ck_f04761b4a937ac3b,0.0165241019
ck_38c1c75cf055031b,0.0139500650
ck_59a561f3df01441a,0.0273449497
ck_04e40f556a5062ef,0.0027424254
ck_8409716d174635b6,0.0055025068
ck_3019afee83342701,0.0322371352
ck_b51a58e7f032c9a8,0.0113994926
ck_5043e474f848346d,0.0185457504
ck_4388abce33ecd01b,0.4298522169
ck_c93def7392f0aff5,0.0202751484
ck_72e7b1acc19df820,0.0043167654
ck_f253130dc3ca5b3c,0.0029067740
ck_eb264d1b180d4b4c,0.0686230376
ck_c2504f5a113433ee,0.0019224306
ck_c16ab1e4dafb4910,0.1599550881
ck_4bc42878fa180991,0.0200381447
ck_1c771a7c78f6622c,0.0489039240
ck_d523f0e50a2747ad,0.0024012704
ck_9060f4e7ab7a1b0c,0.0098822771
ck_6b55ec4e87a5e22c,0.0841551377
ck_55fc62a5f89a7251,0.0094023236
ck_bd2545c62f258231,0.0603620256
ck_1ccdc69d0bb712b4,0.0121068305
ck_710f867a3bd5898c,0.0028205421
ck_f91d48c40337d375,0.0025889634
ck_f76d929541ed41dd,0.0053328321
ck_e26a6659c237b650,0.0237879321
ck_184983177b73dea5,0.0211700055
ck_6d0d081bfa8a0022,0.0384901881
ck_2f6e64f638da0f97,0.0027156212
ck_15b93103ccd38609,0.0082399230
ck_094d10439b7b4eac,0.0025754123
ck_d2ca47180a926ba2,0.0049446619
ck_a69ca7b9d70972bb,0.0017099474
ck_68914e67343a7d32,0.0101634391
ck_8176616132458c0f,0.0254384940
ck_eee99af3598311b8,0.0156111348
ck_94410eedfca91304,0.0251455193
ck_cfb11a0a2325bff5,0.0041459487
ck_75217ee144b715f8,0.0369798510
ck_d56fc799542299b8,0.0009943790
ck_4c352dd3e7c81269,0.0155171322
ck_e23e50e02cb3904d,0.0511042741
ck_b921af37d500e139,0.0203945885
ck_82181b935360dcbc,0.9891673758
ck_22a7cf3b99c5e5fd,0.0183071933
ck_f67ee7910d532216,0.0242740670
ck_5f48762a14a0326f,0.0019267065
ck_1757fcb0e6e3f88e,0.1043309058
ck_2c2f080ba185016e,0.0324216009
ck_4c25570eb72711b8,0.0030474672
ck_a3be871ca22ac416,0.0213365963
ck_ab70961e7c6695b2,0.0145039644
ck_a1cdebfc42a52448,0.0019625639
ck_f1b80b821a20186d,0.0314926629
ck_ae668e4564cd2aa1,0.0018273449
ck_0e2bc3a5afa439d8,0.0327887143
ck_3dc378f37d0b74b8,0.0147212349
ck_9f9555197480d1cd,0.0054287751
ck_bf4e7d48770a4a8b,0.0505723219
ck_614ef655f0685060,0.0018415660
ck_04d2ea38ee27770f,0.0009837429
ck_e03a9d8ac94161d5,0.0026371811
ck_d4007b5b26d9d854,0.0016918568
ck_2dd147ce6d61749f,0.0269142335
ck_ff45764ea7d6619f,0.0391632915
ck_dbc487cb0a6c18da,0.9334819413
ck_791d5392bbd80447,0.0054451793
ck_b4068439c413b150,0.0106211420
ck_85df7b7de9700aba,0.0016725575
ck_001e42551cd06e40,0.0071342691
ck_a6c02ae50932cd9d,0.0035374022
ck_9fd0be2c018ff5e4,0.0198720525
ck_32a495128395fde5,0.0025183228
ck_b6f2a2fd232c141b,0.0151789228
ck_28dde633692904b0,0.0874710035
ck_a1a93c5f375f6021,0.0044585800
ck_e3982142336782df,0.0209373224
ck_a9812ff3c111ea94,0.0134098520
ck_f04062216f95fa00,0.0182821925
ck_7c560467daca735f,0.0004151727
ck_76ee10d6e2dba70f,0.0461549372
ck_3521243bdac61178,0.0115895201
ck_28588fb03b320520,0.0345154548
ck_580dcec33ec232b8,0.0082649098
ck_7109923fd7dab20a,0.0249176821
ck_7c872c99481c1e9e,0.0129557012
ck_46f4e1f5026f4d1b,0.0002809186
ck_00d1ebc31ec4653c,0.1184242244
ck_aac70764dde15168,0.0193046666
ck_648c03f9aa4e45f1,0.0228150631
ck_5478eb69ef912785,0.2488286326
ck_79b8523137bb2603,0.1181572960
ck_795c49f312640019,0.0007713463
ck_89184bf7b7fe41cd,0.1173400111
ck_97d4bd922996fa10,0.0067948533
ck_1cef30d08f3a598d,0.0008953918
ck_2f9fd36a4a40a6a8,0.0005775593
ck_40780fc0f8d6f309,0.0117435975
ck_9083ca9fec2a7f4c,0.0127895476
ck_62081bc35aa59931,0.0073096511
ck_2e1b46c5fc56b863,0.1081957717
ck_3d139692c51b604a,0.0726476457
ck_b5e54e22e3d6960a,0.0130079418
ck_c0c4be3f44311b04,0.0019657666
ck_82a8bdd2692c2a5e,0.0006157773
ck_bdd2da300b530c5a,0.0108334536
ck_ee40498cd97183d3,0.0034623243
ck_70b9274473bd6dfe,0.0030162353
ck_473d6314ea614b29,0.0077825652
ck_7443d6dca8cd1352,0.0020112514
ck_3b49768b448b071e,0.0194158414
ck_b43f04431c267dea,0.0032039338
ck_4424a5223ba2fe00,0.0174030050
ck_819bf3e8231f4081,0.0477581365
ck_91d417507a8c58cb,0.1896667122
ck_e88e86b19cada4aa,0.0212526061
ck_59684167f9c6bf4c,0.0910441398
ck_d5f5b0dc97b9dc27,0.0151566973
ck_13d1b192bbff8f32,0.0071375246
ck_b21d8630387cabce,0.0029151474
ck_e4ac22046699b99f,0.0088354487
ck_74b848064f2ff45d,0.0047943830
ck_166aa980cc87fa77,0.0556027603
ck_98e337806104dd88,0.0026004420
ck_66eb09be007f0755,0.0155253633
ck_3ec9b9d8dd7be11c,0.0306025215
ck_8b8b9de339d75d0b,0.0114505567
ck_6715139e240007d9,0.0060829483
ck_a0255ab46e122d2f,0.0006958049
ck_66e81a4190c33510,0.0218953707
ck_5d75ea4f5c9080bc,0.2241334879
ck_df69858b8a8b3165,0.0104609556
ck_e15252ebd7553422,0.0022077512
ck_34d6d74bb3ed11e5,0.0025171916
ck_c2608f78f6851d10,0.6630315932
ck_bb99071e8f58c8a4,0.6133010946
ck_06010f0df5b7cef8,0.1750713710
ck_8c582eb0f6c0148c,0.0047223758
ck_0034d010d28aea78,0.0227026827
ck_01c1f06692566ca1,0.0210378736
ck_4807726e797fb893,0.0710995655
ck_edc9668282e3c8cb,0.0141728284
ck_5486768475af7bb5,0.9325818103
ck_3fb9813849e51837,0.0114039771
ck_861af5a9a9a6d619,0.0035967802
ck_da39653add0f1109,0.0012980784
ck_74a4244eb1f162e4,0.0005609382
ck_9a930faade55b8ea,0.0006593056
ck_fb6e06ca88519dcd,0.0091991416
ck_9776cd8263a9f415,0.0037586514
ck_b3dd1198ac5aea73,0.0262521136
ck_b6675a04df1a4276,0.0021379217
ck_5c7ad6e731b69333,0.4948023194
ck_28dc0fdbaec00580,0.1450794011
ck_8e7a32f7e3905f4e,0.0200965394
ck_8563fed6674afc77,0.0157351350
ck_9a2fcccb82da663e,0.0168422351
ck_6a519bdac0d94527,0.0015825779
ck_a0dab7aa9c4a39a9,0.0017566663
ck_a3ce05e9e5e32142,0.0354675077
ck_7a7e40ee3f97c035,0.0538860264
ck_9e9a830785112a73,0.0199753796
ck_ab1bb02f6b189304,0.2038917414
ck_7b8cb0f90fbdc8c6,0.0035674034
ck_b138fc249e659e60,0.0163887033
ck_e73caa3771ec5e0f,0.0030541518
ck_18a55b06ccccd88b,0.0274334487
ck_fdcb1d9265d8fec1,0.0503244614
ck_e21a900556b382ad,0.0140873720
ck_c6bf67470f526771,0.0099535746
ck_b568ba3837afb39a,0.0003828215
ck_a2858979dd5645ef,0.0008466809
ck_1da9d40837ebaa57,0.0546990512
ck_9341c7959543c542,0.0036282096
ck_c8ad86806b9a2369,0.0917115744
ck_5c85d93ecfed4b0e,0.0029694733
ck_f07b09879d697b82,0.0046311743
ck_fe43da07608b1749,0.0208901159
ck_4bca22b5926b9c28,0.0019766844
ck_aba573aa942b1d41,0.0047307784
ck_57c14e32fa4683bf,0.0038589033
ck_891530b489ce402b,0.0042168321
ck_5e74fdadb93ff293,0.0397079949
ck_14436a409ebcc90f,0.0125855255
ck_00013fdfa0bd37dd,0.0039417847
ck_7dbe24ba01316775,0.0587354153
ck_0e3f80c1553c591b,0.0215343452
ck_3edc45db58760d76,0.0029616664
ck_29076a13f539187a,0.2706011557
ck_b1e81b58b9a545ce,0.0469147767
ck_3f8571d4f7420b2a,0.0759473724
ck_7dff6abe4bd644dd,0.6269981416
ck_2884bab237af16b7,0.0044088316
ck_231e6dd1fe708000,0.0049233956
ck_33ecaa7b892e73df,0.0125489251
ck_b109ec4c63503030,0.0090298305
ck_a7f522382509cef1,0.0015093372
ck_748b3ea941d8b3b9,0.0035074023
ck_29f3a1737a2d9634,0.0161314717
ck_cee8d42475a0f020,0.0583836239
ck_c6b6ebe145a8ffab,0.0030694947
ck_21c99e1d6b881894,0.0011220888
ck_5ad798286384484e,0.0173478998
ck_b621b6ffcc7f4848,0.0035831001
ck_ea819e337233475c,0.1626991990
ck_9e3896c2668ce06b,0.0397723990
ck_501dcf1ead036d2b,0.0063627888
ck_8d5eda29a2cffa3c,0.0117858884
ck_4d3aa36ff83f1132,0.2936000625
ck_8e9faf94e3e6c757,0.0013495898
ck_ce0ec41f96951048,0.0227669514
ck_f09165d73ee903b1,0.0159963676
ck_a432b1bf1d3b3d5e,0.3345965427
ck_ea618f720ff0b4b0,0.0034211782
ck_7584e7bd755cb28a,0.0177527106
ck_e14681aad43e1a72,0.0191533669
ck_5e18870d8e30e379,0.0056199000
ck_ff7c26a62bda8089,0.0024812686
ck_cc5a35175d381d5a,0.0079913165
ck_3c25029e40aa8a84,0.0031160014
ck_771247b5bc16c12a,0.0059825317
ck_664b5e02759f985a,0.0034973469
ck_692a9e8f504b9762,0.0009230867
ck_df8ad2deb0a4ffed,0.0199894677
ck_eb48c0bcd12ea654,0.0210102806
ck_7c77e597c951cdad,0.0180103470
ck_4f75144c6f3b13ad,0.0106403032
ck_1bcff399166d7c43,0.0046395626
ck_975c2aa3d4a8c51a,0.0063840213
ck_bc6f07b06aaa4ce3,0.2907822420
ck_80b072b7f3c7e8e5,0.0185027981
ck_471e4018a23b4e56,0.0049518844
ck_53cddfba570b4a3b,0.0101635076
ck_630530e50764f229,0.0094959045
ck_dcef7887a4f1e435,0.0391150449
ck_2795921a055643f6,0.0048314433
ck_7456df89f3792235,0.0019353635
ck_5014a3b07e1f049f,0.4461848159
ck_d4ec44760cbe03f4,0.0144940028
ck_96810ad39d4cb7b0,0.0462524363
ck_3222ea25aa29bfa6,0.0014543249
ck_f6c42001b84a10cb,0.1155044741
ck_5ac86682385c86b8,0.0105239518
ck_4280c33af57eb4f4,0.0009612410
ck_05f79ddd8eefaa56,0.0120931623
ck_3a57a13ce032a6fe,0.0023677273
ck_a721f0d635fad68a,0.0071755316
ck_a3f821bdf408c326,0.0034789245
ck_0ada63008be5685a,0.0505972261
ck_8c949bdc6e8720fa,0.0843846307
ck_c0d2c56f9c722e99,0.9828588073
ck_5d2b9e6e087b8dfc,0.9969649422
ck_5217b55593a332ca,0.1761792942
ck_7a7bb9be5a7e48ad,0.0076703950
ck_24cd0d779e866287,0.0015612358
ck_7367917891a63771,0.0376088904
ck_4b31a8862a857e6e,0.9858266043
ck_81429c4910ca46cd,0.0019453333
ck_b35d803568f82d9a,0.0338637766
ck_4b00e75c2d2d0522,0.0011404650
ck_77fced07f6dff42b,0.0240504024
ck_3c9a06eb07c300e4,0.0006882773
ck_b3867f7f494db64c,0.0010434832
ck_0c45e54897ab34e2,0.0345351222
ck_507a6a580ab55c76,0.0212683777
ck_291bffc7809f896a,0.0020286872
ck_3753cc5b9d02e2fd,0.0056792690
ck_4f63d5245b3ac1dd,0.0182418061
ck_9dfb2ae78659240a,0.0175772132
ck_90f6f5ced708aa75,0.0006449621
ck_8b5b5a6b5539e39b,0.9145815373
ck_4719112b55d20161,0.0182073526
ck_fec888a7108ca52d,0.9883946577
ck_4f5d022c99f118b7,0.0123574385
ck_e967ff05514b697b,0.0375578250
ck_839ce35819bfa4fc,0.0014910348
ck_bdee1221b9addff8,0.0033097173
ck_9cde4036d0914427,0.0055180448
ck_5ac959cbcc5e98f3,0.0013128223
ck_619842688294dabc,0.0049874359
ck_7373d7b04c7799bd,0.0219283680
ck_c1dd3feb9a0b6471,0.0411506331
ck_0324a4812ec319c6,0.0141713089
ck_7f3685aa2933b251,0.0684343260
ck_06aee5a62a67a84c,0.1797178348
ck_3428910b44b9d08f,0.0063520282
ck_c3ba7534cefc1de8,0.0158502432
ck_1f1273a67cbad5e5,0.3118224766
ck_124565a11b2f8bb8,0.0076311313
ck_38e46bc861e0165b,0.0207903475
ck_c8ad3f01319c065e,0.0263131251
ck_3f94a34f5038f7c1,0.4465649764
ck_cee56be5a502fbd1,0.0494810630
ck_2b90b76cf4d162f9,0.0098974878
ck_884b2e463ff1d54f,0.0092238772
ck_fab4f2f8531b4827,0.0160476458
ck_4fc6256e0e60a926,0.0068208155
ck_0a2f8b2f8a5b6f02,0.0046966935
ck_9c0deab8a8367c5e,0.0022201258
ck_d3a2a4c011fa2554,0.0005200792
ck_4108b4038f762817,0.2652528280
ck_4df036e2aa7e1056,0.0053195761
ck_ec094eb1cbb3efc5,0.0015079635
ck_09f8f51bfd2492c6,0.0051216415
ck_b60fb9a10d6f4489,0.0585240859
ck_3638bc3388dbc1bc,0.0806122281
ck_7a58e0cc9943c39a,0.0037589634
ck_37dab6a0a536ed49,0.0693170705
ck_adc576690df5b33b,0.0435195272
ck_1383b2b1875000f2,0.0084339815
ck_43c1248db37a2eb0,0.0087910117
ck_29c11bd68858e923,0.0006218189
ck_9401f9e11f65337d,0.0139990860
ck_ce5ed372b1a2ed6b,0.0079909283
ck_08b4619490e751a8,0.8899825888
ck_44b9125526acb05d,0.0167005383
ck_ef1a1de20d2124cb,0.0339494427
ck_e5e2624b7fc89774,0.0322257442
ck_f5100511609b92c0,0.0006982176
ck_64f3bb17101b7c42,0.0143365715
ck_ea1e5b5128ecba2c,0.0009870630
ck_516163fcf04d5e77,0.0366712870
ck_7f9a748110d70005,0.0046262646
ck_d263b55f0a681cce,0.0372949669
ck_0e962eacf98a813e,0.0071906600
ck_0406931800e0e2e6,0.0025466482
ck_0e9b982afc88a3a9,0.9977122933
ck_8bbb625384edebd7,0.0012193048
ck_5eaeb87bf6207406,0.8889888714
ck_cc3318839c4b0745,0.0029701542
ck_08a0355d1f1890ef,0.0088780790
ck_af7ffd1a822460d3,0.1803325954
ck_2a09c7aa870edb6b,0.0014294343
ck_bc04f51c23290bcc,0.0116740913
ck_d3a8333cb389f4c6,0.0156756066
ck_88e3dd3039508332,0.0308288061
ck_b8c7771de9b57705,0.0051787340
ck_585ababa02383b50,0.0068251432
ck_e988c108754cee9c,0.0032024719
ck_4a691892d9d6cf89,0.0036855793
ck_7cdce37d895eefb8,0.0070849493
ck_483fb981a1fb4317,0.0040196249
ck_c1e5182bd99e0e35,0.1888187121
ck_9a1e3ec9a1839939,0.0097306926
ck_5c3f13de0dbd5086,0.0098616324
ck_f4f6f0caaab70040,0.0019161762
ck_791be3378dd7d64c,0.0196192872
ck_956dd784525f5886,0.0438915357
ck_098167eaf124c279,0.0252864859
ck_33ecff7914349ebc,0.0093931511
ck_e05d44e46c7174e6,0.0130058216
ck_1b2ce474fa6582b4,0.0198523860
ck_ab581082e8f72e3d,0.0050546557
ck_e63256667aa19070,0.0435879371
ck_f568772b6cb3febe,0.0275550463
ck_dd89a282375bbab6,0.1391029098
ck_a39d0bca345b492d,0.0065283846
ck_d12d2924d0f7a64a,0.0039175306
ck_6a548da1728b5823,0.9730298245
ck_6d64193681d2a94f,0.0374528093
ck_ced6b6dcdc7c201a,0.0052493923
ck_d1b0699d26282871,0.0279703551
ck_58f757e40a9b8877,0.0876263843
ck_3272c2c4a37d5220,0.3257823737
ck_d94dfde9e03c9d1a,0.0398500333
ck_08a6d4903a7fbaca,0.0223728719
ck_6c72a36b05fa0f4c,0.0511514638
ck_dbb4bd4eda97255d,0.0115762739
ck_94b59bbc824b307a,0.0005621580
ck_0229a07185f15469,0.0069123926
ck_11bf1039f8b3025b,0.0048467203
ck_36789ca11459131e,0.0290377745
ck_8572c5f5c1447c62,0.0349960418
ck_9e75c6641939f4fc,0.1928273942
ck_b45e47c39d4dc7bf,0.0131675381
ck_02903c48b6cfd65d,0.0030890292
ck_b153386f1729de81,0.0065459052
ck_36979996f33498f7,0.2062872920
ck_3c02d4dbbf6716b6,0.0071698522
ck_66c9a19963957531,0.0616279552
ck_bae8dae7cfd8baba,0.0015853946
ck_bba0ccc6cd968680,0.0461384990
ck_3267fe3aac05c71e,0.0042525746
ck_40052cac10562cde,0.0111087933
ck_d973444855403e2a,0.0118953410
ck_012519bb095ad36b,0.9956125499
ck_ad7c256ea10c4a00,0.1500938782
ck_70a60e095e9b706f,0.0013492054
ck_f2734417c0db4ee3,0.0009845805
ck_9cb89cc3178e0172,0.0020859544
ck_779cc0f2de4d5488,0.0884870543
ck_35f8656bf93e3b3d,0.0152142966
ck_bdd8eba728800e29,0.0263332684
ck_002cf760d173f0f8,0.0212373107
ck_b046067c6ca3831e,0.0041714541
ck_a4a42d4bff8af645,0.0048102573
ck_bce253d2396681a1,0.0168816498
ck_00dafc060c8de32a,0.0124761477
ck_968a99e097ee78c9,0.0252454373
ck_66949171b387bb93,0.0245383750
ck_ad305286702b1958,0.0006720502
ck_4732da7e0d2dfc7c,0.0024685183
ck_17a95bba77217d85,0.0208457005
ck_3e2516a3e35067e0,0.0081266518
ck_0b615ed566da1f58,0.0158968908
ck_d2b3ce1ebabe9f93,0.0367829006
ck_a892252e4e0c2828,0.0061371089
ck_cf606fd6ebfdf9bc,0.0021066605
ck_718865237134ebe8,0.0073339196
ck_878522cb775b904c,0.0573072721
ck_9ed53de6ef779ae0,0.0023783133
ck_3f16e2cd7e6874cc,0.0216630908
ck_3c59df37895ead2d,0.0023686831
ck_6821459b626d492c,0.0006518353
ck_11c7667920541587,0.0091614551
ck_23a016cf6b98d89c,0.0356543882
ck_7137eeb394d200f1,0.1182081727
ck_9c4886c5c90ddbdc,0.0029365052
ck_1422a7bf7756294d,0.8973460218
ck_7ebc5fa7f0d3b8f2,0.0193237238
ck_fcc2059a8d5c41fa,0.1117793761
ck_00ff7389d6a83e29,0.1321842783
ck_03129b41457795d2,0.0205173373
ck_38ba64efa7c38250,0.0310126100
ck_57a6b56b09bff24e,0.0077448014
ck_e3b3c5a80a567418,0.0019671593
ck_fc40a16adfced018,0.0020819344
ck_9d4b5e6b43bad4d8,0.0049971419
ck_61129937ee466b49,0.0319654974
ck_74112e47b8629c2a,0.0666038580
ck_b4703ee97f94d7fb,0.0010734550
ck_e560f720a988d8a2,0.4817118163
ck_708fea345f68037e,0.0013980696
ck_25394c1b83e0b803,0.0185143622
ck_17ab24fe914ae44b,0.0019389150
ck_16c501470d9bb006,0.0009466811
ck_628f449e248c19b7,0.0428034041
ck_6d64190623dea714,0.0037082163
ck_504a45ee08db72b6,0.0068658185
ck_6cbb011e0c70bc7c,0.0058862368
ck_b3225a98acd04f83,0.0024182997
ck_aa37993f1c17cd1e,0.0667442517
ck_558cfe5f77a55a9d,0.0065080089
ck_0d0a1a021efea5b6,0.0227325793
ck_daf7aea023b7a8f6,0.0106874778
ck_d75f25184ece2b51,0.0023513891
ck_466d4b5366c50b98,0.0025716665
ck_88f27ab479063852,0.0260402188
ck_66779098e78c1760,0.0007503417
ck_b150fe4efb449b05,0.0016794706
ck_9c3aa9f23d01fa1c,0.0024871877
ck_6a01c375fc26705a,0.0010651309
ck_002eb6552b504ea1,0.0053285812
ck_affa5aa0bff9bb0c,0.0111006403
ck_027614eeba8b1a4b,0.0068033428
ck_67e075c982add719,0.0056062018
ck_399b0d510be98bd2,0.0180214653
ck_e9b0bca7368555ef,0.0015623840
ck_59c29d9c57b4f994,0.0020882247
ck_37176850ed68831e,0.0055184182
ck_a0db4ccca08030c3,0.7845367028
ck_aa188e5c25f7f42a,0.0534069432
ck_7de6997178207800,0.0020162978
ck_c729d19053387be9,0.0400008639
ck_f2d3e3d90608596d,0.2962626048
ck_2db3fb565e0211ee,0.0005561746
ck_bed8a480e27e911e,0.0155265930
ck_d7ad9921a4d25926,0.0312953633
ck_2a59f23fc5194699,0.0717891234
ck_63601a58a6120d8a,0.0421721758
ck_efd7b9e22c6317d6,0.0141226283
ck_9ab42875a0f95b43,0.0517917133
ck_85cb5033fca7c846,0.0816039392
ck_5249b223000915ec,0.0228677333
ck_3efb0e9bf25612c7,0.0067538586
ck_678e74532ac19700,0.0118787267
ck_a980b296c95153f9,0.0070969458
ck_01ac687ce0d696a7,0.0118214587
ck_52e1418cf1aa9871,0.0216231172
ck_7d28da4f1dab09ee,0.0603340975
ck_010d0c2e6c1657fd,0.0621286873
ck_b524f7a2e752b9d0,0.0057674285
ck_cc447fcc24a0772b,0.9236721898
ck_2cb3c99845e572da,0.0027417961
ck_604c710141327a81,0.0031950609
ck_8d5fa65717d2e0c6,0.0242236480
ck_31199510b40602a1,0.0046378486
ck_49e253ea12f4e922,0.0625001421
ck_780738e0d71e7e43,0.0088697972
ck_2cd21137a07fdd7d,0.0073426757
ck_5e021f2a3b66e256,0.0347574876
ck_efbc79246e32c66a,0.0324385616
ck_9951bd806c13c7fd,0.0303679746
ck_7a52674e2806d8f5,0.0460662640
ck_1a319e509f1efa1a,0.0020681537
ck_c920901b9a4ba993,0.8639576813
ck_b71279e807d0b3a7,0.0090552482
ck_47e1032f490bb018,0.0117401085
ck_192579ecdca7ff83,0.0160636024
ck_b1496c474c4a3239,0.0034291459
ck_5e68ea2c5e893cf0,0.0888769784
ck_f2ecab85d4693b4e,0.0016364273
ck_89d7bfc81c3df597,0.0104098329
ck_7929284327667791,0.1427841485
ck_494ec63c5ce8e150,0.0114960950
ck_319b059bb2145586,0.0455067348
ck_ccb3767c239018c1,0.0035735467
ck_a1c7adfe26e09a8c,0.0173281889
ck_0e13c4f73818149b,0.0211332333
ck_c285a51ed6214f52,0.1128419901
ck_916784595f028226,0.0742931013
ck_6cd8e0196365c474,0.0073491205
ck_57b657aba4daffde,0.0309906326
ck_562c76a3753fc7da,0.8370791530
ck_66cfc1ebc9a513c8,0.0042228869
ck_0f38d4aed68d7d24,0.0178217365
ck_d8ddf5e99f7859e4,0.0092348231
ck_41bc3efa0fca700e,0.0288576451
ck_40799e129fcf42c5,0.1549326238
ck_786f079389126e44,0.0282929839
ck_bb4c6b713eb0b978,0.0232787792
ck_4f01f7eac0efaba5,0.0093925828
ck_47d29c01b20cf69f,0.0457403229
ck_bf15a1f8d67a30d3,0.0193427224
ck_bfecad7586f65e4d,0.0217775977
ck_fc9f16df35190eb4,0.3668325302
ck_c09c914e416edd08,0.0084360921
ck_c54c5d8e4433b0f2,0.0020115008
ck_1694c28f44480e98,0.0072188980
ck_1dcaa3078dbb7571,0.0009261671
ck_af559f990c640e41,0.0140413238
ck_9b436162039a77d0,0.0394128038
ck_79d62ef181bd0cd8,0.0086051305
ck_23caafc2cd34242c,0.0076892314
ck_ffe2aa26f597e552,0.0087159760
ck_e6ffd0754ac08661,0.0020282606
ck_beaacb4a783db21f,0.0018956060
ck_9863bff41d24ce9b,0.0089643917
ck_323b9cc5c49f8ea0,0.9293856733
ck_ab3de3d3e41c2082,0.0056502421
ck_35c93b2924900376,0.0115571652
ck_5a9d5f9901e37e31,0.0199767842
ck_782b0be796164335,0.0036832791
ck_11960b5f1c7a5e2c,0.0055315569
ck_9a66cb13a9884cc2,0.0145617660
ck_ba666a425930615a,0.0011053937
ck_40140bef4db73741,0.0165866518
ck_e05e91cc180063d4,0.0371885015
ck_c7f6f45710bc050f,0.0033815302
ck_055fb9f2e1c8c934,0.0353034244
ck_58bb02d98e2b9cd5,0.0207755126
ck_d9f8efa6a7800f76,0.0192348044
ck_69691226c68fd50b,0.1621264318
ck_6f2f0396e5b1c538,0.9872773773
ck_78bc3f1d0f35ea6c,0.0089318445
ck_2d5a6b6636a2596b,0.0088739706
ck_7878545739af0a73,0.0013492864
ck_03c4fa4f3ed3512e,0.0013688254
ck_1a9e51d092d62c84,0.2805918735
ck_9f3861940d8d873c,0.0815299885
ck_4684fdd61c6a0fac,0.0182724214
ck_715966f86d5c913d,0.0015133828
ck_77f293d44b4a3d2e,0.0152738112
ck_24dae044dc05f849,0.0161262022
ck_00b9818e2064405e,0.2616574864
ck_c1c2cb49c3c1b0f5,0.1224804463
ck_bed50fc64fbbf8ec,0.0083608969
ck_4f6ed5ea5ab7c429,0.0288715197
ck_458531c22ec2f9b3,0.0165300574
ck_51c50c4c443df31a,0.3226132384
ck_732d45bd578dc39d,0.0108488746
ck_783fe5bc20cd02db,0.0255230714
ck_7f188aaa63d1d442,0.0104110985
ck_ef307a6aee38d1fe,0.6567829718
ck_e37196b20968b73c,0.0209510601
ck_4ef9de711c3d93b1,0.0163028032
ck_17946516d5df71d7,0.0038687399
ck_3534be0f4efd313c,0.0096558279
ck_29fbabf855cabdff,0.0024287320
ck_191673540d8486af,0.0144426206
ck_5f52728d777ff2c5,0.0101241850
ck_a045a19369016818,0.9933047729
ck_4eadbe7298b15e96,0.0072144426
ck_a3a0bd59729fe619,0.0085948067
ck_a1e77090b1c6ccf4,0.0061513180
ck_69ab9d4784eb77bd,0.0158909043
ck_baa47383ffd50f04,0.0115294405
ck_e35b2ed08b9e55a7,0.0071152574
ck_b6e3af0a5119d9a0,0.0356935504
ck_a7c1dabf3869772f,0.0627658871
ck_80b8fca67a14e0be,0.5048110556
ck_dd9c5f0c42878e67,0.0010491481
ck_41ef7967faf5ce82,0.0003291541
ck_a93560aa348d6225,0.0440404500
ck_ffe91d6f0bd93fc6,0.0316990135
ck_fbf630c960194033,0.0408528444
ck_497ed60723283c0b,0.0148163757
ck_2a46b7ca55239413,0.0061139021
ck_1a4e5ace078dd782,0.0224156170
ck_616cc31910f5de50,0.0035680144
ck_0d65bc749eb42710,0.0280049883
ck_2408db62e4395ccd,0.0116564592
ck_5d7721930106dce8,0.0124525277
ck_e8a6acea22b20312,0.1982484505
ck_e2f792fae128b18e,0.1749018715
ck_e6d3ce445b86003f,0.0080779319
ck_263334d722ecbc97,0.6377650073
ck_8c5b29f6666d4874,0.0235281816
ck_7ea0bf310fc20c7b,0.8927014669
ck_54d463f7fd89ec3d,0.0694887596
ck_79e45040dbdd6447,0.0262164940
ck_60b4d59953505682,0.5119120498
ck_fb00dd5021642507,0.0081197706
ck_f409ff994a210601,0.0221659611
ck_2ca0020038bfec58,0.4569147791
ck_adf84b9df54c3d80,0.0581468178
ck_942dbf632591b65d,0.0290532463
ck_454a7e4d859a3409,0.0004006199
ck_2139062d4569aa07,0.0049310014
ck_e949a0f4df0b3902,0.1547990680
ck_bb113e3e6716ed65,0.0111003789
ck_6a28ea6ce69cb869,0.1017863150
ck_7df9910af2bba21b,0.0018687708
ck_78aa4b731cbfe251,0.0044842200
ck_5839f5cbd8165b1e,0.0320973099
ck_7158ad9e58769ffa,0.0314741723
ck_acee218cbe61df69,0.0212130762
ck_f8dc8473c2772729,0.0225298937
ck_f34c93a8173555b1,0.0440379676
ck_7cf301d075e4e709,0.0075905411
ck_b87e88ee5512ea17,0.0012713804
ck_bed0c020b10afa3b,0.0123132630
ck_ca10102961f99eb4,0.0016502339
ck_393287947b5c8d79,0.0223364027
ck_2fe6cac002142f67,0.0224541465
ck_79c7f0d29b1db1cd,0.1017489698
ck_c735b643d3cbf67b,0.0046372052
ck_ea4332c8fe48e2a3,0.0038651839
ck_d39864119cdd460f,0.0089647590
ck_3b963d6be2773861,0.0036225257
ck_df39e3b8a9fd0bfd,0.9129475312
ck_6236a461dc0d11a3,0.0035476190
ck_475ebccca25e30d1,0.0063181972
ck_c10c8bcf5bcd516e,0.0616220301
ck_49ccc3716a564256,0.0027642839
ck_4e4f99102f6938cf,0.0060901184
ck_a97b481ade6f7972,0.0525966735
ck_3fa559c679751b3a,0.0153844881
ck_3eba1fd2c7acc4c0,0.3028334921
ck_18c179b4afc4fccc,0.0138411425
ck_cc1c0b93d05b7d20,0.0473859576
ck_742f7c28ddd019e8,0.0278468200
ck_04470bc93b8a0d71,0.0144788783
ck_6e8f8ef7a03cc6bf,0.0161253209
ck_eb1ddfc353b4da83,0.0044092503
ck_98831b57c7ca2e4f,0.0007734084
ck_a6c7b8d6e8596d4f,0.0921622448
ck_cd7d24e3b095e96e,0.0658243375
ck_3f5ae4673a9f858e,0.0083184487
ck_05f375fc8ae0afb0,0.0053391184
ck_1fc98436281ee39e,0.0023148104
ck_6c48c58678f64bae,0.0015735074
ck_8c95aeec6a4c75b0,0.0048324039
ck_364cde38958b7af3,0.1269565918
ck_85bf21aa1a00452f,0.0057072837
ck_796d3eaabc667c23,0.9960081488
ck_ac449ee0c315edde,0.0004490095
ck_6f9fd15ac6b163de,0.0007506417
ck_4087065be2a45ad7,0.2854581751
ck_ecf006bbc78ee3eb,0.2405385763
ck_8ca808cc5a49cb5c,0.0174253815
ck_94b90ab8b2dfb50f,0.0304960530
ck_59fd11b3232de9dc,0.9392702688
ck_67f3794d93e2dd67,0.1306338316
ck_b7f5acf5df1bb13e,0.0088975882
ck_fb04ecbaebb774bd,0.0079344259
ck_68ef3e7301c621b7,0.0163490130
ck_41406cfa209b6bda,0.0012645769
ck_b0f8f5408662337b,0.0015737688
ck_0d2901bfe585c391,0.0234254696
ck_3398551e81dbf3db,0.0610309157
ck_61c3e3e277629646,0.0165744457
ck_2825e34dd3e7ea2a,0.0045194103
ck_20d7571ba830009d,0.0074508427
ck_c98b16f9a72a6568,0.0006365883
ck_e7c8a9e4641eb9ed,0.0005564833
ck_254a7c97c36dab8d,0.0258069445
ck_e98429675b46272b,0.0018581831
ck_c2fc0ac460786d02,0.0799949227
ck_fba15647b3a140d9,0.0098525598
ck_15ce50f2704227be,0.0150315553
ck_8c748aaa4a4554f9,0.0177213305
ck_e00e82a9419ff086,0.0173475130
ck_832341c98254bd84,0.0182924452
ck_27466468d06db4eb,0.0399476515
ck_9d7b9e3ff1f3e71e,0.0044161504
ck_42c6973d3a6fe983,0.0023260939
ck_877c85bad118bc62,0.0507041624
ck_75d2a2715259c4d7,0.0883461775
ck_37d3e5c681a2214d,0.2468150685
ck_bf285dd49f372de4,0.0270594248
ck_a5bdd026fa9c50fd,0.0055574188
ck_88d9244a9cf7a77e,0.3369544609
ck_5881b174e49b04ee,0.0024074648
ck_5b16d67c5ea89930,0.0150909451
ck_b75b936aafac56b9,0.0077920884
ck_aed2681e1646a0df,0.0709063111
ck_f63cb5e8cc702bad,0.0064464269
ck_1805fcfc4a9e4ffa,0.9128404356
ck_25c355da356c730d,0.0278494088
ck_70396398e4a96449,0.0021942745
ck_0f743bd13373748e,0.0383156674
ck_4b387765f0e916cd,0.0021714410
ck_e971faae8a10a260,0.0022933849
ck_9eb08369e983abfa,0.0066708865
ck_c30c5844512e429f,0.0870386456
ck_59e77e3a81f1fa0d,0.0252880065
ck_ca4465f2b5c1a52e,0.9763775314
ck_c89b9ca398402f1e,0.0040360431
ck_36e72ef9273e7a95,0.0094029660
ck_2bdd8616870e5e1c,0.0018202327
ck_216e87a41de22b5d,0.1115694271
ck_60f4fb44f5efe3a0,0.0022852743
ck_05652e8ace6ce6cb,0.0009742231
ck_8c136dc691e65695,0.0002577567
ck_a08f8dfadbdca112,0.0015334417
ck_bda4041a3e90d860,0.0095984588
ck_15dd3ecaa8ce0245,0.7605823019
ck_3e3c64b3b7876ce6,0.0607490796
ck_46225858a38b2e57,0.0042463057
ck_0cb9f54928f4feee,0.0118287978
ck_152671fbf8a9a78e,0.0566135135
ck_ee7a515e87d17d4e,0.0079666220
ck_f7276091bf513d22,0.0597108304
ck_4f05daf1cf0d5755,0.0032105644
ck_83a69c4a5d55ef19,0.0311910982
ck_c50fed2a7c9198c0,0.0119855502
ck_70d19d5650ddc8f5,0.0069840290
ck_4b4d99e443618904,0.0196855071
ck_dca0b6ca93311ca2,0.0271084857
ck_b7431d4706461ec6,0.0065021903
ck_7b59d22cadef3b05,0.1276401611
ck_53428573abcd606f,0.0294657362
ck_f538ab6aecf2adfd,0.0006045658
ck_d321249fb065d2fa,0.0351760465
ck_72fdfc7e6d8e1436,0.0013659575
ck_b52b99dad89ecdfb,0.0132007036
ck_d2d4282f9d256b3e,0.0022455845
ck_c8f2a1dd8a6141a4,0.0012673795
ck_8d38747058d0aeea,0.3885986355
ck_3ac528caac74f563,0.0073678721
ck_8dbaaa00ad829ca9,0.0236442223
ck_7c38ec898f0fc21d,0.0039575488
ck_8171ef803f5ff604,0.0114659319
ck_01a750db6fc1168a,0.1467301521
ck_ceb017baa26e98c8,0.0420922353
ck_e2c66c72cc0b0f78,0.1172236852
ck_8d9518f64b222416,0.0032092423
ck_804c5a1fa5753617,0.0181545993
ck_fca7cc9c42695453,0.0026916934
ck_3a632cdf2c19051b,0.0100812738
ck_b2b63ea65edf1dde,0.0468509292
ck_27b07021500ee841,0.0200550610
ck_9724718fe64c6557,0.9691480828
ck_2786cbc3e75ec034,0.0433394432
ck_d9c2622cb6df380b,0.0066351272
ck_ae1da8ee98e402a4,0.0056840751
ck_62967b91504149f9,0.0047663185
ck_6b255bf68709109a,0.0054237230
ck_c55afc68421d85e2,0.0101196547
ck_7c7266f6ef2a8466,0.0184866491
ck_885cf685a9541190,0.4833042989
ck_1a4bb7d3d2ee3227,0.0087943087
ck_b4911c42f3bff740,0.0005491704
ck_66f9f78d4c6a3edb,0.0163932612
ck_49bdba9ee1899dfe,0.0109608242
ck_79b235d51718435d,0.0110721781
ck_d840db8cfe2ef6f1,0.0016143264
ck_610c7bcc1cd7ecb0,0.0165325091
ck_cf49b6544aff6c50,0.3656806028
ck_de05f97c3d40dd1b,0.0414240816
ck_0302f67d75973dce,0.0149866708
ck_54c2604c9ca6256b,0.0116887102
ck_a1c88c0568f142d0,0.0709655685
ck_5d72ff6cc2963d1a,0.0009159332
ck_0446920a1004c596,0.0013559859
ck_71044c29ef071570,0.0121738718
ck_2122e9bb1afffef7,0.0058775007
ck_d1e3de178601d3c2,0.0153286800
ck_bec8324a3587ef04,0.0031833808
ck_b616b6f45225f319,0.0645565991
ck_ce1e695884511479,0.0378032755
ck_a662b4bf900781e4,0.0010879916
ck_b5a84c5547378c10,0.0015720091
ck_f80af368cfc6cb7e,0.0089686436
ck_da3526ab6c5c884a,0.0125080054
ck_bd20be9a3392d79b,0.0032478296
ck_b8266dcd90cbfa62,0.0022848930
ck_ac84b33304362c06,0.0141060074
ck_794d8935a895e33f,0.0226606923
ck_8fea7d915259f1be,0.0078035595
ck_7a1519ad5ff45312,0.0004510545
ck_9bf3ce30b65f75c7,0.0773839810
ck_5f864d72d1eead99,0.0818094476
ck_3c48e0cfc2a58041,0.3684759941
ck_d902183f80cc81fa,0.0454638652
ck_539cb0d117db8cd3,0.2227563718
ck_28f530aec8e77130,0.0368354446
ck_e7d903c50d353361,0.0061014564
ck_d288b77d1e227970,0.0338738438
ck_017208fcc01b5d40,0.0102575669
ck_7e3923d278a5106e,0.0083257236
ck_9700a00ff9e66216,0.0353371058
ck_5c36c78b7a4d138c,0.0295021633
ck_c457e9c9224b773d,0.0105585733
ck_1dfa91405d7e66bc,0.0038077618
ck_f1d8a2695a575e56,0.0044173906
ck_3b92a46daf8d00d2,0.0186505099
ck_aab23b5470469649,0.0102088846
ck_ecdd01a391610d99,0.0063984403
ck_abd3aa292f8edb4d,0.0339980686
ck_7fc9a0776e1339e3,0.0016141818
ck_c0389ebeb0e65cb8,0.0010426344
ck_48d0fc4f6a2109fa,0.9756719324
ck_571dee4f3336c7ce,0.0184057183
ck_4cedf26628c84f26,0.0322136267
ck_63356762d24aab81,0.0258323457
ck_2c5bc11bb7ae5d2c,0.9606166284
ck_6d26a152f900fee8,0.0034062780
ck_c972b0e781efed3b,0.0032176666
ck_fa0ecbcf9a33d6ce,0.0040187107
ck_fa3a766e49dc77ae,0.0199574477
ck_7baf1e55db0dc558,0.0298644679
ck_e8bc49e6494c1f37,0.0025823601
ck_8ef1d05cc1e53e7e,0.0300245694
ck_cef2a485a77e0723,0.0018128971
ck_228a583f23abff48,0.0096788419
ck_ac32c6e374782b27,0.1281648263
ck_b9485218cef413f0,0.0036905582
ck_7f15503048915d6f,0.0036543497
ck_b62f5144db15ad34,0.0408016388
ck_917d82c552f95a23,0.0050824559
ck_fb4797045077bc6d,0.0010133518
ck_2cf8a44e041217de,0.0271179567
ck_b7dd681eb3d2ee38,0.0018246511
ck_e9e8cacd2fa35e79,0.0168425247
ck_342a79f91de5d1fa,0.0387000836
ck_2c91f62c05685ed7,0.0036229158
ck_e30cb64302939f38,0.0370063603
ck_d0e95b90ba86da10,0.0142357014
ck_1774faf414a5d49d,0.6490063644
ck_2401e8ff89e574fd,0.8343024363
ck_0cd8802264e0a1ef,0.0079836053
ck_da84a0dfe947fd3c,0.0035141262
ck_c8affb27ba7fb5db,0.1519016524
ck_bc7ece8787ca7200,0.0053511599
ck_469a0578d05990c2,0.0041536157
ck_eef67f8dea702338,0.0653381429
ck_4f490e379e9ded9a,0.0038548187
ck_354379de065a8ff8,0.0060131487
ck_5db1cb368bc41ac3,0.0121945082
ck_9b1c3742dd6fcb8b,0.0404221849
ck_63ce4f44c92d7143,0.0477448561
ck_e15e3390f5ed45f3,0.0107504759
ck_da645ea91d66aa6f,0.1735216451
ck_834ca727df855f07,0.1165748747
ck_e1d5ad20c737c745,0.0868948996
ck_ff8059ae5fa5f1ee,0.0004506022
ck_8bb9e75393954a1f,0.0006678447
ck_4e1757d1347ab387,0.9714503533
ck_af3f74b1d75a5d95,0.0162309346
ck_6b1ab0742ff04c3e,0.0178000894
ck_f56073911c9f1ab7,0.0015333371
ck_51bd5f69b4fe0b92,0.3560640197
ck_fc3d95030b81f416,0.0003636339
ck_cf78169633a1600f,0.0031140624
ck_ad7269eaa65c67f9,0.0031504927
ck_cc6d33890d47a6cf,0.0233742646
ck_bc8f31f4a2ffa1ae,0.0030147952
ck_720776a46e56dfa8,0.0107499439
ck_e2d1f212f259539b,0.0068101596
ck_eaf6f7082c3db2bf,0.0525800600
ck_773efe58c6278c3c,0.0288815404
ck_c4a72c09f2fdacc4,0.0119667429
ck_8982888dd6611143,0.0017317603
ck_9d5049e195eda029,0.0289014362
ck_de58ef6f9fe2b546,0.0295212834
ck_c0b50c11e4f5adf7,0.0153246327
ck_ddaf228487858bb8,0.0319605618
ck_eb2323215ff70362,0.0129062757
ck_168c96a1a636ea15,0.0420293885
ck_9c46711b14d9eebc,0.0024335097
ck_de8af660806b97b5,0.0014358467
ck_6ab83f45bf16eaa6,0.0052921881
ck_bf2228a052815840,0.0024527834
ck_3f943f20a9da9bff,0.0292917852
ck_3baae40454c00938,0.0081775463
ck_bc2e771a1d8d2dee,0.0407207604
ck_e55f5ca37f30ce8c,0.0159629529
ck_4ad5937bef176d89,0.0018874217
ck_126531a9126c17c4,0.0011130349
ck_7ec423cb56257516,0.0141826919
ck_54748ae0f2daaf10,0.0173639015
ck_ff24776280ceeeed,0.0050260041
ck_3c3a1a1365741bba,0.0028035375
ck_615277c8a4e2b18b,0.0027532337
ck_a96aaef34173aee6,0.0877747986
ck_bea56db7f3e930e8,0.0031768269
ck_ca491debd3b32a59,0.0167294164
ck_d9ea77f4114a389c,0.0413698234
ck_322ffda3332d08a2,0.0312054914
ck_c40ffefe4e30b001,0.0483262647
ck_3b1d7648d4580bef,0.0036782607
ck_23981a3261674131,0.0073773837
ck_11667f5b9fac7bc7,0.0008388416
ck_646bb3c7be5f0817,0.0039124839
ck_ebd0a45712dcf07a,0.0142198600
ck_baf43bf1bd963f9f,0.0264095491
ck_e0ca2c819658f6b6,0.9894656304
ck_f0d6633d0834fff5,0.0334463668
ck_91081be0254878a5,0.0090713129
ck_1325000bc7f35b5e,0.0005560803
ck_c624b9063400fa3a,0.0952608470
ck_0ad6fa0e23c3bd0a,0.1151090774
ck_6ddb55b1f23c6cb1,0.0107105482
ck_dce1fb3acd65562f,0.0025356253
ck_a9aa389688ee5aea,0.0142932415
ck_5c5284c45d9ad8bf,0.0362770072
ck_9ce743dd3e92549c,0.0150857946
ck_8342e08cc2f9bcb7,0.0064158050
ck_25e551a0a8d2fcc2,0.0482809337
ck_d4fd0e438c97e0c7,0.0735861328
ck_ac7fe1c344190c50,0.0125745550
ck_ddd65711b5651f89,0.0021240392
ck_ec7406cb5cbc8f10,0.0017803148
ck_1c65e8d5be3b9c60,0.3926510989
ck_38ee42f15a573e81,0.0165846502
ck_0e5385c70c6de025,0.0038182092
ck_d3137f0f7629040b,0.0129191093
ck_9129c92c12e0c8b4,0.0008607742
ck_c86520a00e50a926,0.0488321734
ck_87f82b2b5fee757a,0.0082115027
ck_643abfbd7548d0c9,0.0205672482
ck_be51f4e5e6b85768,0.0548658233
ck_132c16312f37810f,0.0011612004
ck_c78c096ca8cb33ac,0.0008496711
ck_2ce5afbc014763b8,0.0162721062
ck_50ed8f4e7ae6710f,0.0037371644
ck_5a4eb535c9a11993,0.0054752059
ck_9b665ef46d785324,0.0100193609
ck_e066f71f8b296b7a,0.0026441640
ck_560bc6017870ab06,0.0041965104
ck_fd78f8a8663646d7,0.0045945854
ck_4af5ec61ddbde1a4,0.0178974661
ck_c2ed04a9d218410b,0.0038370305
ck_2455d43bbdd2bb69,0.0082003401
ck_56eed7041add49a1,0.2844615087
ck_5f0be7b468a72333,0.0024552053
ck_19660cec756632ca,0.0087789445
ck_fb90408f4892a21f,0.0129584099
ck_833a65b86a5d9bda,0.0006681380
ck_2ac36e1dff211d38,0.0172077935
ck_c00e70606904539a,0.0058878947
ck_ba8affe4b9505a95,0.5128409417
ck_0c3dd22587b08018,0.0117530524
ck_618c4e5cfae99dcd,0.0163588836
ck_c9690baddfc4177e,0.0007909161
ck_59fae092fb0c4aa3,0.0126922627
ck_e03b7d0fa0b28f4b,0.0029366589
ck_d451d24c780b5884,0.0082534754
ck_e980d325b8dbb8dd,0.0014169597
ck_cff18e2d8c520272,0.0018594763
ck_a0e46b67e986ab56,0.0126922540
ck_3a469039a5b9d963,0.0055462184
ck_12cbb211ebd2b437,0.0540925163
ck_b8cdd6d6dccc4554,0.0009094607
ck_794ba5921cef50c9,0.0267918618
ck_2c7667f64edec2b5,0.0039916455
ck_7262b4e0c29c942d,0.0039342706
ck_5d818522cbfe2a54,0.0571865844
ck_de39c1947fb675ee,0.0783819164
ck_c021495606b4735e,0.0040673879
ck_1fc03ba33edd9e67,0.0171077599
ck_a6fe344bbf67f14b,0.0085213751
ck_963762210edc5694,0.0338954820
ck_d064428b7e7dc409,0.0078177105
ck_59be61b53d971611,0.0055256435
ck_ec8738ec663cd2eb,0.0105043396
ck_59d086fab5998646,0.0117283759
ck_bd32dd3b2cbb7888,0.9907953153
ck_ce0166addb93bbad,0.0010506842
ck_7c0fdfbb447cdc04,0.0135095009
ck_cb1bd7635968ed8c,0.1801075040
ck_66f94903177f20eb,0.0063863381
ck_1d7cd5dcbcdafd7b,0.1845614648
ck_5e418a7c04437b4a,0.0555831713
ck_631ea1ae91ab333e,0.0224890717
ck_0a8029e79a5ae7ce,0.0177125297
ck_c4cca8278bdad9b9,0.0007159990
ck_4dec3df58077a257,0.1298656143
ck_609c249edd88c565,0.0023547876
ck_02e5f9cbbbf2f078,0.0777896556
ck_32e486859130458f,0.3931320642
ck_21ed2ea6386c5a07,0.0009738417
ck_1242aa4496576a99,0.0049587923
ck_475ea9aa6d3898b7,0.0866093111
ck_fe1b1adae3be70a6,0.6493646702
ck_c5414d7a8031d4f5,0.0029196721
ck_ca1f6f01868e978f,0.0314420259
ck_5eff0208c74ec714,0.0133244690
ck_a315c9619a317609,0.0287573961
ck_2b87683c90acb852,0.0190668206
ck_7cd9f39c50748ed0,0.0080576138
ck_16a06d58d71935bc,0.2878395498
ck_d116e0e7c19b878e,0.9638540837
ck_931510e384b1d0cb,0.0054814044
ck_e7651fb87bb24132,0.0111274401
ck_88ef9f85948e1a01,0.0017932178
ck_17bf38d51115a8f3,0.0010817382
ck_2659d1d3762a2825,0.0092665300
ck_a7285955e2852686,0.0259859575
ck_f2c33d5b65b321db,0.0063978133
ck_83e5979334345622,0.0255560304
ck_629537d8b4d0f395,0.0133358748
ck_72022008a92c9386,0.0235881342
ck_2973b8274f0bf69b,0.2763298866
ck_565e3418d2f4061c,0.0079178196
ck_54bb53b8f8ea32ae,0.9946955178
ck_af0a6540ea7a36b2,0.0098561270
ck_888651bfc2c8cf70,0.0058391160
ck_1dedcb48ac381a1c,0.1051369374
ck_f73273e220296be8,0.0237361929
ck_8424bf65223a5a9e,0.0082176834
ck_337b930fd149a696,0.0039480708
ck_8a4952de8a123ef8,0.0044771224
ck_884168153c9c0c81,0.0021178703
ck_fdda581aec411010,0.0011836871
ck_2b7cadbc8b180d32,0.8049556775
ck_8aa8b9968233a1ab,0.0007086727
ck_0af18b3ce015d294,0.0024246731
ck_8dde670a735d1e90,0.1188023047
ck_62f46226f244139f,0.0398773521
ck_f948e8a8fdd79b4e,0.0157063009
ck_fa00aa0f3e859904,0.0323623717
ck_fc7935f784a4f249,0.0029368254
ck_e7501307c0698e5b,0.0106810355
ck_549ed417f2834cee,0.0524807117
ck_fb2a35571ec719d4,0.1027370770
ck_25822068c86c856f,0.0004578356
ck_8f35d229b62c8f23,0.0187059590
ck_bdcf049c1e7d0c95,0.0031707065
ck_0aa9db36eb16422a,0.0007779764
ck_42dcf92e9e016922,0.0422962012
ck_42341cf31c08c981,0.0065238068
ck_0b20bfc515ba42a2,0.0247483054
ck_0ec820b670d48098,0.0007854088
ck_1f0bafec397da8e4,0.0359988821
ck_82f07504ab59ed33,0.0614139008
ck_337b24a474010abb,0.9970880754
ck_703703bda38fdcf8,0.0172434804
ck_01e7960c63dca3a4,0.9811505903
ck_be5bd81e3715cb8f,0.7180682874
ck_197f8058cea1fbea,0.0004392143
ck_eb3fb1106f2f1b21,0.0673504774
ck_658b4b54be09a4bc,0.9823101522
ck_266ce7ccf41ccc50,0.0156238653
ck_110608c3b03d4038,0.5447175909
ck_1be8cb95d6d9bbf8,0.0031702902
ck_8e16a64a776afa82,0.2266547564
ck_34bd190d37eda534,0.0238412980
ck_4f521611ae14ae66,0.0015559617
ck_d839798f9520363e,0.1485884187
ck_d1bbfd246c0ac9d5,0.0121997428
ck_f19030e6e85a6776,0.0769318186
ck_cdabe60ab59f9d5a,0.0051426724
ck_bb84b2b30293f566,0.5688438420
ck_427b91925952cb40,0.0133137058
ck_1078b1e155b5b640,0.0041920407
ck_95fdc264eac72fa0,0.0011521559
ck_e35eb857c61548b2,0.5204953605
ck_69bd0b1abea7e1f0,0.2069643420
ck_59de511b20c842ba,0.0323368133
ck_168e7ea341a36b80,0.0020991539
ck_4937cfa6526ea138,0.0219270504
ck_bb1a981306b750ac,0.0366677449
ck_f42a43e4c3f34ccd,0.0012616594
ck_c7ae1d4b3ab38185,0.0015690770
ck_bd23cf9bba1dd33f,0.0225011398
ck_0fd826fad7ec7cd6,0.0204232102
ck_f143641bf3dd0414,0.1023675682
ck_ad6d48c20a3688a7,0.0008834018
ck_7bda5b5b927b2905,0.0924368205
ck_a337eb38eefdcc88,0.0767203874
ck_403da2a2d800df9f,0.1419589105
ck_aa01d5aafde73d0a,0.0013575341
ck_494954023f0eb309,0.0653519627
ck_1c6820fc38135ad9,0.0346187631
ck_0e0bab173622db9b,0.1770010940
ck_547090bf35a3b243,0.0208455153
ck_d69455220b21dc9b,0.0025264834
ck_90b4ac695b9c6bf7,0.0037342688
ck_8d2afe17c0082e6a,0.0516478730
ck_926b81c0ba528eee,0.0088564735
ck_ce36b0c287bd198e,0.0335467679
ck_8026e017909aaa6c,0.0043656039
ck_dfba788f35d4c372,0.0034599012
ck_f09f9d0e0886e0c6,0.0084438353
ck_4ffe0366df388604,0.0077770557
ck_75bb521de55644c7,0.0134584160
ck_81a960fddf79ecf1,0.9240676770
ck_8f43459991ea511f,0.0064026043
ck_f878b68d66fbfd4b,0.0011830065
ck_e84abfc0c747c9dd,0.9343099049
ck_3ad3fd3cceb56b66,0.9658021065
ck_7cf562578c7f158a,0.0013900339
ck_f81a97d350397306,0.0189792074
ck_255d87b7fb40caa5,0.0209817069
ck_b3905153b9eee924,0.0237566795
ck_2c80a592fb4cd6a3,0.0019362316
ck_57deb202d4188a29,0.0037529618
ck_e3cb5f31d8e94448,0.9472762326
ck_0db62d5f7f75f80f,0.0345264056
ck_ced9163ea85589ea,0.0390846790
ck_e16528edc694fb33,0.9788991596
ck_78cc5ec4940fec3b,0.0062024451
ck_31742076e9a998f8,0.0748835791
ck_5ac335f02280271e,0.0130375244
ck_7cc2e091806cfa5b,0.0616666772
ck_3152c7115257f084,0.0060841804
ck_ab1b9d019921bca7,0.0158039563
ck_c33a762d98f9b290,0.0011094121
ck_b16a7c51b6f7a6b1,0.1192602942
ck_97402a153348e68f,0.0047869133
ck_95391029a21caa24,0.0370694065
ck_c2015a1200971fe9,0.0325839625
ck_ed4427962c68918c,0.9871004950
ck_c5e4a17d3efb19a4,0.5726555485
ck_8aec3d3dd51517c2,0.0036170448
ck_f5178a658225d8e4,0.0013545417
ck_8594f165e95316d2,0.0013653874
ck_f0c4aac04076a6dc,0.0105803891
ck_ac2f7397801036ef,0.0141977434
ck_d1ea4bcc407c7d5e,0.0059249134
ck_cce8b6657a538fe0,0.0223070185
ck_66d0c6d6b67a8d58,0.0015882149
ck_1a6b30320835e57e,0.0115464367
ck_8cd274cc85aa35d1,0.0416779719
ck_ada46085a78280e4,0.0113154460
ck_ce1b06623e4a815e,0.0059185274
ck_45e70c8a9686580c,0.0480093334
ck_0084d8ab6b1044f3,0.0021963160
ck_a5f7b6fed6df2aba,0.0636175566
ck_94940d783e7988e6,0.0041682793
ck_00f9ca84d1d8ae7a,0.0007525603
ck_0deb56f3f6452818,0.0079459269
ck_a58e900469dfc3f0,0.0305779844
ck_028c41b195280980,0.0079976303
ck_7661d7ceaeb19f97,0.0117005245
ck_6957905a65c47879,0.0464993335
ck_f7c6c26ef3c4ae06,0.0347845761
ck_8777beb11aabd66d,0.0143125942
ck_7db098a17374bbf8,0.9425399919
ck_66aeb00e44486cda,0.8027026066
ck_838c52cc1d315ec3,0.0293265595
ck_1745847cd4e5dc83,0.0112225853
ck_201687857ec8b3cc,0.0172103280
ck_81818169208a8cda,0.0402537230
ck_3303fd3f64632c7c,0.0860696030
ck_edf1096809e83ef8,0.0014855218
ck_235ce9603c7dccbf,0.0773542438
ck_9df7e153868bca13,0.0034744989
ck_3cfeade2cf270fee,0.0226404005
ck_982b0bf2e2b6c4f7,0.0018855714
ck_faeb0da678bb86c0,0.0031438636
ck_e86ad2fe815b6ed9,0.0206729204
ck_70d69e5d1bb99e85,0.0310369602
ck_7e9a8924eab779e6,0.9494722872
ck_019d5891103e7da3,0.0075437000
ck_14f0484b3817eda5,0.0088374511
ck_85de63d278f0fbae,0.0009355920
ck_ae91b4cff57fb3bf,0.0030087298
ck_2a6d43b9f883b78e,0.6431136785
ck_7a4e3d553e8ab5b7,0.0379922485
ck_fdf89dc69f700f84,0.1560736848
ck_f92e04024bf13558,0.0011648294
ck_4a522ca2dc4831a0,0.0005115688
ck_68ba25dc3385fea1,0.0738217903
ck_22128a4f0d033422,0.0083057608
ck_5b52ee0a13c71590,0.0038504069
ck_59472d17debedafc,0.0032505190
ck_9dde2c63acda3ba3,0.0068956338
ck_7510b1023cd08531,0.0142365329
ck_071ddaaf2e4e3671,0.0081466133
ck_1355db6f4010232a,0.0077794021
ck_0a7adc2f27f98510,0.0820882402
ck_68250033717cd59e,0.0038302971
ck_7c12de74de30b788,0.3783048407
ck_65491367584c730c,0.0306208048
ck_e9047964952bee70,0.0236667841
ck_5567779d6ba184eb,0.0335524290
ck_d6ea026357ec6477,0.0146271480
ck_cd7dcc884e283746,0.2007969318
ck_0bd77fea8ed75a15,0.0220580850
ck_e80883208e8d0453,0.0169435894
ck_2ad0ecbacd5acf8e,0.9932819896
ck_6c1dbee7e8fdd5c8,0.0045378050
ck_ee4d9a7449515908,0.0010625301
ck_636111f7f030496c,0.0023726381
ck_2c629c657f73941f,0.0134839525
ck_c1c9d3842d758420,0.0804493138
ck_e4df7faacdfe8c40,0.0253165033
ck_94e8142728e44380,0.0284986790
ck_765aaf42c5088545,0.0127658426
ck_e0f845159b6e6a4a,0.0124951666
ck_5bc07deb82edbad7,0.0023980545
ck_713159c5c6a7a4d0,0.9954289302
ck_b08afc91d9ca55db,0.0160230593
ck_a7bc323ffed2ea97,0.3103318102
ck_85ca825f905a34a1,0.0483802864
ck_33160c443d4b3f19,0.0161018051
ck_832d39c590a3ca75,0.9395434413
ck_7d1661a34164406e,0.9898836210
ck_c2466fc40fc9d5ed,0.9748262167
ck_ed0e776c0926ce67,0.0715933680
ck_cdd2ebeec75bfa69,0.0937948249
ck_d7877684c7923ec3,0.0071033566
ck_7384d4d2406aabf4,0.0229242900
ck_b8e5244e650aa81b,0.0127205871
ck_25a1ea40b2d59254,0.0043337725
ck_b9e5b318ee4de68d,0.0075151014
ck_620d7ae27af83cea,0.0079373622
ck_40b4e264d1a12b83,0.8827775179
ck_b694c803b62862b3,0.0028760207
ck_cbeca201dbade3e5,0.0241431883
ck_f9b439c9161c3e52,0.0067486240
ck_9880410fcd10a28e,0.0049877598
ck_74928f5f91aa12b2,0.0496832893
ck_b6673bbe61d2680d,0.0099901205
ck_53c8315b5c30acb4,0.0135318553
ck_78f01d78ea79642f,0.0143517829
ck_8582490d6e365a63,0.0089247411
ck_af25c72d16299258,0.0015934008
ck_7905fe8e257b0449,0.0481735583
ck_0d16d9349e4a9e08,0.0037935633
ck_31b16b8848584e98,0.0287555853
ck_67207e3eecc02d76,0.0265681488
ck_e6b95ff91116a592,0.0042216596
ck_c08f622bcd6de6e7,0.0329117899
ck_f9a68da9e0f0bc85,0.0038230740
ck_4072b59388976896,0.0076164086
ck_8ec86e853ad52828,0.0564327195
ck_4fecb87eaffd5cb5,0.0035781049
ck_d6880578428b965e,0.1381723262
ck_bfc82b3c1c9f2897,0.9627977904
ck_c340644176ca03e7,0.0092304759
ck_321e740066fb05c3,0.5426532893
ck_8929d2eb09872052,0.1172832576
ck_205c107cec528414,0.2666446827
ck_e76db7d2562f9836,0.0247784738
ck_9ede51c8434cff6e,0.0174557516
ck_492e4b89c61b7b6c,0.0045270718
ck_9385f5a1eeebefcd,0.0272059126
ck_ee52c7bf88f952ab,0.0123255138
ck_d8116c34302021d7,0.0008006803
ck_01645ea51972e99a,0.0237405833
ck_7b45ed23304a854b,0.0166572897
ck_2096d32f3d497ea1,0.0902408586
ck_dfbb2056f1ef7d3b,0.0141462566
ck_938ce30c864bc7df,0.0010611777
ck_ff30dda2c881a4bd,0.6676191956
ck_f88c79186a082beb,0.0159125540
ck_08c7bb0f9851cb76,0.1092295630
ck_2675e7a008e584a7,0.0571192557
ck_cbaf8a954281d4e3,0.9785242108
ck_8b24eadf6c72b30c,0.5321446692
ck_ffc8e3c1377d0706,0.0022678844
ck_5b59e859bed5b40e,0.0196642835
ck_7b61717f172f9317,0.9815587761
ck_e5c30947b732f661,0.0694229409
ck_bc273f3ce79f7e1a,0.0088936847
ck_f69e93388b3028cb,0.1213620341
ck_3837ad850996ba60,0.0228348421
ck_36d78ff3bc033ee5,0.0095947140
ck_5e20953547ba4135,0.1160877644
ck_258d661e450ac870,0.0022590149
ck_1df66f537496ca59,0.0725799632
ck_361f535599110201,0.0094464739
ck_337e98c69f6e7886,0.0093951706
ck_d3d5b2717cfc3913,0.0293578197
ck_b1dba768dbe7affe,0.0236756478
ck_92d782bd9ce0d1e3,0.0249805785
ck_26bd0f8898afc8ba,0.0039160912
ck_7916e53daab36745,0.0497407336
ck_2caf553b31831a50,0.0051248607
ck_c6200734c7f9b2f9,0.9563494523
ck_cdc55623cb16e6a9,0.0042126648
ck_57849e15b61c43b4,0.0023405984
ck_b7af9b2ee0eebbc6,0.0135435780
ck_00aa5fc3b3bc66aa,0.0496867894
ck_9929723f65636c7f,0.9860415617
ck_8f6cce9f69912983,0.0492902049
ck_c422ba389ff00781,0.0013924736
ck_9ec7f334604a228f,0.0108194117
ck_5d01200ba3341462,0.0133890526
ck_2bf10be403849c9a,0.0130145921
ck_6ca018259f70858f,0.0114510436
ck_a54dc042ebb7c766,0.2438814617
ck_79da63fc100830b5,0.0212820787
ck_67ab6f9e05c85085,0.0070544822
ck_fa80da579ea9afc0,0.0095736097
ck_4339f86c87289222,0.8575063602
ck_a2299b4f530be0d6,0.1843900107
ck_19db0bf788697c2b,0.0130261826
ck_fa4211c4d826d830,0.0010617890
ck_96100d5e8e051e91,0.0052321886
ck_5c3a671883d58b3f,0.0004972124
ck_2d9524787cfe1ab3,0.4665260705
ck_47ab8e51e5b3a2d8,0.0032265541
ck_c924f36bc1bbbaa3,0.0071456200
ck_5c58e7f8fd55e26c,0.0017720932
ck_a07e7409d6d5aa06,0.0221925048
ck_c8413898f5f7cb7d,0.0426476886
ck_577c816b41cab002,0.7773524151
ck_9f7807ed64cdb728,0.0258962584
ck_495d814d6d6d521e,0.0023505951
ck_7aa8bc018c2b003b,0.0028286143
ck_7c3a6a82f3c3241d,0.0133713587
ck_487f7fbc290e4ae2,0.0030057675
ck_e556c4d36aadbe03,0.0014013524
ck_7e6569a1b2455cb0,0.0006509354
ck_de2924955926d046,0.0287383385
ck_73d60b4630e3937a,0.0025496674
ck_805ee564bd35ef15,0.0202100699
ck_0d40961e47797027,0.0023029108
ck_f06d00a4f9c87d80,0.0009251563
ck_5ef50fb07b6737d5,0.0067259104
ck_16541fc15683e21c,0.0039276940
ck_09fd43f1b7e2eca2,0.0011909300
ck_2a2c336a69b8d68d,0.0575507597
ck_2685f38930866af0,0.0208371327
ck_298278a9da874437,0.0090704771
ck_00bd7803f2530c68,0.0329635314
ck_c2b4a1d8c0b6c1cd,0.0007362738
ck_2acb54ca20c3af6c,0.0500262168
ck_e3d4b6f681c783ab,0.0406612160
ck_f90293f1eba5d7b6,0.0344337977
ck_e69d27e8965df0be,0.0014916418
ck_b7f5d10b427346ad,0.0048878778
ck_1ce20e4223a936b1,0.0103582015
ck_6b97d1ab90f6bdeb,0.0219020147
ck_e30e17db5473c7b2,0.0022126466
ck_154c8efb19dee665,0.0031315288
ck_6f5bb0c930644cae,0.9978657152
ck_9e17699baa83d173,0.0028483206
ck_9693b1eb70880205,0.0069520821
ck_1e97899875bb427b,0.0063249659
ck_558a82590f65df69,0.0010029327
ck_18df83242ff3cdbb,0.1014589668
ck_80ad4396e1084c68,0.0195950478
ck_0a993bc947bab61f,0.0213709208
ck_5c2d43ff841632f9,0.0040335667
ck_6e4b99fb9725d9fa,0.0232464684
ck_e0983999ca26c19e,0.0736856420
ck_6573c4947cc8607e,0.0555355968
ck_d879d645d6e44207,0.0203999599
ck_1375ad9f10688e4a,0.0020508852
ck_7501ebbf4e21f160,0.0133104541
ck_ca60d61cd4dc3bea,0.0039906098
ck_ab9ea095a5c58b4b,0.0159853144
ck_23756522b58df5d8,0.0017058830
ck_90bc176c43d85fd5,0.2991508770
ck_908b663b2dda94ad,0.0356787748
ck_4df2fb8e4b649e27,0.0064077786
ck_5615c6bbdef05291,0.1005653256
ck_b62f3e3185251f71,0.0008285021
ck_38d1a22850178f33,0.0030430952
ck_5b3ba20c8bb1383b,0.0047095741
ck_5576ffc6aaf6f22c,0.0005159369
ck_cf7a022178165e56,0.0020291490
ck_f2c7a4c50e2ede96,0.0193600707
ck_285719c77eadf915,0.0012624395
ck_f2aa1b677619ab19,0.0099739305
ck_3830c58d841e9e69,0.5849205577
ck_32eba3510c8eac5e,0.0092893726
ck_8955d7b9030d5eb5,0.0022048433
ck_6775e387dace7525,0.0488587997
ck_0a0cd7f4be606a93,0.0321440716
ck_a9f700eee5d638df,0.0058335520
ck_3d7db96995745472,0.0150912131
ck_aeed557007d52e9c,0.0005920153
ck_79b6a86830156b5a,0.0111091902
ck_6a1ff9d69466181c,0.9965343943
ck_f11b1565f986f5e3,0.0134940823
ck_4819327a78615485,0.0018956047
ck_3ed9e081959b2f5c,0.0150908048
ck_16af4be191c47d3d,0.0010895097
ck_25122cc0e8b1a662,0.1047123190
ck_509c22828d467ba3,0.0282810634
ck_31109c899336348d,0.0024234402
ck_c51131e53baa59c7,0.0019235439
ck_cf8ecabbc61d3e11,0.0040351960
ck_eb6baff0f85ba936,0.0284234222
ck_777669e2243204f2,0.9164588175
ck_ac0ea27e692acdc9,0.0128818177
ck_4c6ea04ce8ca9e2c,0.0129764629
ck_ca54b32fca7e94cd,0.0069802899
ck_4dfd8947f540eb24,0.0033311952
ck_95aff1fe27fb24bb,0.0204200546
ck_c7550723b90e5615,0.0035080583
ck_57b3fee69bdf85e8,0.0015419954
ck_f823407ace7ff064,0.0550791069
ck_a69084a068bcc8aa,0.0788412738
ck_c7b17f7b24bef5d7,0.0248152726
ck_7c4e588f927c27c8,0.0173128994
ck_77fdac602d0c6f95,0.0476144292
ck_e963d8525018d072,0.0110557176
ck_6e8ebaea8f7bffaf,0.0012389714
ck_aa42976a31cb7770,0.0032654209
ck_22c862a496008c96,0.9981151208
ck_527550dd15f38782,0.0398376394
ck_b3ab3c210e2c7c19,0.0246906212
ck_ed9c56fdb9f45ddc,0.3874282456
ck_b53281da70defcfa,0.0126139253
ck_03009b721568ee98,0.0219304769
ck_3d9afd862b3f4053,0.2093851929
ck_ad3c4be96599554a,0.0198091221
ck_d1c787c27d50af49,0.0266237241
ck_c7a9c7b2eef46a99,0.0050543107
ck_53036d3c6c74446c,0.1685061985
ck_1b1efbd9c0964c8d,0.0203134939
ck_d66f42a269d5c1ed,0.1070125798
ck_fefc49a2b8ad993e,0.0197883780
ck_8b3b874249adece9,0.0646796061
ck_193d9c87ad3f1dad,0.0014103990
ck_0c6a50d747593b7b,0.0067816197
ck_c830f3830875b47a,0.0219201868
ck_79e202f06d8dfe42,0.0292064749
ck_5c0fe988b8aa7fcb,0.1156454184
ck_a8382d8345f21e1e,0.0031618813
ck_8cb20053914692d0,0.0526111219
ck_1da2f69023ca4c13,0.0015186177
ck_38abb60995114f8f,0.0130396526
ck_f5791fd8fd8fd191,0.0153919879
ck_a4e6fc391b674335,0.3304000303
ck_bd771efb4a7e15d0,0.0066928642
ck_38ba4a6b6a292054,0.0209963964
ck_f7a07283345a0dce,0.0034488273
ck_87dc484baaf5a23a,0.0005264786
ck_c84ef83489badbfd,0.0237760274
ck_a397cd64ec5d644b,0.0069984233
ck_7977135c2ff61e92,0.0093777233
ck_52174855b243a8b0,0.0424299354
ck_0f35e930d0614613,0.9950561951
ck_b170a7db522a0d6f,0.0181785196
ck_7af748a23775bd54,0.0369108506
ck_52f641c9ee6fda70,0.0016893271
ck_c3719a30414bbb4d,0.0065731917
ck_2baf214ad6bc0dbf,0.0446273244
ck_8b39d8aacfdd72b4,0.0030629007
ck_d39b0152116203be,0.0265864959
ck_ed33f8a937f9c7c8,0.0117438505
ck_8ef97b55a5fd6ec9,0.0009134867
ck_8247f008a14bd1a2,0.0007377774
ck_f0d349d68249d5db,0.0013458257
ck_a544e766540861fc,0.0058396114
ck_9dfaca4c7c80b10d,0.1233887666
ck_7e5401c362b2216a,0.0016476012
ck_64ff60c073fdb6db,0.0263375178
ck_fc5ea49518e5d637,0.0026759420
ck_580f136ced341298,0.0019035064
ck_9cbef9bc95449dca,0.0040149499
ck_e475a3b8ba870a7e,0.0152775321
ck_97e94708bcf43563,0.0085878641
ck_13f03ec785cbdae1,0.0009385622
ck_152820d8817f478c,0.0140819693
ck_d20d4ba60eec9945,0.0088581888
ck_5c45968a805132e0,0.0270179200
ck_bebea2cf3063fb24,0.0066332960
ck_c3c69aefe7ea1d2f,0.0186291231
ck_02028b72f26fe855,0.0075107160
ck_dfadff70a58a9133,0.0012925150
ck_6482ed4491bedcaf,0.0052694226
ck_754cd7b4a5ae3f94,0.0189067791
ck_3132857aec8485bc,0.0009390554
ck_7ce4ca91b8f9f1c1,0.0110192436
ck_41938582f4351772,0.0121374795
ck_f87d66946252476c,0.1056821808
ck_8053f1879a9b4e43,0.0023341409
ck_93892e91387f5103,0.0322045815
ck_15254db133b28371,0.0092002249
ck_d557b9feb241b3ec,0.0009347282
ck_71c3a8e4c12c989f,0.0041513628
ck_80e3041811033443,0.0105053473
ck_3380d60067b4634b,0.0010236418
ck_a9c2cdc758df8510,0.0382353806
ck_3c0031d7514da17b,0.0228675861
ck_18d214b1418be39d,0.0068041076
ck_7ce768407fd48321,0.0094633813
ck_7a50abd42298133b,0.0089478202
ck_2db10f987d137582,0.0559761098
ck_e077d004cd1d80ae,0.0035562282
ck_1cb6dc67f9a321b5,0.0742932630
ck_b864f64101149c35,0.1799508290
ck_9bedf54df9418e4a,0.0032711574
ck_c47e32c47f0e6578,0.1779778227
ck_71f382d5e338daa3,0.0039677887
ck_14b4bf7be6ac2b61,0.0711738054
ck_5c87eea1cc07cc92,0.0350692019
ck_5f445182829ef342,0.0234254459
ck_a5d7311291caaa54,0.0076061225
ck_b7df99aecef385e6,0.0750667546
ck_3327a0582407068b,0.0226454819
ck_08dba09fd7dab896,0.0334519253
ck_f4ec334be5266378,0.0016370918
ck_240f7f894c5a86e7,0.0012767679
ck_a9d994554fc14a02,0.0003258272
ck_13648cbd306eee6d,0.0150925955
ck_601edf9105b3c321,0.9945754530
ck_9527adac182abe57,0.1802614892
ck_4e0e80f5cc271bf7,0.0010334564
ck_96a89e720176b389,0.0362035594
ck_63560eec94b76d2f,0.0151146510
ck_c9c99e5b19aeced8,0.0010907676
ck_bc32655ee5ed643e,0.0252530780
ck_edccb5a93b741744,0.0133446801
ck_f786cbc987b70930,0.0009303647
ck_0e8f26536ccc8947,0.0177830249
ck_b87ef4b98cfcec4c,0.0229696397
ck_1a9235812de4b2c1,0.0190834332
ck_d1ed88ea4211ba4d,0.0162138953
ck_a4ddac49657a4450,0.0059924304
ck_d9ffca35188e49d8,0.0238535961
ck_3db73bbe03c3d240,0.0011121693
ck_fffa0622344a36ab,0.0015963457
ck_148c28df51bba5e9,0.9711867870
ck_076cbc25c8f15fc3,0.9330080309
ck_e5ca550b39ed45bf,0.1747439872
ck_8dacf3a2061ca17d,0.0396443325
ck_2d7394afd61643d0,0.0032569597
ck_e42206e91f6a1752,0.0016704203
ck_2f4f94827984c426,0.0178858652
ck_edfe8e90e8f4366e,0.0020667110
ck_646b15f753e5e9c6,0.0353011400
ck_66600620149c8799,0.0014158282
ck_4ff6fc70bccfba96,0.0438186824
ck_41af3729590c2484,0.0113341531
ck_920a48ba8c583e96,0.0025951199
ck_0253b3e7be021306,0.0008832219
ck_2ae6949246ea2648,0.0115406716
ck_db23a5100f338d72,0.0387095722
ck_fcb2a559474c3493,0.0209286865
ck_0a4d7acd2a53cbbd,0.0643959711
ck_c5d62b2b7a6f3bac,0.9986879819
ck_cf59f4fc0ea690b2,0.0037429488
ck_837be8126bb19250,0.0010631092
ck_58955542edee1adc,0.0031854463
ck_1b93381d8eea58d1,0.0118928942
ck_97b8e05d62abdc14,0.0290300094
ck_71a0d645744302a3,0.0059369458
ck_a7b57882ab66b111,0.0019415895
ck_65f76421be648549,0.0081657562
ck_b53ea8713d32ca7c,0.0156303563
ck_991c4c924a1d85ff,0.8807221714
ck_8432ccec1a4ec7fd,0.9916745127
ck_64c1633297f43788,0.0147624713
ck_4291fd9c1161d8e1,0.0188092221
ck_5e98ed6391d9f429,0.0277535124
ck_c7baebe4549fdbb4,0.0696282149
ck_6e67225ba59fa5ae,0.0480150375
ck_719602def4d35fe0,0.0210727939
ck_bdee7c86f5ebe81f,0.0070174646
ck_8de38f8c7f91961f,0.0327686753
ck_b0b5bf9254700402,0.0066954345
ck_7b55d9bb1a250d4f,0.0332672902
ck_3954b7b0fd1d6614,0.0003314479
ck_f29471fe7c818d6a,0.0036539169
ck_9e65a8a2f587691a,0.0130726925
ck_eaec5f1a83b66eb0,0.0960514650
ck_004fe0daecbe2c1a,0.7010170935
ck_d17653a4a2d4a79e,0.0231344092
ck_0dd417fcbf19e424,0.0153902013
ck_4c99a6eadea143e2,0.1047411355
ck_74d602c907ee9119,0.0028325844
ck_1aa87cb62acc0ac6,0.0100047898
ck_094974d75e29fb2f,0.0575449909
ck_5ef935ac3d4d3332,0.0090966866
ck_b26e4ae47c9107ed,0.1790706159
ck_396cea6f95186ad2,0.0081350262
ck_48446a9e8184c7d4,0.0002641810
ck_31e1ede23247d56b,0.0388770582
ck_7afefa349b960a3e,0.0112385892
ck_f5e02a3432571b20,0.0384676365
ck_64eefec062592c43,0.0107528915
ck_a1201284122c141f,0.0234999930
ck_1b34c420a4c85a95,0.0068257379
ck_d637a011332ba67a,0.0047096738
ck_99c0004d8b7079f8,0.0042840036
ck_948517bad569b40f,0.0441222695
ck_a28d6b1601b472a6,0.0226041101
ck_a0b4209feb31f5c0,0.9967765551
ck_d6d2c1f6dfc455b6,0.8528499185
ck_3f9e6d356d3dd3cf,0.0011855080
ck_d08e00c842b75176,0.0043004820
ck_bfdd232a7c5f2660,0.0320110704
ck_2cdad03ed069438c,0.0128621851
ck_42317c3eabd0a285,0.7291245124
ck_3eb73e56751c704d,0.0197919717
ck_ef33c04f4c9e3758,0.0161787906
ck_1dc23dc870f1773d,0.0129596514
ck_76091f357974a152,0.0114772631
ck_4d9eb75e8eee90fd,0.0267114911
ck_578f67e69e5d2cfd,0.0016570882
ck_3a8ce1cc724229b8,0.0010897056
ck_a96887f841e80fc1,0.0441434945
ck_d2d4a8f4a9f2c33f,0.0078324303
ck_11f85bc705dbe036,0.0250471837
ck_7429b3f87528e335,0.0048857983
ck_26df74feac7ec51d,0.0079918953
ck_c78b2638fadd91ab,0.0216211860
ck_7eaad325abe3b50c,0.0014400332
ck_fd44e34af620e606,0.0127530678
ck_f99738dff854e25f,0.0007324456
ck_1ffbce3a239bb264,0.0040386429
ck_96c7d52ba0a766ef,0.0567419092
ck_cb1c00c300af3f9e,0.1941146700
ck_ec3d12848ced99f2,0.0016999958
ck_26cfd7c3c6c7bf69,0.0068430846
ck_7ae86b5a885affc3,0.4757385671
ck_3edaa94d28cd48ea,0.0066006570
ck_3209c530c9812e39,0.0072818520
ck_ea62ebfc1f04b49a,0.0034390220
ck_5fc90b4668ea81bf,0.0223952105
ck_95654593cdebd141,0.0026109865
ck_958c0bd61820147f,0.0277345151
ck_8440ef1386c07194,0.0039479378
ck_8cd1b68dd74b1375,0.2995657359
ck_c9eb4df91ff07f2c,0.0126467118
ck_c29489366c01fe65,0.8951560698
ck_c965fd6bec0f0ecd,0.0255616770
ck_84c402b23766e1f2,0.0182016262
ck_181f3dae03b87136,0.0388277489
ck_022a8ae79eb28cf6,0.9698692750
ck_469c17407d17b706,0.0343224719
ck_1fcc5843f39148a9,0.0026734336
ck_5debd55f361b2ddf,0.0009914680
ck_28cb9b03e89263f1,0.0020258062
ck_f067470743d3c7a2,0.0648547996
ck_d5d225ce41a1a762,0.0192074894
ck_15b4840922195ffd,0.0156633212
ck_6bcfa37c717f19f1,0.0263648711
ck_8d501a0386c66be8,0.1037452598
ck_1a9d6190c57ea7e2,0.5885120921
ck_c49832eabdac5bb7,0.0013122714
ck_b4331140b2e0d4aa,0.0034124150
ck_5efbea1befdefe1b,0.2166943984
ck_72ff52c4824072ce,0.0160237269
ck_ec3715add8bbb6e9,0.0011868562
ck_9822f8ed05335741,0.0111929012
ck_c3d7d3d12a1981a3,0.0015622156
ck_a115a7919ac5875a,0.0434716611
ck_4dd4ed23e0b927b7,0.2067695394
ck_4c76efcc1ee6762d,0.0120403982
ck_3ad6e7bf452c9b21,0.0077760255
ck_dcbab304b55a42c7,0.0106577015
ck_24b53090faf722cf,0.0057021151
ck_187317383400491d,0.0022222730
ck_e07fd57565c94c28,0.0257992896
ck_740e760fdcd27835,0.0024243946
ck_d3796aebda1cfed5,0.9555755773
ck_e541967c681cb929,0.0236514004
ck_431118050b834dcb,0.0003012138
ck_90f3655f0c8a0074,0.0033580499
ck_13cd943777651aac,0.0154766410
ck_66accecabf3901c0,0.0179259552
ck_937f0da2306b2eb9,0.0072449476
ck_105b0c93573fd5b7,0.8626727282
ck_00480407160e0743,0.0074629727
ck_e032068be7b77d15,0.0287702370
ck_991b7dfd69098320,0.0014028535
ck_37d47cf0f34574a2,0.0008997325
ck_011551a596544f5d,0.0030149123
ck_9acd98f4fe2d474e,0.1814591154
ck_7c88d3d377bb61bb,0.0470534250
ck_e2374c7136c964fd,0.0572246503
ck_2fa8f2577116e9ca,0.0398059112
ck_d07c5b0321c685ea,0.2320371107
ck_bc736114a31088a7,0.0130117681
ck_32bb42f9bff197f8,0.0042690718
ck_66267bbad1f1415f,0.9940568521
ck_19988702ccd79201,0.0034370746
ck_f473a03fbcdbc4b0,0.0024300924
ck_e3f1d85fa5d49396,0.0064423025
ck_c4402ea6291df271,0.0127049803
ck_243bd5ca8c4ae5d0,0.0061195438
ck_f271e855925e8d6b,0.1359531750
ck_e424148c6f2223df,0.0071970084
ck_e4d0a9e1102a58b5,0.0033952915
ck_91c2a5fe69b9b1d1,0.0050929357
ck_5fd8924732fe403e,0.2235152327
ck_9a881d5433126ada,0.0038126219
ck_73cab88b29c7845d,0.0293086720
ck_5b5dea6476d4e182,0.0322003255
ck_ccccb17d2ca6ce94,0.0857685650
ck_cd1dc68e441222b1,0.9734102019
ck_8312c49b1431a406,0.0045206551
ck_25fea39897f2a559,0.0168031853
ck_f56200205280bddf,0.0349329340
ck_7336611650dcc088,0.0168794905
ck_590716322ff147ae,0.0389188210
ck_c82364d87875a1a1,0.0185639979
ck_fa4b60387d744fc5,0.0017545231
ck_d841eba8906e9a15,0.0031154095
ck_d6df562a79b9d0d9,0.0094513876
ck_59a14d2564193101,0.0038766811
ck_8530158e3d7f59e7,0.0026577462
ck_ac68d707006c12a8,0.0149632140
ck_976fac1bb3dd8c58,0.0167835290
ck_f854fba8f4adae3d,0.0391116987
ck_b98e9c3ec6e7d1e7,0.0088875111
ck_803c0b4cf9d4bc1d,0.0173614340
ck_76997a33c3ea5107,0.0012787014
ck_f1a9d832b700bda1,0.9584086693
ck_2bd96ddb8c323d63,0.9913931695
ck_9e5b7acf51b1b743,0.0109102533
ck_09169f22194fd6aa,0.0281319368
ck_6d69e092f9b0848b,0.0267904673
ck_9f83fa5a2d3b9049,0.0128843216
ck_57bbb19eecb4b87c,0.0033977576
ck_e0e9cfabb979f428,0.0060856028
ck_b1ff9edc51d42f97,0.0011938821
ck_4682fad271d47eb0,0.9424938977
ck_ab33fb754c818ae3,0.0228250827
ck_b456f62b80e21557,0.0013538320
ck_16340be3f2a7fffd,0.0006404437
ck_ce66831f6611014c,0.0080545103
ck_4610a073bb54d1b1,0.0163852897
ck_fd038a7d33a9d6e5,0.0033981736
ck_c8198cb4c461304f,0.0473977297
ck_1e7de58822000dea,0.0022242273
ck_b2a79dd3df560f14,0.0605619176
ck_74a06f347b32347f,0.0078237556
ck_c6fdb2972417c9bd,0.0177878578
ck_d7607a213b800bfb,0.1022961957
ck_df65967b8b40319c,0.0013246042
ck_329a73dbd585ee09,0.0051292907
ck_74991a9e85c3b07d,0.0167790446
ck_bb76609b79e0bc9f,0.0046111222
ck_f7fc1bd0b9ab1fa4,0.0095673154
ck_d111c98b36bdb791,0.0051276967
ck_f07e27d125497b66,0.0153217926
ck_093e3a7134e11d6b,0.0134247727
ck_862c7953bdea48b0,0.0075051193
ck_392cf2cdd515c34d,0.0122471043
ck_80eb91b0b4001084,0.0392142983
ck_5923f53b77193a58,0.1579212133
ck_8049f5fce32be185,0.5407894127
ck_ebc5a2c6cf88e252,0.0416360069
ck_9ea5872f14cce338,0.0221691131
ck_f7fbc95ebf584379,0.0048987404
ck_bafe82c870356706,0.9885429441
ck_278b36c5932d9bff,0.0053938368
ck_6a892dd5d05c1649,0.0039773400
ck_0734fd90b2cabd43,0.0049718819
ck_9b552204498b6762,0.0272754158
ck_f6c909c205767956,0.0312174421
ck_32f590e87bc3d715,0.0005327233
ck_66a8325f28be7562,0.0019576019
ck_b129261da9c3c3c9,0.0008258349
ck_a524071c51ddde20,0.0086479777
ck_ba576d6d4cb6130b,0.1292451058
ck_8d8226520722af78,0.0388551746
ck_c5b0f0d4f1655a20,0.0389272006
ck_61814ae9b6d8eab1,0.0081037371
ck_382ebf136f7fa337,0.1117617444
ck_423ff4ede6a9f066,0.0138367542
ck_546ad962d04b7de4,0.9348759962
ck_9473ea4a01c95f9a,0.0722021236
ck_9eb1da8cd35a50ce,0.0063083793
ck_de5eaa2cdbcb67ff,0.0899843454
ck_537cc97d0398c922,0.0704483416
ck_998475a2e4dfad4e,0.0092823807
ck_e62eb708d2688fae,0.0057324849
ck_ea623358f704daa7,0.1309407465
ck_b911a09f328dfd4b,0.0014477432
ck_4b3506b624e5193c,0.0273566095
ck_448456f96788713b,0.0276409089
ck_5d5ef9e75f65d076,0.0073807729
ck_3b74512f774a6e5a,0.0014417341
ck_a032e8ac1507c6df,0.7910770478
ck_7e2d6b22a0ae20c2,0.1107780624
ck_d80283209c963f11,0.0096257351
ck_d1157eade2ac3975,0.0191877905
ck_be48f583f79427f7,0.0278914218
ck_0027b5d4107d65d8,0.1003560697
ck_94fff69584dd3b2a,0.0123897251
ck_75fcda73f0b43557,0.0146491663
ck_a1c78972e4ee4082,0.0135103766
ck_f0982bbdbd122f91,0.0074994674
ck_3199b471575aeb3a,0.0039500363
ck_7fa947a0b1c1cf74,0.0474094750
ck_a60c618b7f0e4252,0.0080628106
ck_722ac47c8ac9b6c3,0.3463517512
ck_d44dc3839a195c8a,0.0427319764
ck_a2c3e82fab520483,0.0867158486
ck_6f8ae0319c07cafe,0.0022815436
ck_49886ff1e2c759d6,0.0366070170
ck_150a1108f936e6b0,0.0045594190
ck_e21f9f96f597695b,0.0150004650
ck_7297bff2b7fdcbc8,0.0004417559
ck_ee949c71f4f702eb,0.9383571427
ck_6fc37dea4b4f35c6,0.0781666216
ck_e76257caa98dc25d,0.9791278441
ck_828eef2334e17b3a,0.0095857088
ck_604e1b8a8c693aa7,0.0116810820
ck_7743c9fe037d1f9e,0.0148385623
ck_864a11202e19e812,0.0806638881
ck_4ec040b9e3785e4a,0.0005828446
ck_7346e4f820d9c00a,0.8699801064
ck_48d4d63beb26b623,0.0087673188
ck_c423aa6de3ed1e01,0.0013594202
ck_d74b2ead8aaa3f73,0.0285528098
ck_1dd69a11daa7bf1a,0.0863378906
ck_d9143e236eef177f,0.0239327205
ck_f790d91e5ff0eccd,0.0984162655
ck_69b5620e00ef5dec,0.0007474096
ck_cd32e58e8a1c0e85,0.0063783455
ck_064013b0957d87a5,0.9943760845
ck_a481385c2e60dc4a,0.0014210905
ck_d72035cb29db3aa4,0.0170724861
ck_3759939a0205306d,0.0109200804
ck_f437a53fc832ec95,0.7767081314
ck_260ef2f3e6434819,0.0517979757
ck_35e411b05d22f663,0.0275251518
ck_8bf46e472f3e20de,0.0542638267
ck_d546994fc5d3e9d1,0.0100113958
ck_6ff0fc7487e737e7,0.2887351947
ck_5c67f27816ae0b6f,0.0066292870
ck_c5517923458106ae,0.0029278924
ck_d9735647a6b0b0a7,0.4089657641
ck_541a734fc457246f,0.0658396172
ck_2f6a639468f41043,0.0026664030
ck_bea2cf7a6b7bb900,0.0031132765
ck_7eebd0e6ad6c070e,0.0033541211
ck_b64c87d5e3b10e6a,0.8954425979
ck_9dd7daacb7833233,0.0305615494
ck_396e9ea9a6c6d7d9,0.0206959667
ck_1645e6cc53fa99ff,0.0141314774
ck_ea2a83ccb8d57490,0.0022807689
ck_e64f0df63e1be595,0.0854863949
ck_fa0b234481cb57d3,0.0325558735
ck_63379e3c9fe6f711,0.0178676962
ck_c67f7944896a0310,0.0441273869
ck_c10e54c9db29e6ef,0.9981591159
ck_7184ad7709ae4c80,0.0220232795
ck_f8b6069d7577fde6,0.0029526645
ck_18444be153bac1ca,0.7771118766
ck_d0982b4e0e118e4d,0.0218382664
ck_6faf3e6820398866,0.0147161449
ck_97e980463aca4644,0.0019036816
ck_630c835243c66b19,0.9931448220
ck_fe429ba3e1aa0e4f,0.0100975995
ck_1058129ed7b48c59,0.0180168986
ck_04a1a46f07885296,0.0336990946
ck_f01e94331067edf6,0.0072301006
ck_77b2fb17c29f5e72,0.0230809663
ck_4f0c5857da45fb28,0.0482742493
ck_2cfb9a7775e8a5bc,0.9829615752
ck_6846100e43659bf3,0.0025680913
ck_f89719a854fe11d7,0.0279424558
ck_bf47375e41ca3bc0,0.0009759694
ck_2770b0400a7bef08,0.0499132736
ck_2a09d142de1c77ff,0.0102105813
ck_857a1f5547b9ad68,0.0216945671
ck_185f15b1523bbcf4,0.0015937535
ck_ab2aed614ec1cdf8,0.0124139968
ck_a9e7f3b2d5dfd97b,0.0213675066
ck_0eeb3d9b3e697edb,0.0171220350
ck_fa5830d81bc8ddc1,0.0019185717
ck_231ae0329ebc3220,0.0094774581
ck_1587763dd54688c9,0.0052445286
ck_9f85fea4490c00cf,0.0174973945
ck_a2d709e7eb91e4af,0.0447537064
ck_43637d28c7216453,0.0051562962
ck_f3ab5dd853d38252,0.0429171788
ck_4a1f0172d3bf4fd3,0.0063921535
ck_517620ca16505af0,0.0110184373
ck_9ae904fbef56065c,0.0021042360
ck_d5ef1f6e34bb35b8,0.0471456167
ck_ff42557857ae3aeb,0.0009090473
ck_ad9a18f58589faa7,0.0051479207
ck_df1a6edaa3e6b271,0.0060150523
ck_99021fe7225b5a68,0.0660683517
ck_99e52c3c2530b69e,0.9866307853
ck_3a4811dc4a1a891d,0.0024422852
ck_ba3a6be026c87079,0.0103804436
ck_da6d1e5cf6aba6fd,0.0217003957
ck_ddc7c1f3d45fe6e6,0.0137424602
ck_e1b1e7a7e4a15b3e,0.0077363930
ck_8288f7f226e08b89,0.0075202603
ck_c4524993ec31dbe5,0.0019848858
ck_8b19bb5b23b6741c,0.0130184896
ck_d21b38231a8a9f4a,0.0740622138
ck_3f730318a9792292,0.0178029112
ck_a4db6e94a8f77f9d,0.0394633027
ck_a8cac8d480306839,0.0010793934
ck_5472214011fbc2a7,0.0013046746
ck_7356f47dbbbe7904,0.0069332517
ck_16801e628e883d78,0.0065598720
ck_0dc1e536231c4860,0.0070451085
ck_7cd0634a6e60af83,0.0026254203
ck_ef6f8e048ae1bd4b,0.0030825715
ck_82f3f744209888ac,0.0421734253
ck_f33188c232a03526,0.1592972243
ck_4a59f4e10bf45d7f,0.0009487169
ck_d96c893721385e4e,0.0017947578
ck_f65ab819373edb37,0.0155790751
ck_21cac21fc10b7768,0.0092827353
ck_139b54e6ccbdd7da,0.0318013964
ck_d6f5c8741697abb3,0.0206572272
ck_a28d9bb5590d458f,0.1140220111
ck_ed26d906883bea0a,0.0022666372
ck_227602ad072b838b,0.0010135442
ck_39d5f6c17c745ab1,0.0008750840
ck_744eade757ba69b5,0.0340878130
ck_c1295d97cdf35ec2,0.0027382714
ck_69105f881da3c821,0.0059634316
ck_933789b55361d7c1,0.7958405891
ck_b667952253503174,0.0085149482
ck_7bf668e25abeeb05,0.0146389340
ck_91742711dfdffd56,0.0339523715
ck_af32a0660090dd68,0.0410054432
ck_2122f201e65f76ee,0.0047701632
ck_f48acb73a5d6af07,0.0779333327
ck_337c5684510cf432,0.0364168930
ck_f7bde7265053364d,0.0165718390
ck_c190c7b924edba75,0.0666723387
ck_044fa3b3a003f0b5,0.0361810526
ck_87eb43e3b9d96169,0.0483640260
ck_2d3d6c9364362017,0.0015017565
ck_ac55dc6cbcdf8228,0.0064559822
ck_61d7b0568ec5d6cf,0.0248937225
ck_89c74feeaffa7d09,0.0024126202
ck_93776b0c113f41f0,0.0900526062
ck_15e0b679931f7a8d,0.0071023472
ck_77b56c49cfdb1d81,0.0529267240
ck_73188a826b5f499f,0.0072609537
ck_4f463ef25325ddfa,0.3856601510
ck_863db2e394dc47d1,0.9939994643
ck_d52432ed597f3cc9,0.0036606847
ck_04fb61e5739642f8,0.1053841093
ck_2e481d75d110c06d,0.0960464669
ck_3fa1a523d77cd619,0.0130591001
ck_466dc6274fecd708,0.0142946325
ck_e1790b3aa2241b10,0.8966266329
ck_84ad096a46e1a960,0.0417421228
ck_3be72c9c178fa00d,0.0091879543
ck_5a17c89219d1d9fe,0.0239480492
ck_4f639f4ee6ce8d9e,0.0622675478
ck_f4ec4a935e51b4db,0.0185089174
ck_f04040a830f92bac,0.0063636282
ck_3e4d02a04be2aaf8,0.0282969687
ck_4d1baef193cfb900,0.0249990159
ck_0fb3153d37626b75,0.0014950898
ck_88ec57a11b11f702,0.9608994280
ck_dca9dc465f759db4,0.0025516292
ck_64f5fba6af67e024,0.0074628843
ck_896096cb167254ef,0.0255850500
ck_7878679065876b98,0.0252474719
ck_fe8e5a6c880ceb4e,0.0051287453
ck_a5e036327d3d1862,0.0015869200
ck_310f73940fc4cf4f,0.0222115264
ck_46a8db16ad00b749,0.1289969113
ck_0d33977c3de8cfaf,0.9956375330
ck_c6fff412f531db0f,0.0007998016
ck_bac6dadf428eaea9,0.0383700174
ck_1b96d9af0d7da2d5,0.0098306261
ck_fa8a4a9e77799fcc,0.0010052142
ck_0bf48607a874b4d1,0.0046260953
ck_eeb75f8a6439f65e,0.0216316643
ck_a209a5f7d172125e,0.0085671345
ck_8f346b72fb40bf14,0.0084831140
ck_bccbf9fef367f00f,0.0251524799
ck_2d1548f1ee405cc9,0.0137156645
ck_e8298ff2dc1e9d50,0.0016330408
ck_77c0fb524edb4a94,0.0036065209
ck_28ac4c5134cb8e77,0.0277442165
ck_db23a0e3e54be60c,0.6013544495
ck_a059d00cee5cee99,0.0023726767
ck_3e9e3bba8bd363af,0.0035226541
ck_0428728df24cdab4,0.0069564640
ck_88cd35378075c84f,0.0008779252
ck_0174d76398d9dc0f,0.0163770606
ck_3f1287e6c27de0dc,0.0182161814
ck_ff822700f3605e06,0.9980500288
ck_4563227b2038ae07,0.2039034305
ck_788e78065526ee19,0.0495401370
ck_8a16eb584093b12f,0.0010098979
ck_cc276f71ab6c08fd,0.0391529729
ck_d61d97b21002f3e9,0.0876699164
ck_4b2e87d86a5e415c,0.0375585496
ck_3e6f35e4500d2f2a,0.0021323115
ck_3acdb083e0d8ad61,0.0012957094
ck_cd655202db489010,0.0014370298
ck_829cbf5ccda481ae,0.0114053620
ck_f5882e6f98b8b4cd,0.0006983240
ck_767947540b234add,0.0160491690
ck_a6e8e8f535b1f1d1,0.0465375103
ck_58412a2674fea506,0.0549258027
ck_fae7e518a585fa61,0.0187649151
ck_9c60ae6958d68dbd,0.1404097207
ck_328696b8f5e54ec6,0.0703540612
ck_7df3f8f4f1068d62,0.0043745684
ck_cfadd21458230ef7,0.0078638826
ck_7048bedd554c703b,0.0035631001
ck_50422466f145bfd7,0.0024906485
ck_61e1f7168cd9ff25,0.0760746548
ck_733aff0f56f5b3c9,0.0706693254
ck_e14892e424180549,0.0015507612
ck_03f6664a96de7d0f,0.0134734247
ck_b7f4baa2cc82fe61,0.0111499032
ck_1e51199a075ca0fa,0.0024369266
ck_0e70516fa07cfb17,0.9606526564
ck_0f37c554a5057801,0.9518970156
ck_5576b725de38d106,0.0086502845
ck_82f360df1e9f4eb8,0.0453191727
ck_395f3bd4aacd7ca6,0.0101877431
ck_5e8e857b63966609,0.4045187415
ck_93470896f0804b6b,0.9445973070
ck_3be854e42e76569a,0.0035123032
ck_0567302c57a2417e,0.1807633556
ck_ee535461b5f05539,0.4227605647
ck_94a096c36162a153,0.0111635593
ck_dfc8f5c141fd7c63,0.0102757533
ck_98b34f2d704c1c2a,0.0113027330
ck_96dff7a09d45f116,0.0969274439
ck_79557434c129ba52,0.0027540375
ck_4596624a7c01d501,0.0091376949
ck_04e89fbd739243fa,0.0014836923
ck_6149ffaf18872dc8,0.0014426570
ck_cd78f0832a09bd8f,0.9181470903
ck_7e29c10d781c3b41,0.0084236062
ck_1f7ee7b23fc6f2f4,0.0066064280
ck_c49b685d2b3ab89a,0.0063565947
ck_84569a8fc50e73ac,0.0143840313
ck_b92b11d205af91eb,0.0010550104
ck_06280e6d6d2485b0,0.0094119327
ck_3c08546dd0c92863,0.0218373092
ck_99d3983f907828bf,0.0035540479
ck_eccfd552aa652d3c,0.0110490884
ck_0cff8153881875ba,0.0243102027
ck_c1aebbeca6ab5ff9,0.0081252761
ck_538fdbbb3c2bcbbb,0.0703080190
ck_8c0210322733c718,0.0031471707
ck_0b0c93039f987abc,0.0202699142
ck_6d07d6d1bd227d37,0.1098678111
ck_9b6ee35e8cd0b11c,0.0015490183
ck_d838491d3d4f5ecf,0.0035001413
ck_0593ae243a9ebee9,0.0098030849
ck_ef261fc09be8eb0b,0.0014610955
ck_d0935b571a4a3868,0.0245710507
ck_97d04a67a104af39,0.0648373592
ck_e25f70d0b7229420,0.0285065621
ck_9b71274ff83de482,0.9559899530
ck_6de2aa2bb60978d3,0.0322857183
ck_eda55c8fb47593d7,0.0051343207
ck_924e572517515f19,0.1770103727
ck_d6f27eacbad310f4,0.0081729429
ck_8550f229b5eb03ab,0.0024651935
ck_e3e95546a84d0ed8,0.0286050709
ck_3135c019696ee6af,0.9899549020
ck_41ba315d8fccb559,0.0044426114
ck_72b86e4485da2d0f,0.9898907005
ck_daaa995f3c2f0e47,0.0468494351
ck_053746067839696b,0.0152022318
ck_a15fe7d0f4b65c33,0.5633517437
ck_15de11438732bb05,0.0049004285
ck_2c4d25acbe3fabd9,0.0264254889
ck_7f08078908599bd2,0.0755881511
ck_e794741742fb2619,0.0110674005
ck_238e53b6dee8c301,0.0014210529
ck_53a6a33060d5c8b8,0.0042134223
ck_0e0919292ad33472,0.7481353990
ck_d86ccf148c06c8c8,0.0208546844
ck_c881f26c9bf9ae42,0.3930762730
ck_4b0947bf94e9d847,0.0140124909
ck_e10ff5c38bd18470,0.0057482391
ck_b60de9e97aad9e45,0.8274213377
ck_190bc849e5ff5401,0.0433737009
ck_e7be077aa0b2632c,0.0204413738
ck_a51abde881ebeff3,0.0235462389
ck_2208392a9f6bd249,0.0162327351
ck_0259da8f109017e9,0.0013595242
ck_05e01ab9c95449da,0.0108600461
ck_c82897ebffb6ae66,0.0048006153
ck_b4a6bb4689cd7cfa,0.0272539379
ck_9e21ea33018ce538,0.0168081731
ck_caa348f0e65db062,0.9945099567
ck_a964e6b5d8415334,0.4668820490
ck_510bfbbee37ff436,0.0078663568
ck_9741a82faf5c7889,0.0121243049
ck_e7f61b4a39ba98ac,0.0010847000
ck_069d158665a53909,0.0282756987
ck_6426427efe3228af,0.0208799842
ck_ab4a8d02ec3c0fd7,0.0004237762
ck_aefa0d8d933e0eca,0.0416153289
ck_232325ef6bce92f1,0.0105086780
ck_14e58c3fb26a2b4d,0.0208979476
ck_06e73afdec26aecc,0.1778404093
ck_3168f4f2778d64e1,0.0139915824
ck_ff3998d6858daa21,0.0003407864
ck_bccff46fb0868454,0.2080512414
ck_c7d444d90fa86d7c,0.6215122376
ck_f0bc3bdee6bfbb94,0.0188836115
ck_f7112818a6d81422,0.0394818805
ck_aca35dbcb835ad02,0.0394276841
ck_f637fabf0f60528f,0.0155616073
ck_53d17ab97de1ac3e,0.0020631967
ck_c8c1bf16d9113493,0.0270808238
ck_e842fb0cf055a83b,0.0578942656
ck_93c0cb3dac4891fe,0.0138736902
ck_0c1f088e17e46daf,0.0226953234
ck_8f4b384955bf57c9,0.0054491841
ck_09cd5c4df1e81ac2,0.0927633695
ck_1e832a5b2342554f,0.0447016011
ck_2cb763a881aee27f,0.0036092126
ck_5875828b11406398,0.0146408711
ck_48e84b0cb0b90fa7,0.0387263172
ck_833688de8629c5c0,0.0008457538
ck_117d78ccd5820f36,0.0098951174
ck_668ec61c4c39cae3,0.0019041546
ck_73a7794b659d7a34,0.0023559450
ck_10f90d879209734f,0.0133418761
ck_d1d079913aa158bf,0.0013133491
ck_01c631b38e8a9535,0.0064856807
ck_f6923088c17a04e2,0.0698183322
ck_b447badc9138987d,0.0005473081
ck_8b772caed8f1541c,0.0148314389
ck_5403c76fe68a08ba,0.2834498741
ck_3e6833574edf1736,0.0348118705
ck_e527fbb9450a4581,0.9863345255
ck_cc90e219f1ebf390,0.0006473617
