cookie_id,score
ck_315fb710a0e371e7,0.0020370748
ck_a76ee3b3e3e522fd,0.7560942487
ck_94c9a4d382689e82,0.7414952129
ck_8eaf9509ad9462a0,0.0581924357
ck_9a88a5a989cb5bc6,0.5089291777
ck_15239ef0689c1a35,0.1774971141
ck_8de69cd219d3b87f,0.9251035513
ck_f92cd37022b0ce21,0.4606505059
ck_1a3ff7620580a514,0.1147552115
ck_397c03aa33a57310,0.8447749032
ck_a7cf6c3b322f6b7a,0.6146533578
ck_c39a9e75760e3201,0.7534460515
ck_88ab6d245228c38e,0.0166361105
ck_17733f75ebdea93e,0.6441230393
ck_58eb871e8d7bed52,0.8622258437
ck_e55b7fa67db1ec27,0.3936307462
ck_62f5cfe22c952694,0.8395464114
ck_7fbb709a0fe95759,0.1542744619
ck_87abe9cd066a20fb,0.8011136009
ck_d58e058b5c553dd5,0.2145718748
ck_d27b872648b71202,0.0179941604
ck_4b4a3c5b95c55b43,0.0492972092
ck_66dd4f4b4127256d,0.0526923338
ck_93cc12703b500613,0.7139268011
ck_d28806a2179092eb,0.9944319957
ck_0595c2a0c7881e05,0.4417057106
ck_50087d8666191144,0.7264208596
ck_b08b3f089138c901,0.2752767027
ck_fe3b67041dad2dd1,0.1505398248
ck_8449a28f7d475d93,0.3169688328
ck_8642e3b6d84f49d3,0.2598628370
ck_e49b5e4f2f2e79db,0.9538263054
ck_437afe412ea4259c,0.7753785564
ck_569b83668d74042d,0.8958375772
ck_233a487d31c3e631,0.9930060433
ck_1fca72e03143a645,0.9657092415
ck_79205e31223df2ad,0.4988796089
ck_9625a64406ea16e3,0.5564609221
ck_079bd18dacb704a8,0.8666395057
ck_4db6d4fd2b49aa81,0.3958715285
ck_0dbefdac0a1868fb,0.3012833571
ck_24ff97ad90bdd69a,0.8126570245
ck_77f8c5042065d506,0.2403748218
ck_f11be8ce05382cec,0.7892306648
ck_c9d72140b0389216,0.7731377742
ck_69eda24e931fb36a,0.1071501324
ck_ed471e496916ee15,0.4528417193
ck_ff090498c4b17ac3,0.0962178312
ck_c3c19d6a0720915c,0.2484552183
ck_af02e1817cfa40b5,0.9378692198
ck_2df5a9fc87553eb1,0.0359883208
ck_4ac918e884cff336,0.7051673796
ck_ca149244b54ef3ad,0.0538466762
ck_6babe5b8674ff51f,0.1760032593
ck_1573878386886290,0.1202553134
ck_3925f8565abb7fe4,0.5222380661
ck_c4de808ae69c771f,0.1400828410
ck_a777c813551281fe,0.5639980987
ck_df4424f6dd85080d,0.6310857608
ck_85e5494ec20383ae,0.3164935153
ck_f71a4094e889c3af,0.5888504108
ck_f2f3cf9cd23b2809,0.6945066884
ck_18e2076397bcc211,0.4815644734
ck_c9f9fddef39bc664,0.8126570245
ck_7e826e233d6ea028,0.2278807632
ck_62fd7eb46bee9210,0.3641610647
ck_206f8e3cd72768f3,0.7106674815
ck_aa295a11b0a6ab36,0.2373871121
ck_9a56739d81f84a53,0.6535614857
ck_aa075c418ed9fe5a,0.7934406193
ck_62b9fb3db284941b,0.7398655531
ck_f4f83b1403ebea46,0.2231275888
ck_16b66bd803288bc3,0.9377334148
ck_c4ca1434f3778f1d,0.9898146262
ck_1b823610371a29c0,0.2361648673
ck_c2bd5a722aa637d9,0.7251986148
ck_7890208951df34f0,0.6175052624
ck_020eb0e454524ecd,0.0095063489
ck_3b66196ccf436c35,0.1723365248
ck_109fc467ec0a4af5,0.8306511849
ck_f3dcd818db92de7b,0.5756094249
ck_31e7742f160980ef,0.3333333333
ck_77fce5f86f00b8f4,0.9203503769
ck_46bc797b4d07d607,0.2982956475
ck_37899b1b571b1c6b,0.3206355673
ck_ef8a6af43fedd464,0.5809058192
ck_bcc8519fe8521038,0.4382426835
ck_90696b7182dd9129,0.1565152441
ck_4a24ad61d017e1ba,0.4290079446
ck_0acc3d8c67218b9d,0.7827120255
ck_05c97fc9de11aba6,0.8462008556
ck_f8ac3a0500c0ec62,0.2209547090
ck_617b65141f546a1c,0.4585455286
ck_9d00823bf60388d7,0.5400964215
ck_123c15d93f1840f2,0.8572010593
ck_573feefba6bf78bb,0.8776397094
ck_b25657bd16739036,0.0816866979
ck_bd26d2bef14a8597,0.0223399199
ck_a553418f2fba1440,0.1673117403
ck_89f3e380b0686963,0.5284171929
ck_b359192aa659bdce,0.2273375433
ck_02241f3dc301bebf,0.5770353772
ck_5ccc1a1c78cb33ee,0.7747674340
ck_349cc5edda1b8853,0.6187275073
ck_e9f228845bf6e28b,0.6412032322
ck_0a45d033d4e280ea,0.6644258844
ck_7e63168dda612235,0.0524886263
ck_676fa5f6aae5475b,0.7586066409
ck_74b502b20690ccfe,0.0926869016
ck_073509af21dd7f5f,0.9426223942
ck_498a0acd450944d8,0.2375229171
ck_7f15b50b29dead01,0.8746519997
ck_8089fe7403c5f537,0.2929313506
ck_05b2b04e11d9ae9c,0.5204726013
ck_31e70f2f04b48b88,0.1019216405
ck_994316fa5a02b319,0.1076933523
ck_b76510998b9a2260,0.4269708698
ck_4db95c310e105d30,0.2294425205
ck_6f730b77dc6cdb84,0.8765532695
ck_2493ee8e7b91d304,0.6963400557
ck_92d679d6ac7dcdcb,0.8313302098
ck_3a0e0200cbb185cb,0.9255109663
ck_0b2eeb4e00ff7955,0.6636789570
ck_9843d0e61c37ebe8,0.9991851701
ck_e61c8721e3ef1921,0.1673796428
ck_2e0eedaaf2980c2c,0.5370408094
ck_9036b2e5e9298a34,0.7014327426
ck_3265442528d51728,0.8252189855
ck_f2ddae2eb1cb29b4,0.7592177633
ck_6cfa71d27fc27f92,0.3999456780
ck_f3199fbe84a28b9a,0.7403408705
ck_b78d785ca3ef773a,0.3162219053
ck_374865697f1480eb,0.4310450194
ck_06d0e4a9189302a9,0.6113940382
ck_9c9884b9bcaa552e,0.9306036532
ck_fd4cf578e87703ff,0.5429483262
ck_1917ef3e6e345549,0.8722754125
ck_e70418b00cbbbac9,0.7031982074
ck_a60388296a47062c,0.5638622937
ck_d598fe8d2c779ab9,0.3515312012
ck_646dc03de4c31803,0.9477150811
ck_e4fd8cbd842b6993,0.3238269845
ck_2225b555aa2a42ed,0.5910911930
ck_6be8ae9d78148882,0.1312555171
ck_4199342d3aca74e8,0.8151015142
ck_779581adb573261f,0.7457730699
ck_bb303568b6915205,0.4474774224
ck_17c4296276448afe,0.5432878387
ck_a60a61ac829252a0,0.1181503361
ck_6ea70950c1cae00b,0.9716167583
ck_1abb93f6924645e1,0.6125483805
ck_faab769cce19879a,0.6809261900
ck_d5b8e74e7ca6355a,0.6534256807
ck_f11f7691af16ad07,0.2726964080
ck_188fdf2be7c92e9d,0.9976913153
ck_4a103f8254b366f7,0.8429415360
ck_bfa17a0b1760e616,0.1425273308
ck_a4d7f6a5869d440a,0.9633326543
ck_58e20f5a3e7f11b8,0.9660487540
ck_4becdd3d2696c7ba,0.2189855368
ck_dad5cf32ab9f243f,0.7579955184
ck_7d9f73dc7c4f90c3,0.9040537788
ck_c19371047a2d011d,0.4529775243
ck_247589ff532f7aa8,0.0469885245
ck_7a9f241d5f082567,0.3417532423
ck_0a2b7078736b4dda,0.0106606912
ck_687b412e2aac7eb6,0.3279011340
ck_fce0b6855886a0b8,0.2479799009
ck_e291cc60920456d0,0.6625925171
ck_04219a7ea798db51,0.7733414816
ck_286bfd719836e9f3,0.9344061927
ck_55efc92394fee232,0.2919807157
ck_e36c8da1bd359960,0.7557547362
ck_34b0988a97d96902,0.1091193047
ck_e0fb11fc9dcb34e6,0.0723161540
ck_bcc9cbc9ed8b7c31,0.3073266789
ck_3df8da6f60a89a5b,0.3091600462
ck_b1495ee5c59a6b28,0.4840089631
ck_58f4c3ac61fda129,0.7625449854
ck_735f244b99e3aa8d,0.1935900048
ck_6b93bd8abf87b1d6,0.9788823250
ck_12107dacc6d05bd1,0.2809126095
ck_f96db2a1f3448d1f,0.4489712772
ck_8fd91a3c99e19097,0.2333129626
ck_910205d25388a0ae,0.3140490256
ck_d229dfa0e4442628,0.5462755483
ck_7cdec61e1c488798,0.1717933048
ck_f66f06e24ff32671,0.6856793644
ck_350bf14e90b503f5,0.2443131663
ck_61fff5fdaadd394b,0.1178787261
ck_e934f984bad2ff91,0.9407211245
ck_ff6a6d3547dd2d37,0.2518503429
ck_65ad9b15979e3247,0.3180552726
ck_bbe1a2ea5a403ad8,0.8645345284
ck_6f3a28eecd2c4031,0.2483873158
ck_a89b66665714058f,0.2142323623
ck_918c92182b6817cd,0.5678006383
ck_64f5eb4be9e7b8fa,0.8220275684
ck_d021fd497ea35fb2,0.6349562029
ck_004de16f7d8a42ae,0.3891491818
ck_a33d2325f86ab12d,0.7966320364
ck_89790ff26c844bc6,0.8402933388
ck_e6e7257377c37b28,0.8685407754
ck_a2cc3910a641a808,0.9436409316
ck_646e270e0195bf05,0.0761186936
ck_baba5d66def0d770,0.7595572758
ck_67cdcdda3033842d,0.2051334284
ck_b5c3075c811a2216,0.7095131391
ck_515379973a8044b8,0.6266720989
ck_c0ce85fb4109567d,0.4292116521
ck_fef850553862aaca,0.4758606641
ck_55d7217b0aff9fa2,0.5129354247
ck_8e139f8925ef7968,0.1719291098
ck_9e35b908fca1e4d7,0.5275344605
ck_59735f4ab2ad3da5,0.4700210498
ck_dc569c1167ccec0d,0.9573572350
ck_1dade5592f90a15c,0.6584504651
ck_793048d11fb8b328,0.8946832349
ck_545b71eb4fa594b5,0.5695661031
ck_bd30853e9a57b544,0.6118014531
ck_59f46321ecf6d306,0.3373395804
ck_260cfe9141d249f1,0.9002512392
ck_3365a0ad1a8aa83c,0.0700074693
ck_b0ef193195a2138b,0.0309635364
ck_0f909705e2e60f2f,0.4723976370
ck_5a540b75c866166a,0.4339648265
ck_87c26b2f41025109,0.9819379371
ck_27acc9f320cda104,0.9214368167
ck_a27bc31eecd9cb9a,0.3249134243
ck_115d86fabde77b65,0.2216337340
ck_eeca179341d56f8a,0.9630610443
ck_8e5999c436cf037e,0.2329734501
ck_510e7c5df1f95d90,0.9976234128
ck_f1acf73363925958,0.3959394310
ck_3c177f5970b68bd3,0.4204522306
ck_9cdfaa1c30cc9d32,0.1188293610
ck_c8efa1538b37c359,0.8151694167
ck_a8a2e296f9804bd7,0.3344876757
ck_91a0ca45f429568d,0.4988117064
ck_5fdf8a0bdbd3ed62,0.4738914918
ck_0f4e2ec66d50da5f,0.3054933116
ck_28c53b214b2ee882,0.9014055816
ck_003148504557f720,0.8831398112
ck_01d840cffb870615,0.8770285869
ck_555848d51f4b5f35,0.4771508114
ck_df20cc23b8fb8e22,0.2011950839
ck_f9604adde929beff,0.7387112107
ck_d66952b03591bdec,0.8272560603
ck_ddcac1ab765ff61a,0.5999864195
ck_347386629d96c664,0.5946221226
ck_ab01db9117acfe3d,0.2175595844
ck_58e5359efc52e0ad,0.6330549331
ck_1a524b5cc8da71b3,0.8256943030
ck_e9287b6d909d731f,0.0733346914
ck_bb41a66e3d90263b,0.9206219868
ck_e95c8cc1864bd584,0.3238269845
ck_7a3f2961e9a8b6dc,0.7429211652
ck_378a9df82b1e0bee,0.9312147756
ck_42633573639a3f02,0.9877096489
ck_2a5a4c18c2c7274b,0.2074421131
ck_77549c1a41f837c3,0.2583010796
ck_a26704b5b26258b7,0.5181639166
ck_9874ad160efddf50,0.0966252461
ck_9111e3a04b14dfba,0.4442860053
ck_651e076ee43aea85,0.4496503022
ck_391639c0f13932f3,0.3264072791
ck_02dbabda93c8c13d,0.6110884769
ck_0adcb1fffcb0a34b,0.5116452774
ck_7a43ef9c7b1c67b5,0.6209682895
ck_4b9dd69946438d0b,0.3583214504
ck_90bf017cdd37b66e,0.7118897264
ck_61c74163eb36556e,0.3489509065
ck_13376c59b5bd6943,0.1963061044
ck_62337eccb1672737,0.8278671827
ck_16077934338472bf,0.3110613160
ck_0d4dfd93086e7330,0.8479663204
ck_3865b7525b910893,0.5674611258
ck_7e2ae8b69ebd5675,0.1156379439
ck_b4384b6c11766ce7,0.8085828750
ck_3d7fa32dfb9fc692,0.8051198479
ck_f4a6a7cadd6e0603,0.7892306648
ck_212525e2828a6c45,0.8976709445
ck_33ad8d53394ba77a,0.9579004549
ck_a5051eafe8b51224,0.7575881035
ck_f65e5ff7da565f91,0.5958443675
ck_5c37f7563fa7591d,0.4356623888
ck_f1e0a006068aff29,0.3649079921
ck_c646cdead6fb79d0,0.0687173219
ck_f8b3cdffef535330,0.8561146194
ck_e5cdbe3aa12c97f6,0.4288721396
ck_986e4e61440506d0,0.8522441774
ck_6da9c5912e15d9a8,0.5430162287
ck_51d842e6dae74c71,0.1711821824
ck_5fc65c24e0736d5d,0.9625178244
ck_babb95a76c69509d,0.6880559517
ck_86a2d852a9715432,0.5043797107
ck_db4083a0d043def8,0.8874176682
ck_96953b8945b7d403,0.4209954505
ck_7831ca5c31fb3859,0.7177972432
ck_60ac5e5f375daa38,0.5087254702
ck_05d44eb1f5f085ce,0.4942622394
ck_432cc19c7eeaa46e,0.6670740816
ck_7fc513033af061af,0.6724383785
ck_ada6ede84c111719,0.4734840769
ck_6343e0d3b1c2962b,0.3718340463
ck_010264ae04f2e902,0.6693148639
ck_e9dcf535f8c289eb,0.8500712976
ck_37143d9cc296e6fa,0.3433149997
ck_61fa051192f3e810,0.2226522713
ck_f9f93d1d41be1468,0.9486657160
ck_c4f4f28457be8a74,0.1611326136
ck_323a71f9452d21cb,0.9527398656
ck_170f4688e0acd875,0.8341821145
ck_869b1878d09d230d,0.8511577375
ck_2f6b33bf46976229,0.1392680111
ck_b11e22e75d9b99de,0.5995111021
ck_123d75ffb75b606d,0.8677259455
ck_94295287a04c85d2,0.8714605826
ck_1b0434f096795328,0.4040198275
ck_0a4e191cd0a57ce1,0.4127792490
ck_d2fbd0df99634676,0.1425273308
ck_d51df5e9fbbbcc94,0.9507706933
ck_2d3d7d64a6f443f8,0.1885652203
ck_731943c682c9394e,0.9148502750
ck_5ccc0c94e5e1f849,0.3947171861
ck_c3476080516db25d,0.4899843824
ck_5010ffb1c94187b5,0.0554084335
ck_7ef666d67bc70223,0.6181163849
ck_c1b493527224a27a,0.2843756366
ck_5d1e25d7acc5af9a,0.0890201670
ck_ec30b61cbf517db8,0.2214979290
ck_79323eb5d2e5efae,0.0109323012
ck_4085cd3bf2661518,0.3489509065
ck_2ca91214c357c072,0.8296326475
ck_7f3132d6be389657,0.8284104027
ck_e7a6b925c8f39a85,0.6938276635
ck_c886adec7bac250a,0.3547226183
ck_c3f360c2d0ea0a37,0.2722210905
ck_a7acd5b015823793,0.5893257283
ck_9d64187c0800f84e,0.3956678210
ck_5d4ed73b9efd7d11,0.2359611598
ck_874eca6776b34dec,0.7185441706
ck_96a9221a87be93c3,0.4994907313
ck_68dd79a51eabf5e6,0.8892510355
ck_8311cb6755b2016c,0.0838595776
ck_16fc77b2bcf5ec03,0.9711414409
ck_ad9e2088a33c8c72,0.0141237183
ck_7176bbc97b1e42a1,0.5202009914
ck_80dfa54b30f65fff,0.9557954777
ck_31c54d540b128843,0.7821009031
ck_43ea894480567274,0.7352481836
ck_9c9e8a38bd5a6c88,0.3503768588
ck_1c2dcae19539e148,0.7909961296
ck_b0fa8b84e94d8ae0,0.2165410471
ck_4ceb43ccd0a81c2f,0.0604332179
ck_ba845332b730b596,0.2904189584
ck_73d3e8c6077f61e6,0.8426699260
ck_b5d0d223ef56473f,0.6390982549
ck_949f08f8e80e93ea,0.1947443471
ck_73de0b49709e5f8c,0.3997419705
ck_b5935e9722a39819,0.7788415835
ck_96247fee0eb44420,0.2720852855
ck_a6def1e4b2d57e0d,0.6703334012
ck_aecdc5a96321a2d8,0.2459428261
ck_bc61c59970f8de49,0.6760372106
ck_c43b4175fc9ac5bd,0.9644190942
ck_8ff7a9b23a55fd62,0.0767977185
ck_20c99b645f462449,0.0554763360
ck_a5ce2ae36fb410d9,0.2274733483
ck_96fb9bf556842bbc,0.4529775243
ck_b5e4c6dbbed1b773,0.6619813947
ck_2085433978e72ea9,0.8541454471
ck_2c6b174b063ec637,0.3539756909
ck_b20b81b88dabe28d,0.6682284240
ck_243c18dbf150831c,0.4712432946
ck_2bb6a17e8eee35cc,0.4749779317
ck_66147fb994495396,0.8226386908
ck_73f124f075ede0fc,0.3955320160
ck_2e315f1b1e533dab,0.6997351803
ck_16c7bf94ed3e7a6f,0.0120187411
ck_4a0eae220a762ac5,0.3436545121
ck_dc16f939c2f44ad8,0.7772119237
ck_817926b449754917,0.4242547702
ck_0c0dde42ab64ef87,0.3116045359
ck_cb3a40594da6a2ee,0.5381272493
ck_d0dc156441fcfdcb,0.5887825083
ck_66f0945add423e9e,0.8084470700
ck_a74f6a3030f5d495,0.6301351260
ck_1ae460f331e49ae2,0.4696136348
ck_2d177b2f4f0b40c9,0.8847694710
ck_92e474e4368c4791,0.6111903307
ck_3dee83fa2d109484,0.3829021525
ck_80e5ea27848069fe,0.1210701433
ck_ed0c4a83701ca230,0.4973857541
ck_0b8b7c5c581fd161,0.0416921301
ck_60bf8a2870956fb1,0.1730155497
ck_73a54b56a2bf35fe,0.9516534257
ck_2296d7a563424883,0.1601819787
ck_bc19c383560c7477,0.7242479799
ck_861d8e3d88f1079e,0.7636314253
ck_3f090fc96c24eb28,0.5875602635
ck_9a6a1f8102febfca,0.6875806342
ck_541b6ad5d2fa5a39,0.6727099885
ck_a760d38d1bc4de97,0.3290554763
ck_7dca4d7ee10b4eeb,0.1757995518
ck_15220e78d1545e40,0.4391254159
ck_ca24bb0de508efb0,0.6521355334
ck_56b389627d8f02c5,0.9982345352
ck_48a6754977a44db0,0.4862497454
ck_333a43ec339a04cb,0.7863108576
ck_f22aacaf86a65d7e,0.4802743261
ck_04bd8a1ffaf3ffd8,0.4842805731
ck_2737a72de6b700f3,0.6843892171
ck_c35e03b0dd0c3454,0.5892578258
ck_e0571312f395cd94,0.4060569023
ck_09fab6b9825001b2,0.4929041896
ck_18c3a095606209e8,0.4425205405
ck_2a97db9377d01e36,0.1191688735
ck_f29dbbfdd2786bd1,0.2671963061
ck_35d6c510ad29362e,0.9316221905
ck_5468fa99c945d785,0.4726013445
ck_6f8102f62c876cc9,0.8088544850
ck_91955aab3424ad16,0.7325320839
ck_9a43c0c73a39d759,0.7431248727
ck_60b023af6d1e30bf,0.9335913628
ck_9704c5cf8659cedc,0.3347592857
ck_7e5f02b51b9f78bf,0.8233856183
ck_7d3a88d1aa649708,0.9822095471
ck_8250eddc1ecb07a0,0.8080396551
ck_d979ef95ee44023d,0.6082705235
ck_5e5461dac83531ac,0.6936239560
ck_d1bb8890081e0a31,0.8497996876
ck_32246c62640648d9,0.0659333198
ck_77a40c7d2f862a32,0.7564337611
ck_1c8b94efe9238f5b,0.2961227677
ck_eaf3b6d11bc3cb11,0.3527534461
ck_a4a7ef3ad799c380,0.9272085286
ck_d5bd8f68da073cd8,0.7850207103
ck_6e6258227fc8db7f,0.1834046309
ck_c35d444e05799db6,0.5122563998
ck_74665e1209140ae8,0.3702722890
ck_353a272478f7e903,0.7616622530
ck_a2c9796ea229a4e2,0.4423168330
ck_e0171f91cb3411fe,0.4912745298
ck_703499f5410280f7,0.3897603042
ck_ae3a763997f8f385,0.5225775786
ck_f7ff94c3df5ac874,0.5246825558
ck_f3c16d8f747db046,0.5787329395
ck_7ef019ed77276496,0.6122767706
ck_d6a4faadab58a3de,0.5252257758
ck_ba7b78d31d74c794,0.7206491478
ck_36287d063350ce9d,0.5145650845
ck_5177fc7137ff26ce,0.1119033069
ck_dfd4e79aaa967b63,0.1256875127
ck_fb44d15fb93a7157,0.1478916276
ck_fca478361870a4ca,0.8572689618
ck_e57b94fe57341058,0.4186188633
ck_5448c946cc4758fe,0.2919128132
ck_c5ece5ffb8800ad4,0.2159978271
ck_11cb98211b2ed134,0.9605486521
ck_f655399ac75c4450,0.4403476608
ck_c817259019588d30,0.5938751952
ck_8740a14d8096c6e1,0.1867997556
ck_0c5ba86f4e05b38d,0.2805730970
ck_ccc917533d4b73d4,0.3594078903
ck_9eb80edfa43203de,0.3222652271
ck_d1a1cf4cf61d6801,0.7084946018
ck_b17c239f160e6017,0.5878997759
ck_410c3e13b48e0415,0.2467576560
ck_ab553954435e8854,0.9176342772
ck_bdbb4230c91e1604,0.5487200380
ck_8fd4937eadd64fb6,0.8367624092
ck_e0e90b196bef3c11,0.5382630543
ck_3dc4d464386f0eb2,0.8999117268
ck_51bbbf8f8e8ad005,0.9995925850
ck_c05737ab74cf03c6,0.7522917091
ck_dceabbe04d99afc2,0.3169688328
ck_5b86fd14e85bc9c7,0.9526040606
ck_d4febf0083800424,0.9347457052
ck_77d9f86dcf251739,0.1943369322
ck_b4dcebc543deaafb,0.5993752971
ck_cb856e75c949b0cc,0.0593467780
ck_61b067de8ffc1ca1,0.7871256875
ck_c0e8560ccfd9dd9d,0.1578053915
ck_173e1198c341087b,0.1622869559
ck_b4d55bc809000276,0.4439464928
ck_839bf139296b5cea,0.1433421607
ck_78cd402a2a4f2e35,0.4788483737
ck_c2925c50ebacbdba,0.0468527195
ck_5e3bc76eddbdb0a6,0.3432470972
ck_b7793edca26fc512,0.3903714266
ck_d79bdf04d6f31cd5,0.4562368439
ck_4b97d19ed946f503,0.4199769132
ck_37139b41c5370523,0.6354994228
ck_8c346eeefa9ce692,0.4135940789
ck_2ab7eddee2d8c49e,0.0678345895
ck_29da59ea3bffb9d8,0.8905411829
ck_c1d05ef0ec6e4be7,0.1876824879
ck_3882423b449f6291,0.9591226998
ck_5647030283171ed5,0.9373939024
ck_efbdcd9c181e72ca,0.2109051402
ck_192fdad892782daf,0.9184491071
ck_0bf2e13b9f2601ac,0.8354043593
ck_3d6046a533057795,0.4762001765
ck_279a1d3a3836e5cc,0.4169892035
ck_c375e929becde422,0.0983907109
ck_a59e90219939a1f0,0.1214096557
ck_4e9fba1ec54c3ff8,0.4962314117
ck_bcbd8588a13f5eef,0.2832891967
ck_5f9a7ff990341bdd,0.0967610511
ck_e0403d507519b7d2,0.5589054118
ck_c9490cb61aff5112,0.5370408094
ck_41dd44308e6a665a,0.8985536769
ck_76c23726cd7ca947,0.2082569430
ck_9be551300209fa83,0.2287634956
ck_a98848eec6c9581e,0.5936714877
ck_61176dafb33b2d8a,0.9716846608
ck_92de019e05971ce3,0.5131391322
ck_5d644224135d7c65,0.3487471990
ck_c767fc454fa215d0,0.5406396415
ck_5df85a8924e11f27,0.2422081890
ck_da2729307af06ed5,0.6268758063
ck_7c6b577174af7a78,0.2849867590
ck_893b8afbe11301e1,0.1180145311
ck_e06f6fed020ae014,0.1232430230
ck_386680372fb54857,0.7949344741
ck_7a7f3c4fe0c9d2ca,0.8081754600
ck_f908b527c4db422d,0.8013852108
ck_ec2eee6a133e9a6f,0.8102804373
ck_d98934f9fe0b02b3,0.4677123650
ck_398a1ed77b0130e5,0.0624023902
ck_d960af7a55b892b1,0.1663611055
ck_4637e54a9f79e2e7,0.5908195831
ck_02b9f418524f6650,0.4122360291
ck_d4b23804cebb045d,0.3980444082
ck_35b1939c48182a9a,0.1747810145
ck_2dcbb71e39d64305,0.2422760915
ck_47a884dec960ff2d,0.8752631222
ck_71fd8c346fde5cca,0.8875534732
ck_98e1992ac8e7d2de,0.8290215251
ck_ae7780327e210522,0.3063081415
ck_e6c584b4b1ad6d9d,0.1408976709
ck_344b2e326a6c3dcc,0.7581992259
ck_9aa899a5230b0963,0.7095131391
ck_e48d14d5b70ef5aa,0.1551571943
ck_59d380a0973b3951,0.5239356284
ck_11318f7c041a5ba9,0.2845793441
ck_7061786fe2f22f5a,0.2649555239
ck_e77529651c416cf7,0.5707883479
ck_7f79878197340435,0.1347185442
ck_b0a0fb0ee9ebf106,0.7160317784
ck_70c7679199776a90,0.4326746792
ck_b9facd2210daca5c,0.7395939431
ck_9949f53c155b8dde,0.0781557683
ck_1c607e24f2c4397a,0.7224825151
ck_aefd1ce3ce093cbd,0.0030556121
ck_5a29b7018e43280c,0.6139064304
ck_69eb0b2ccfbe5f95,0.2758878251
ck_fe037765aa465c58,0.6561417804
ck_5e512ef5362a3dd6,0.6001222245
ck_544a9e80b7fdc279,0.6139064304
ck_7825494e654d5695,0.3439261221
ck_f1f2c3c623553f0d,0.0249202146
ck_52730906e5b461eb,0.9821416446
ck_01e0689157fe9617,0.7090378217
ck_9da82e567074da9d,0.4000135805
ck_6a17384072f904c0,0.3154749779
ck_8d84d771a21942a7,0.0605690229
ck_39638880292782a7,0.4569837713
ck_7d51c86e0eec72ac,0.3932233313
ck_45f4c821c70d134f,0.9601412372
ck_0af3c13ba56ce57c,0.2434983364
ck_0789a05e061b2784,0.8878929857
ck_6ba091eb42ffa9fb,0.9337950703
ck_265accb3c5c32620,0.7730698717
ck_179039559ff7566c,0.6911794663
ck_17c0a6a92b5765cf,0.2921844232
ck_59371c9140239fd7,0.3333333333
ck_f9c4f8b4ce2691f0,0.2193929517
ck_a2637e4872cf4811,0.9107761255
ck_1de43fd6c6c22a5f,0.8438921708
ck_6e4f31bd108571f0,0.3236911795
ck_da06d97db0b18851,0.2462144361
ck_e0346d5081e640e8,0.6976302030
ck_c1c7d4e62c9fcded,0.6086100360
ck_2595669e421299f6,0.4369525362
ck_3b6057d51fd4c7d6,0.4192978882
ck_c5f8ab515840a0fe,0.1214775582
ck_435cb24538c6f77c,0.5456644259
ck_d84b5403da4cea7b,0.6858151694
ck_c2b61a98d1c8f6dd,0.9125415903
ck_c9dcd92b2f836b61,0.8513614450
ck_9eb5b3f5f672c2b1,0.1093909146
ck_e4cf189a8d31649a,0.0789366470
ck_6b114f2a48152b96,0.4204522306
ck_3fb95862b70f505c,0.7368099409
ck_7f780f465c29398e,0.2560602974
ck_ee387f9da79e67ea,0.5489916480
ck_fa3b1e85d27af2ee,0.6681605215
ck_e739eaaa7a1822f2,0.6658518368
ck_dfa0ac11fcb1dabd,0.6219868269
ck_6e8751b571ea54d1,0.6196102397
ck_2d695f8358383092,0.5624363414
ck_e7dce27edb700f27,0.0992734433
ck_e322da8b213eab52,0.0802607456
ck_d0b32e039abb8200,0.4620764582
ck_b354003302b272ca,0.3020981870
ck_f7485cba392bc294,0.9038500713
ck_d6a290ff8362c7b9,0.8861954234
ck_c56a44fe315c0389,0.2182386094
ck_f77dfe6512eae322,0.5828749915
ck_35fe969c58b9e70b,0.8728865349
ck_4c518637db2322d5,0.7278468120
ck_cb61902798ecc4fd,0.6477897739
ck_56e6cfa32156a916,0.0783934270
ck_343e6ed2b9d35c01,0.0188768928
ck_51440f64f7250ad7,0.4776261289
ck_295bca29c34cfe2e,0.2775174849
ck_dd30558576b45e7b,0.4210633530
ck_3a30132a57181fe3,0.7384396007
ck_4a733aeb833406f4,0.2709988457
ck_1b0b7c3d35ab1259,0.6517960209
ck_962c3bbf27cd4b80,0.7255381272
ck_9528e1d6b1707870,0.7213281727
ck_b3263e7f31aab45f,0.4854349155
ck_e69195a3c885053d,0.0979832960
ck_a907fa8795cd4baf,0.0390439329
ck_205c3405045bd835,0.0296054865
ck_e81fc223bed3c46a,0.7264887621
ck_363751deae40edfb,0.8569973518
ck_6176baea8cbebbb6,0.1444965030
ck_633e6579f5c74a5c,0.9617708970
ck_ddc11fc481eef58d,0.4332178991
ck_e975002c979e12c7,0.6584504651
ck_8e039b23acaaac00,0.6699938888
ck_1d6990d94a4d2ad6,0.2391525769
ck_e7b583acaa3171a2,0.8284104027
ck_c0133f60d39b2fb5,0.5477015006
ck_7d6bff85e7a694bc,0.2862769064
ck_d305b4d82f63f647,0.4389896109
ck_22bd0fc71f95e048,0.5386704692
ck_9a65fcfc7916f93f,0.0387723229
ck_d61c837b0106085a,0.7796564134
ck_be86a1db08dea456,0.5191824540
ck_90489c405e6886d8,0.5859985061
ck_0add2c321d579d75,0.6892442453
ck_482dea6eed92cbbc,0.3775378556
ck_c24b47184534cc2c,0.9923270184
ck_fa04ac31e596e7d6,0.1959665920
ck_084322dc5a3a86f0,0.1762748693
ck_ccb72a33cc1877b7,0.2201398791
ck_afaf374009d3b248,0.3031167244
ck_b53084ffede19a8e,0.2204114891
ck_4760216154c8cac2,0.8471514905
ck_37ad3a65db673e70,0.6095606709
ck_0c2932cc0d553694,0.1752563319
ck_86b853c52f20fef5,0.1193046785
ck_38703b7546d35a80,0.3627351124
ck_218b7e6e6dbd2da0,0.3163577103
ck_402db4184982fdf5,0.5376519318
ck_f917c82af80e4a79,0.7942554492
ck_3c6417a233c68c73,0.6712161336
ck_98068c397d70dd3a,0.5837577239
ck_b1cbd6679c0f8d95,0.0590751681
ck_9e962f9bb0e7bac2,0.3898961092
ck_b08247c3ad567d92,0.9442520541
ck_3ef7a03ebb81cfe3,0.1623548584
ck_5d7ae0e3562e99bf,0.8309906974
ck_c91a628236baf91b,0.8483058328
ck_7f8e816ca51755e3,0.9633326543
ck_5aadd286d188f5c3,0.2364364772
ck_a037aff5f8128c73,0.0050247844
ck_5df6529ce8290906,0.0980511985
ck_5f3609511443e5a8,0.8172064915
ck_a6f61864fac3c8fb,0.0499762341
ck_2733fc6ba23ae46e,0.4012358254
ck_22bfb9246646eb41,0.9515176207
ck_bfc2a57d8fd1610c,0.8930535751
ck_49839e761d0e74e9,0.2057445508
ck_aa4ba931dd37481d,0.6809261900
ck_2f9fa0d61829f815,0.0301487065
ck_5b82c774df10d49b,0.3072587764
ck_411219470d0a195c,0.4912066273
ck_d07485ba10514a2d,0.9145107625
ck_219bef979ee21bdf,0.1299653697
ck_eb1006e7285184a6,0.6187275073
ck_fd242b18575e3063,0.7981937937
ck_95188150ff059c70,0.6520676309
ck_a9ca2f447b984a6a,0.1333604943
ck_2dd39723c4088b64,0.0949276838
ck_aa2b4c662ff213b6,0.6792965302
ck_1867b1199c864db5,0.6206287771
ck_850ec97a5a0dab9a,0.9084674408
ck_562320295fa35875,0.8489169553
ck_bab5759b07fe2bea,0.0049568819
ck_b9f1465d803e57b2,0.8633801861
ck_8f21f2690c32c691,0.7274393970
ck_df87d6f61a63eb21,0.5252936783
ck_770475876d0e7e6a,0.5326950499
ck_b4c014d5c0cc9eb2,0.1997012290
ck_3add4d23124c9290,0.7092415292
ck_bce5b7fecfb6264d,0.8715284851
ck_604c17cb97dc89be,0.7316493515
ck_e52cbcd9aafd26b2,0.0928227066
ck_0ac9114076f5bf3d,0.1925035649
ck_dcc125b178b79566,0.1266381476
ck_4e333c09f0c37dee,0.9057513411
ck_ff7e31ff8ba731e5,0.0782915733
ck_8d0532d24f1070d1,0.1142798941
ck_3689fa41748a6f6b,0.8816459564
ck_7509eb97c1948b16,0.7259455422
ck_a9161cf1ca22a6bf,0.1390643037
ck_bed3e3db135b782e,0.6817410199
ck_9040edd974ef8e3f,0.9477150811
ck_fac32d76ed40f683,0.4183472533
ck_3d7b1078e2d57c69,0.0047531744
ck_dae09c4e074af5dd,0.9267332111
ck_fd84507228467b40,0.7501867319
ck_e2a2ce9b8cf44c63,0.4269708698
ck_cbe716f351d660d4,0.1332246893
ck_cba4162ef29a6d27,0.4709716847
ck_4f1e962ff8a29732,0.6058939363
ck_39a81899dded61e4,0.1195762884
ck_25382331551d22a5,0.6414069396
ck_6d64e1c07b19856e,0.2968017926
ck_165a868bdef28ad3,0.8249473756
ck_88774ae52e30e877,0.4835336457
ck_fc7a9d0643570053,0.2434983364
ck_c2017120b3b88a46,0.6811978000
ck_d115ac6b9fd62a7e,0.1675154478
ck_439cf7d51ec7de0f,0.1446323080
ck_2468a7e9e68a0927,0.2384735520
ck_7c418947124dee8f,0.8208053236
ck_fb0cf32c4a56f740,0.4698852448
ck_694eb6c43193afd4,0.6911794663
ck_993beb188dd4abb6,0.8866028383
ck_77fa39d3b733c226,0.8378488491
ck_49969a9abc47cb69,0.5184355266
ck_d3f44bbe2f7e9b2d,0.6989203504
ck_fcf5b8216d0c18ef,0.0601616079
ck_daefe1e2d2bc362d,0.2392883819
ck_9c9287cb28950eb6,0.3682352142
ck_c1d1a625b885a975,0.5472940857
ck_71b37fe47490b4ba,0.0189447953
ck_5d16e257c0635f7e,0.9475113737
ck_15918075563eb074,0.4759285666
ck_9a15fdefc47e8d11,0.6831669722
ck_6f04d047d1dde75e,0.0219325049
ck_1af2c0b3b8d202c1,0.0545257011
ck_174be2231c5fd2b6,0.2743939703
ck_bb0713a2a1d65982,0.4136619814
ck_0daec63bd5b0729d,0.3501052489
ck_c0b5cc3e8ad2ff44,0.6579751477
ck_35bee1fc12664644,0.8798804916
ck_a1c7cf63467df4c2,0.0736742038
ck_ecb1e15f0b185ceb,0.6831669722
ck_f280d31f54a4710a,0.5456644259
ck_30f4b2ee8abe1342,0.9411964419
ck_66bed631354de5b7,0.0282474367
ck_c2d3ecd7278eba2c,0.2373871121
ck_e901dec0e09eccbb,0.1565152441
ck_5d038ecb3c8748a3,0.3087526312
ck_283c5bea94b21e80,0.0738100088
ck_7956c251b85f009e,0.9284986759
ck_9f5f81d771146aa1,0.0566306783
ck_9323e6fc1e168eda,0.9227948666
ck_10495d3a635b8d69,0.6215794120
ck_1982d571cd36eb0c,0.2321586202
ck_4f5d7985bcc2eda4,0.3268146941
ck_7df526b2b4410bb4,0.5131391322
ck_dbb498b1a346a402,0.2315474978
ck_ef059997563e3330,0.3098390711
ck_02ec4e06709e6b82,0.4309092144
ck_9782c86ba6485f88,0.1510830447
ck_d69de468b44143ca,0.1696883276
ck_6430a8792f400e0a,0.3274258165
ck_8285bd3c90af94f6,0.3226726421
ck_985c9ca112000e9a,0.6513886060
ck_e679fbf4f4f4aa07,0.7177972432
ck_016e8c8eaf9d511b,0.8068174102
ck_bc996c523944644b,0.4973178516
ck_5b8315726f6204e0,0.3820873226
ck_78181f8e998e442f,0.2954437428
ck_71c68dfd011dbbbe,0.9595301148
ck_db32c95ce2b6f502,0.9786786175
ck_755010362a9b1bc4,0.0652542948
ck_114141d85256c9ff,0.0255992395
ck_9d1a5cf5a3b87e48,0.3598153052
ck_ab640420858ab5c4,0.8622937462
ck_97a8dac48dd62488,0.9041216813
ck_879cc3166fe1bada,0.3524139336
ck_b0ed11080076e381,0.0946900251
ck_7334a9ec656263b2,0.6160114076
ck_6494f0ef13ce44d9,0.0835879677
ck_724e459b9ece38f4,0.3622597949
ck_7fd8b1470401695f,0.9517892307
ck_292f81186358b0fa,0.2274054458
ck_fa7de64d37287615,0.6735248184
ck_d00e09e66ed6458b,0.8699667278
ck_b8d210e741be186e,0.0306240239
ck_3db59982cbae4410,0.7366741359
ck_69887d0a9aaca6df,0.0847423100
ck_4feb21e2fb0b3977,0.0074013716
ck_08c6cc1e143475e3,0.5022747335
ck_fe6e168cdbb46b9a,0.6040605690
ck_07f1734be7fac56a,0.7431927752
ck_d66d59981307db93,0.6892781965
ck_f928dba0d587d7c1,0.1148910165
ck_786448fe3004cbd0,0.0058396143
ck_29ea329fa40ace62,0.3717661438
ck_7ea52b6f27edcb73,0.7365383310
ck_18bc51bbf3ef198e,0.7656685000
ck_44950df09ff14ded,0.3313641611
ck_c1466b52c0a10b93,0.5998506145
ck_6cdac067cc4db5c5,0.7644462552
ck_53f55c6e8cf2d432,0.4091125144
ck_95945f48453ca532,0.7106674815
ck_87cce4126e215153,0.1054525701
ck_1ecd5516c92caa4f,0.0499762341
ck_819b482bca14c068,0.8993006043
ck_a61a879dd46fc9f2,0.1927751748
ck_af70aa32c009c3c9,0.1626264684
ck_f4fe78e249092ab1,0.5600597542
ck_12c46bc52bf45b36,0.6283017587
ck_f05f5e4b40afa52f,0.6521355334
ck_0f8cb09d3f4fc980,0.8235893257
ck_80a64a7f0275a71d,0.4350512664
ck_683af7b1540a0b22,0.4766754940
ck_51fe0b613c076cbe,0.3829021525
ck_da1a2450219dcf19,0.7786378760
ck_2a7eba01ceba6c2c,0.2945610104
ck_4e329e29dfa743ea,0.9370543899
ck_0274d881d6db82c8,0.0708902017
ck_0af5b7d128035b35,0.1755958444
ck_ae0a7be6b0a0ea68,0.6068445712
ck_de5bb7a4d091386d,0.8642629184
ck_2bb7c17168a9d17d,0.8600529639
ck_0ffdff7b2f5fdfe4,0.5309974876
ck_718a8390b3d42d7d,0.2929313506
ck_7c4f12d70f184533,0.1370951314
ck_d3e2c26b8adff099,0.3710192164
ck_ac9d3d9754104cf0,0.3683031167
ck_3b1766a1d51f8f0e,0.9231343790
ck_a9bf75bea912027b,0.5198614789
ck_687eab3ffe1f8cfa,0.7436680926
ck_25dd0b02af5b2f37,0.7607116181
ck_1747fcc466f0ae38,0.2499490731
ck_f6e9d14dfb6f3c28,0.5868812385
ck_c6a7bbd0adc4d5f3,0.7074760644
ck_46656a23f4456d22,0.9410606369
ck_7519260415c2998e,0.5033611734
ck_754f30ea19df857c,0.5259048007
ck_ba88a244d5f7380f,0.4192978882
ck_f268416945316815,0.2003802540
ck_21860dd2159dff28,0.4983363889
ck_7a86ef4e2beaec38,0.1253480003
ck_0414507baeea936a,0.4696815373
ck_60796eb60fc3043e,0.6511848985
ck_1e0841ed17fe0562,0.2619678142
ck_0d641d32658d6e0f,0.6793644327
ck_b36086ae6d87eec1,0.1207985333
ck_962e65ab33b5c311,0.9760304203
ck_b046a42684468e63,0.5532695050
ck_ab3426435b0017d6,0.4269708698
ck_fcfe06e44d09a344,0.6979697155
ck_0f6d916c92189516,0.3031167244
ck_d4c8f0d957c3965d,0.6163509201
ck_2ca83dbd728af019,0.0446119373
ck_2857a4ce9f72fbfa,0.4734840769
ck_a60e6edc48e3d0ac,0.9191960345
ck_0cbd3b27063d4415,0.8476947104
ck_612089ec90c37219,0.4807496435
ck_ec4e597f17f473c6,0.3928838188
ck_1c93cc58f314bf71,0.4499219121
ck_2b359a979520276e,0.5773069872
ck_1496568ddc3b2d56,0.5708562504
ck_41d91dc9f5063566,0.6632036396
ck_4c5ff58afe3d7a67,0.3145243430
ck_81709736281fa3eb,0.2659740612
ck_d89abbab3d4957aa,0.2953758403
ck_52453401f88935da,0.5053982481
ck_a477654d34783e06,0.3831058600
ck_72dd0dbdf808cb00,0.7754464589
ck_c183dff3781746cb,0.9170910572
ck_c8b7f241810b45e5,0.4439464928
ck_f88028c3f306bc70,0.8015889183
ck_91d48d69e4f5d9c2,0.0947239764
ck_b74b9ba6d7c9aab7,0.8443674883
ck_03e904682dc73bba,0.3440619271
ck_fc6fed6ea96a004a,0.2020099138
ck_51efdd240e34c642,0.6175731649
ck_e78ab4ff52b5fd2d,0.1460582603
ck_4af7b97c24d89a45,0.6632036396
ck_295c0072eca7f7a2,0.2244856386
ck_8abd1a50a9227463,0.5432878387
ck_ecaa6f13304e3dc5,0.3518028112
ck_de436e7b319be1fa,0.9961974604
ck_c802cf8f61466027,0.2860052964
ck_3d83e0a3c1cfbf8b,0.3928159163
ck_28d2003c2d16e4b6,0.1586881239
ck_8ddaf745bbb9cd62,0.0181299654
ck_493b6256091014cd,0.5907516806
ck_a2245822cfea997d,0.4817002784
ck_f7305b3c64cf8a03,0.6866299993
ck_9937dad93a0ed3c1,0.8032864806
ck_d654449f9231ad76,0.1649351531
ck_850e2b59bc535490,0.5297073403
ck_e55e5bdfc0242aef,0.5857268962
ck_d35c51e981b98c5c,0.0514700890
ck_27cdf9c5e6f0915b,0.5103551300
ck_d328db1e1052d820,0.3467101243
ck_0ea30eff5f361cba,0.7811502682
ck_9994323f97109f4b,0.9921233109
ck_09054e97bdf9624e,0.0914646568
ck_723b4afc388113c8,0.5604671691
ck_588f6e6a6a6d93e8,0.2693691858
ck_e1d563fab4d6116a,0.7638351327
ck_53aca610e20598bc,0.4057173898
ck_c8131ddc7ed33448,0.1999049365
ck_899f88464305824a,0.7029265974
ck_1c17c65804f8889e,0.1840836559
ck_45a16ce12893cf9b,0.3217899097
ck_f9d481aa4f9b2808,0.9608881646
ck_1d5d74169cf892ef,0.4357302913
ck_aba32acb61c1aaca,0.6909078563
ck_ec4dd3675a8d28cc,0.2827459768
ck_5dcd443fe0bbdeac,0.3198886399
ck_3a47e3f54475e854,0.0241053847
ck_a9aa5c344c315532,0.6818089224
ck_9652283c9f61fcec,0.0603653154
ck_752dd3d2487f78ea,0.2107693352
ck_a821980ac4db9943,0.9374618048
ck_93e0d6befb67f7a1,0.7531744415
ck_e7a3881c3e36bd51,0.7934406193
ck_12631b78f8a03df2,0.1556325117
ck_57b8226610b48854,0.8500033951
ck_352657008983fd4b,0.4359339988
ck_0841a5c24fd3dd28,0.2253004685
ck_db9b9d5d30f74070,0.9572893325
ck_a9dded7f6294e44f,0.8184966388
ck_91a16336ce3217dc,0.3568275956
ck_371bd9388b287677,0.1064711075
ck_f285e5e1912a7c62,0.3355741156
ck_368b65fca69fc415,0.7931690093
ck_d27a73596b6500c2,0.5449854010
ck_2d963f9b2c4d11e1,0.6033136416
ck_7c500e219af39486,0.7865145651
ck_7d025dea5951cba7,0.2862090039
ck_32f632706608859e,0.1046377402
ck_53816231f3ffb48d,0.4319277517
ck_9dbe184e81c1ca8d,0.8768927820
ck_d74123617f22a21e,0.8557072045
ck_275386782b1606f8,0.0459699871
ck_0b0e79d33e50cba5,0.6115977456
ck_ba93cb604f792915,0.6398451823
ck_a86cd653472eccbc,0.3694574591
ck_87771861e0447210,0.8861275209
ck_212380e0371d8a6d,0.0550689210
ck_ef0d702d7b0ed745,0.2022136212
ck_2b8f33e22f939372,0.9414001494
ck_480347ad92037105,0.5166700618
ck_20124c3a16c53ce4,0.0967610511
ck_c9e1e3229baae708,0.2169484620
ck_b1befe967f7a5ebf,0.8000271610
ck_4672167d7c989bbf,0.8769606845
ck_f0c44ee5e3a42e3d,0.5140897671
ck_c416357d20238a4e,0.6697222788
ck_d0f470f8078c91df,0.4927004821
ck_3a70b4ee59084715,0.7735451891
ck_179ed66cdfc1ce27,0.4017111428
ck_387e5a7f163c7837,0.5043797107
ck_08fb463e69f647c8,0.9900862362
ck_732f725747393ec8,0.5288246079
ck_7cc5e0fa3ca5a713,0.4075507571
ck_ad4a4daa826ac68b,0.2390167719
ck_472e0be7a3b533bb,0.1855775107
ck_7190177963eafdd9,0.3725130712
ck_647ac26c5900f082,0.1149589190
ck_272ae2179bbd8e58,0.2305968629
ck_09b0d8af304646bd,0.0443403273
ck_ca0cc8ea9f344408,0.6416785496
ck_332ad134fb909869,0.2011271814
ck_fca2798914627dc8,0.8381883615
ck_4450b55f462ae134,0.0442045223
ck_d67d9dfb60b286b9,0.2805730970
ck_a9d2bb4f2bde7052,0.0680382970
ck_929bcae878a3ecb3,0.8921708427
ck_59a9e000fa275e1f,0.4177361309
ck_57f17254e2688637,0.4894411625
ck_0508908697f60ce3,0.9011339716
ck_946afc2943298d26,0.0124261560
ck_7176d12b18f2cc0e,0.5053303456
ck_5c47b49c26cce286,0.5947579276
ck_b6a2bdb2d335e1d0,0.9938208732
ck_1d58f6caaa4d012c,0.2860731989
ck_71c917295020ccc7,0.3452162694
ck_bc89644ae3688995,0.3127588783
ck_e7c212f16d6df272,0.3490867115
ck_c6d2e11a368184e6,0.0186052828
ck_eed7f1f7548df15b,0.8660283832
ck_75b69034000ca7bb,0.5368371019
ck_38da3bf629458682,0.1153663339
ck_90114c891239d821,0.2731038229
ck_8ee08f6777cc155b,0.2815916344
ck_bd86132499defcd0,0.3492904190
ck_b95fbf2b5640aa82,0.0752359612
ck_c530235393360e3b,0.4537923542
ck_be52a7ec43241ba4,0.7903171046
ck_d96eb3cc55f2772f,0.3446051470
ck_dd34f0a844fb115d,0.8478984179
ck_17cc7b411f448e66,0.5680722483
ck_856ea65fa27d06dd,0.6957968357
ck_056d5f0301c30902,0.8490527602
ck_e662b14b2bab23a2,0.8834114212
ck_209f574c8d92274e,0.3522781286
ck_62720b81617896cc,0.3062402390
ck_041614694b77e599,0.1918924425
ck_461e3f7b97db8d16,0.6919942962
ck_1b74b798eebeabdc,0.2014666938
ck_0ed2739384f1d644,0.1112921844
ck_5a4d19f1b83feeb8,0.0256671420
ck_463937167965a1f8,0.5993752971
ck_9d7151dbdf100e0e,0.5925171454
ck_20a7d1ce6cc27312,0.1605893936
ck_6031211ff118cf0f,0.4571195763
ck_a6fc92aa91e99b77,0.9743328580
ck_0aaaa9d2f75a0518,0.8636517960
ck_ec26e327cc1848b2,0.3123514633
ck_0e6bebf8ae9b9b03,0.3266109866
ck_e107537a4cb738f4,0.0933319753
ck_e8ea56e122a5a487,0.3293949888
ck_98149ed45d38c4d3,0.7292048618
ck_0e719b3a6906b8f1,0.0752359612
ck_0c6e7bd357e4a348,0.2669246961
ck_d3b2b250da61db19,0.9796971549
ck_8bb6b0a292754576,0.7928973993
ck_87d70f5fe48a6128,0.6159435051
ck_ea9edf9c107d429f,0.8306511849
ck_059806c52cebe4f1,0.9316900930
ck_a72d6df666e1c21c,0.7160317784
ck_1d2b80ab6c4944b9,0.1103415495
ck_60557f077abc42ca,0.9153934949
ck_e5f5cb7dd6ce4a37,0.5952332451
ck_4c4a939154446053,0.2845114416
ck_50ede3eb561a202c,0.3255924492
ck_6d03a542922b2ae8,0.4168533985
ck_d6fe761ed0db3270,0.5273307530
ck_7f0cd6ea3096f985,0.5357506620
ck_23edb6d938a3b87b,0.5606708766
ck_799aaf9f2b9ef621,0.3820873226
ck_f8f6a03613b6dda8,0.0121545461
ck_7cffb189f4f514ec,0.9780674951
ck_c081e1967dcd811f,0.6584504651
ck_583d6ca78c97d91e,0.9450668840
ck_9332bbc7125219a7,0.1820465811
ck_956b5af6d7d86c65,0.9667277789
ck_2d634e3f24681c0f,0.6822163373
ck_7b35d218ed0c5a60,0.1993617166
ck_ca5b1057f8248f73,0.3566917906
ck_ec5ea81cf813597c,0.3482718816
ck_eaebaf4d28400fb8,0.5967270999
ck_ae2ab6be219219aa,0.2443810688
ck_d99a8b4c820eb46b,0.7782304611
ck_bcfb7ffb7cd428bd,0.6453452842
ck_3dd542c2d31be2c0,0.2923202282
ck_c7dd84401e29a7fc,0.4570516738
ck_c4bcc7cefd40f8e2,0.2690296734
ck_c251898b5d51e3b0,0.1576695865
ck_36d37be780c1291c,0.0215929925
ck_99b4f266b61ae7ee,0.4335574116
ck_c37f03995f0f0169,0.3240985944
ck_65a23ac8e44eb901,0.6962721532
ck_644b1c1149eea9e0,0.4990154139
ck_9cf44eb0237c2429,0.3642289672
ck_20541686a94fb71c,0.6867658043
ck_c18245be844680f3,0.5999864195
ck_56de216eda6b7fa6,0.1314592246
ck_406c4442dee45cd1,0.1878182929
ck_df1585c7d72a96e0,0.3678957018
ck_b8e8dba20676d87b,0.5936035853
ck_0ee6965e68efc177,0.3610375501
ck_c2a5c54ad8d0d297,0.2593875195
ck_bf6fb7e6470e95cb,0.0811434780
ck_27fa694569140345,0.0258708495
ck_e04166b0ce66393a,0.1574658790
ck_8742114f4f0cb22c,0.9017450940
ck_6eceeafd56b42576,0.9246282339
ck_34f9951b0eca1965,0.4941943369
ck_384ccecd342a24ad,0.5758131323
ck_49c98bebd1338879,0.5035648808
ck_6c26c12071c91ff6,0.6422896720
ck_01e5986ebb9a78f1,0.6253819515
ck_121db7ba3be29ee8,0.5683438582
ck_039e6d5a330cea1a,0.8864670333
ck_ae8c9163cf957d7e,0.2940856929
ck_3f5e8f3f1df0c8c7,0.8140829768
ck_b1c51fdafcd80122,0.5156515244
ck_12e2b5ebfe8986b2,0.1215454607
ck_d55eb81a4d543c59,0.3272900115
ck_f85155ca5c312c7b,0.5351395396
ck_133d8a1ac7c0e301,0.9750118829
ck_04212a9bb9b28696,0.9976913153
ck_4cc11c7d3ca61f73,0.7208528553
ck_2df4854186ec515b,0.3697969715
ck_aa9b28e7fc43af79,0.8371019216
ck_47cad6c3def4c9e4,0.2263190059
ck_fbff7b5da8111567,0.0909214368
ck_bd25ea782e375b22,0.6957289333
ck_7989376f8cf64a9d,0.3744822435
ck_675c0ca1ebb1051c,0.0569022883
ck_1436f6e11d4008f9,0.3616486725
ck_812cb3a4482cc618,0.2968696951
ck_6e606f73a1094afd,0.1213417532
ck_1b708e2a4a0584dd,0.2783323148
ck_a60d6b324bae0330,0.4991512188
ck_706a4f673a9fda3b,0.8785224418
ck_a75ece9a9044eed0,0.4883547226
ck_9aa45c4e03c8c57a,0.7716439193
ck_9fe9bdce982b312c,0.7194269030
ck_c6fbdc5ba68a8466,0.3046105792
ck_ed0cc1b1c28f9511,0.6869695118
ck_a4e2607b4c8021e8,0.2498811706
ck_e02f93f51cc8caf3,0.4141372988
ck_7084ed3cf20781b7,0.3301419162
ck_cd4c63155570d6ea,0.0845386026
ck_d1b9e5d32d2d789f,0.7030624024
ck_68f56f6560a7a933,0.0042099545
ck_8bedacc6233c6269,0.5490595505
ck_ab7cb50407d6b13e,0.3680315068
ck_f17ed7e0fd687742,0.8021321382
ck_b0fe4b92fc70f72c,0.2348068174
ck_84d62b8196da2452,0.2618999117
ck_9e298cae167f4693,0.1730155497
ck_405b20ef9ad0ba5f,0.6825558498
ck_813e02e1ababd177,0.4732803694
ck_f234ab47061ba7c0,0.2780607048
ck_22b587c18363899a,0.3158144904
ck_4e862c2f48c38aeb,0.5927208529
ck_b89cb90a420c9075,0.2083248455
ck_be2251640f27a3c9,0.8506145176
ck_46bec0bff167ed3f,0.6661913492
ck_c0032232c2868328,0.1679228628
ck_030cf09525dba4ba,0.5640660012
ck_6ecf56236789fc09,0.9832959870
ck_38d4ed52cbe6d123,0.6734569159
ck_2d923d957ffd4d53,0.2188497318
ck_3af1eb88728ed8c7,0.4909350173
ck_2f8120ca80a1592c,0.1753242344
ck_6cabb1a133f0b151,0.5966591974
ck_bb6cf7e7b707731d,0.9434372241
ck_c8307fecafa90140,0.4569837713
ck_75f968be67f46d24,0.5711957629
ck_df6fe4ec5a233213,0.6801792626
ck_b53e88c0e927d896,0.1153663339
ck_f0093064aa28f4d0,0.4429279555
ck_ec9976cabc63ff92,0.4282610172
ck_30dac0a58c5590cb,0.8860596184
ck_348a525791ae6475,0.6723704760
ck_b898d912d1181ef9,0.4133903714
ck_f5b1200dc6f95760,0.5689549806
ck_54978a073e7a0b1a,0.1796699939
ck_55933936536a4071,0.6828274598
ck_d6ba7ffd2ae08863,0.4795273987
ck_404e2217fd87fdd2,0.5392136891
ck_dfaafdaefa5716b6,0.7543287839
ck_556c62e92d4e7e5b,0.8252868880
ck_7ce44f4e06d58111,0.9431656142
ck_465cb8ce232c7670,0.9198071569
ck_237508ca4fb37268,0.7831873430
ck_ba4a6b9aa63964ef,0.5682080532
ck_4802a0a7a1882c88,0.7905208121
ck_9478dfe4114c30f6,0.1676512528
ck_5138f6c575dec64c,0.2984314524
ck_aebb42afe430e2e9,0.1060636925
ck_004efa95555437e9,0.1906022951
ck_11af112667c98394,0.1049772527
ck_44e9a18a8645c9d3,0.6471786515
ck_2605fd571219e28d,0.2147755823
ck_dfc933493561d84f,0.1024648605
ck_67674348e68d1f25,0.8074285326
ck_dd97429277a2fa00,0.8291573301
ck_d3eab7a06eb48348,0.7414273104
ck_0b9fcff9667ec05a,0.2885176886
ck_fc4bfd6e739bddea,0.5344605147
ck_43292f70a03ddf2b,0.6768520405
ck_5ff6108056a3fef5,0.7525633191
ck_767e0be086b5f601,0.7685204047
ck_b8465b1a5666155b,0.4536565492
ck_ab2e3fc56f5b3aae,0.2377266246
ck_1833c81d693c1e07,0.9754192979
ck_0308e0602b856445,0.3487471990
ck_ccbdfe744acff8bb,0.1960344945
ck_b294aa27a0b586d7,0.2760236301
ck_a3747201f377626d,0.9897467237
ck_edde1d7d1db24725,0.6703334012
ck_ae3b47d6e1063704,0.2362667210
ck_3aabf5e0f4defb41,0.6041963740
ck_f034adb57391f3d7,0.5479052081
ck_533672fb40531607,0.8804916140
ck_2a244f1ae08ef83c,0.5371087119
ck_a35d81bcc54ece2f,0.6648332994
ck_78a61215675b38f0,0.4095878319
ck_e013d88ea7939616,0.4668296326
ck_e5018f9418e0102e,0.8394785089
ck_d4e024fcda401a31,0.6541047056
ck_f736cffbdb82db34,0.0446798398
ck_1507f5aa50cdf3a0,0.3780131731
ck_18270fee7c8fcee8,0.0116113261
ck_95ffa1a805a1c9d1,0.1371630339
ck_11132d245b94d045,0.6424254770
ck_7b93a622e40d8b14,0.7436001901
ck_3854c08d17704347,0.6751544782
ck_7717fcb100dc4b5f,0.1859849256
ck_ba54e0a1c328119b,0.9568140151
ck_a7afdac4ecbf2de4,0.8775718069
ck_ecfb771ed2352085,0.2050655259
ck_68be4fefc85a6b64,0.9014055816
ck_dac7c50bd6d0148f,0.1474163102
ck_87cf36a03bd63c24,0.7761254838
ck_8adb40b168b59d7c,0.6278264412
ck_8d2f62930777416b,0.8380525565
ck_9958b58da9e3c21c,0.3909825491
ck_9440335375701f44,0.5647450261
ck_e2f88e202b6f700a,0.6756976981
ck_4c7c50684827a2cf,0.8483737353
ck_8a6ea4a79b1c7a8e,0.2813879269
ck_186dbff4b24a3bbf,0.9223874516
ck_220fda3c11c59b6c,0.8109594622
ck_3acccc69f8b1fd14,0.6753581856
ck_9de191bf79afd676,0.3556053507
ck_6de6b1663f9457f4,0.3685747267
ck_062754f8b79b86e5,0.2624431317
ck_aa153a89a52f7eb5,0.6856454132
ck_34a6bd3be642f15c,0.6570245128
ck_9371c700d9830326,0.4821755958
ck_a99e0c258ad7576b,0.1448360155
ck_0a7ba51d626e932a,0.3492904190
ck_852c50bbba1ead13,0.9029673389
ck_43dc13b6b6d31297,0.7726624567
ck_7d81b59d615a6649,0.6572282203
ck_39a3f1da060e88bf,0.3953283085
ck_6fb2d142c09ed3ed,0.8371019216
ck_6e5752b87324b58c,0.8293610376
ck_9441d48a12e8a4bf,0.8242683506
ck_09e9c51eb538b255,0.8524478848
ck_8d0cd981ed3a183a,0.5101514226
ck_57c07c45269ca8c0,0.0473280369
ck_ccfc9ab888ba933d,0.9292456033
ck_9658a6ef471053f0,0.7115502139
ck_dac3852758f4ea89,0.3841243974
ck_b1ed2278f5f14d82,0.5359543695
ck_333544d173524f70,0.6142459428
ck_fd4582e3853ef23f,0.2948326204
ck_614d936cef98db04,0.6970190806
ck_6bc351a3d57aac54,0.3439940246
ck_af5842fa7202ff25,0.1690093026
ck_81307759252571be,0.0485502818
ck_b4d2f02d2cd45720,0.9153934949
ck_1bd753a4681946c8,0.9822774496
ck_46d8c029d46867b2,0.2885855911
ck_b7da6640fa2f49cf,0.9172947647
ck_9ea3d5a5a91fef9f,0.7037414273
ck_7b922518f667f76a,0.0280437292
ck_2a5b31594206eb30,0.9549806478
ck_d9506476ad3f9e08,0.4006926054
ck_c8791f7ebd4d93c7,0.4244584776
ck_b5a3e20fd210017d,0.3456236844
ck_8e54386f4fe22cad,0.4432674679
ck_75296704f5806f56,0.6151965777
ck_0fbbc7a6af300368,0.6697901813
ck_d19bf4dc0627113d,0.2889251036
ck_7951bd4eb99a0175,0.3687105317
ck_059e4fac6b7f704e,0.0745569362
ck_2ce8931af02a2ce3,0.2105656278
ck_9e665618a4860306,0.7036056223
ck_6fce5a893613fd2c,0.0347660759
ck_9e3fbd04e3532f32,0.9058192436
ck_55f2ef0de3420e3e,0.5940110002
ck_8d87658a6f5d204c,0.9568140151
ck_6d6ac1f5dd882aa5,0.1766822842
ck_55d0c7012d7ef236,0.8076322401
ck_7738eb085e5753d6,0.2037074761
ck_0e6e05c3cc8c8242,0.2968696951
ck_8d27ff8383d48132,0.3972974808
ck_9afc3bb849f3a64d,0.3584572554
ck_27eb86a9898cdfe3,0.4450329327
ck_1d40e4fc541abe93,0.8957017723
ck_4fd9dc00e1913587,0.9885923813
ck_b26cdb2b7b165d2e,0.4556936240
ck_a79a27767a02e31f,0.3964147484
ck_f0c18cb9f951a71e,0.3297345013
ck_50460e0189de6274,0.9794934474
ck_5e5280539257c986,0.4201127181
ck_eeb854318b3a6f0a,0.3287159639
ck_943f66f28dd24750,0.1022611530
ck_984dd7452aee372d,0.7727982617
ck_ecaa6de0aca5e9a0,0.4724655395
ck_8f1cbc432e2774f8,0.6682963265
ck_d91d9f8445b9769a,0.9381408298
ck_73c18e03e3c7612e,0.5424051063
ck_aded05ada490da20,0.2864806138
ck_f744e208183971f8,0.4119644191
ck_02d4cef6358ad3b7,0.6865620968
ck_08ff5bd467226a5f,0.2202077816
ck_f824b326d5089885,0.8562504244
ck_3420f2fd520890f3,0.0946560739
ck_1838cf8d00f5b1e1,0.1876824879
ck_a85182ad90b6f1e1,0.1511509472
ck_fecb39c82c43e76d,0.7595572758
ck_162513e73782929f,0.4233720378
ck_2c27b77c59d8f23b,0.8152373192
ck_4221e07b17388fd3,0.7898417872
ck_adfb8472d5c3d669,0.3037278468
ck_0742fe64055d686f,0.6406600122
ck_5060aefcc8b6f958,0.4075507571
ck_643f549b4ac78a26,0.9280233585
ck_dba767885bd6ad69,0.1887689278
ck_0dda35c0c64c7073,0.9853330617
ck_38ea56d43afa5660,0.5449174985
ck_d813e15ac91f487c,0.8947511374
ck_4c840e5585a7b167,0.9286344809
ck_cb8551453a7bb929,0.8257622055
ck_05a00b1dd5a03359,0.0357846133
ck_837cc7fd48453a01,0.1848984858
ck_49dd816b31fba6b6,0.9514497182
ck_86a61d9a39768e87,0.5576831670
ck_cd0e76f0e7bb38cc,0.6665308617
ck_dbe58392635133ca,0.3894886942
ck_3caec7dd6f8d02c9,0.7298159842
ck_bfd9bfc5b6ab4a54,0.8543491546
ck_2103399bdb2898a6,0.2113125552
ck_329f7de7279e74c5,0.1691451076
ck_9bf0d28119fc42c8,0.5377877368
ck_f781539b1042dc83,0.4833978407
ck_9986c7d781ac6b4e,0.2906905683
ck_a627734880aca848,0.1271134651
ck_2106e509d77fdb4a,0.9379371223
ck_420d1a9c604293ce,0.5182997216
ck_fce0610c527e2b56,0.6936918585
ck_073da541ec3f9d3d,0.2905547634
ck_aa5f3ab48c17fed8,0.8772322944
ck_0fc1086e1c9e04b6,0.0661370272
ck_5c33bb46c1a5945b,0.5487879405
ck_500948a8d4bd8e13,0.6760372106
ck_19becd44f2c3d2b5,0.4840768656
ck_7d0fe77dd5ddb656,0.5562572146
ck_f158d9e5f101bb35,0.4321993617
ck_cdd7c77823c2257f,0.7846132953
ck_6c7b41374f9b2e55,0.4161064711
ck_417090dbffb1a63c,0.4281931147
ck_dd0e17605f970319,0.2111767502
ck_3646515079e6be55,0.3467780268
ck_89c8b06aa8c84b2d,0.7759896788
ck_e4d6dedd97233c07,0.4308413119
ck_bc82fb1895fddde5,0.6078631086
ck_88a8b1d442ca3686,0.4683234875
ck_5791f8f76a629a4f,0.7996197460
ck_9cf5e88e97c8c7ea,0.4857065254
ck_58fd684aa5a6f289,0.0215929925
ck_9800c21dfbd8e811,0.3936986487
ck_8ae64df60ab6ccda,0.4429279555
ck_e535fb0f0c00418d,0.8701025328
ck_48011996d54855ac,0.6680247165
ck_ac79c72a8fe3fdef,0.7042846472
ck_b8cc2df5192bc49b,0.6564133904
ck_e96a5e1f08f8a867,0.1548855843
ck_84df6770549e43fa,0.0423711550
ck_e5f7b99ba6ec5767,0.7619338630
ck_8347455ab53ff620,0.0759149861
ck_a84f2cdf695a71d6,0.1374346439
ck_90456160115f9ef4,0.3432470972
ck_ebd178b3f3a9c50c,0.5680722483
ck_e1140be6157bacbe,0.3057649216
ck_744ffc11d32b96bc,0.5940789027
ck_e12a9f7d027e3387,0.1875466830
ck_cbe525da0b69f18a,0.4191620832
ck_aa59702537557ff1,0.9185849121
ck_0348cc6908f7f3af,0.0336117336
ck_120e995d50956bee,0.7868540775
ck_9fcde1ff46cbbea5,0.0528281388
ck_54b0b070689c50d6,0.1802132138
ck_966a167758fddfd4,0.7139268011
ck_d5194f2e92fd6427,0.3325864059
ck_2ee84f3fa27f2cb8,0.1077612548
ck_57d0a7eb7eae2eaf,0.6581109527
ck_6a2c4edd82e10969,0.0459699871
ck_96e4d38ef670eaff,0.3087526312
ck_52cc2fd5095b169d,0.1365519115
ck_4b088920f3a844c1,0.7581992259
ck_8f3ccbd20d59f1f4,0.6879880492
ck_e5e5dc431bed6f9d,0.2552454675
ck_e8b5bfa6838e28d1,0.0855571399
ck_4bfeb78b47b7c6a1,0.6877164392
ck_a705c61bd679496f,0.7391865281
ck_731869a0c39cb2fe,0.7215997827
ck_259eb102342057ea,0.4581381137
ck_47a6005fabc33551,0.6344129830
ck_682262b455a9edd4,0.3085489237
ck_e839d104854945f0,0.0884769471
ck_761989aa4c47d746,0.4252054050
ck_44211dc210139ed3,0.8946153324
ck_9915ceedf63a5289,0.8457255381
ck_da59ab47cb6284ad,0.1964419094
ck_e5cdbfcca2456652,0.1755958444
ck_13f2560c6a1ec62f,0.5843688463
ck_a0543e9b3abe1001,0.9163441298
ck_11c7a58e09e6547b,0.6196102397
ck_69587a134d43a4ad,0.8624974537
ck_28dc0de0ae291f37,0.5520472601
ck_298922703c5bbe05,0.6995314728
ck_fa5ba9ed9ed6a343,0.6517960209
ck_c08e64d424e56c05,0.6418822571
ck_598e036a28262aeb,0.6154681877
ck_3f7c870510083a51,0.3448767570
ck_364f8203a3e98d36,0.9496163509
ck_7333cedb61506ead,0.1830651185
ck_1d96d7fd65f208b2,0.2202077816
ck_63133a79f23e2627,0.7392544306
ck_901d820e0b72abae,0.2682148435
ck_5dd80b3c01457bd8,0.2805730970
ck_c0b8067c144ed6c1,0.2934066680
ck_cebb8aa8c8f62c60,0.7191552930
ck_79749eca42ff1f5f,0.4982684865
ck_2cc1d9b587f6da31,0.9248998438
ck_ccc7916b56d42195,0.0461736946
ck_e43e53cc7b8b8e41,0.7625449854
ck_4ab74a6e7450416c,0.6697222788
ck_6e44024e9de301c6,0.0934338290
ck_dd78cb6ae2866cc6,0.5646092212
ck_c363d3b050baf3b8,0.7875331025
ck_2d46291975f0dd08,0.4214707680
ck_76ebeb5aee42f041,0.7568411761
ck_8395f004cf4d4c08,0.0377537856
ck_de7259c3741db179,0.6089495484
ck_3938e92585df2b34,0.4562368439
ck_af69bfcf4f07d932,0.2675358186
ck_1723900ab9afe374,0.8482379303
ck_3d58628d1c853c8a,0.7591498608
ck_12a074db100481cf,0.7153527534
ck_8716cbf892c50e29,0.0939770490
ck_fbf7351958ad9615,0.2627826441
ck_a50370907e6b397c,0.6779384803
ck_937402a60df0821c,0.0954709038
ck_8ce9c5807acbef48,0.2507639030
ck_acf7d65eaaa4c31c,0.3548584233
ck_ec3eb6dd0967cac5,0.7005500102
ck_fc832b0c90c9bdb9,0.9672030964
ck_8129e81cde280131,0.2148434848
ck_52c0ef68aa2fb8cf,0.4038840225
ck_06f042e9b1b662fd,0.6924017111
ck_0bf35dcf7b38f650,0.3192096150
ck_615763afc2e17a7f,0.3016907721
ck_e72db9d4b2fc9997,0.9874380390
ck_13757bf0eeb353e2,0.2768384600
ck_abaf371ec8249c4a,0.8698988253
ck_9b7167da0920c37b,0.5265159231
ck_2e824b0b27494a17,0.4898485774
ck_9a0b605e9c3220c4,0.4654036803
ck_a5276af466b681de,0.0361241258
ck_9e0383e1fb6e214d,0.7806749508
ck_6a27c44b691dbfac,0.4398044408
ck_af39767cf583905b,0.1087118897
ck_243b1b9fdd3f9a74,0.1876145855
ck_c0422e638a9c6046,0.6696543763
ck_e0f3ea3373dfc4aa,0.4369525362
ck_d56ee1654378ffc7,0.5144292796
ck_20cd2f5666719baa,0.0550010185
ck_4dfa1c1e9b69fcc8,0.2798940721
ck_5d22e9ca1d15180b,0.7072044544
ck_f4a7ac178fd55f0e,0.5887825083
ck_fd5609bd23a1eaf8,0.0841990901
ck_49c3bf13dc9471ce,0.3031846269
ck_724085c3452d4693,0.8915597202
ck_e5d1462846154a75,0.7443471175
ck_c69ef0f3e7d6acf9,0.8297005500
ck_a2d0417791d4132d,0.2328376451
ck_00a07fc2a9183c3a,0.1427310382
ck_781b8288e54ba8f8,0.8690160929
ck_d74a62ab3804a81b,0.0882732396
ck_abcbde211b6267f8,0.8536701297
ck_16dbafc035574654,0.4842126706
ck_018f780215ecaf38,0.2250288586
ck_0b259620eac51618,0.0464453045
ck_4f875342394c110f,0.6692469614
ck_399e45e5fe9beaee,0.8739050723
ck_36224a2d394ebfe4,0.8430094384
ck_c189b551bd111332,0.5595165343
ck_125c5a720ecb177a,0.8461329531
ck_76d010aa02eb477a,0.0296054865
ck_1071d14c46c92379,0.9571535275
ck_61d244b2cde483af,0.3033204319
ck_2ff1860da2004c84,0.0794459157
ck_c5b583490198672d,0.1952875671
ck_1294f7af22fade11,0.8580837917
ck_e3a22799716df39d,0.6473823589
ck_c77e22834ef97005,0.9461533238
ck_73d3689728270a2b,0.2860731989
ck_295565fbf77ef885,0.5588375093
ck_80c0a7f54ff4895d,0.0973721736
ck_f1ef5cf7f10b16c8,0.4393970259
ck_a958b2461ffc21a2,0.8690160929
ck_0e7899a57cd617d6,0.0872547022
ck_9d4fed252718f58a,0.3238948869
ck_83c2c34add971d76,0.2528009778
ck_9ccc030ba2de9fb2,0.4211312555
ck_cd691e3466fb3742,0.7624770829
ck_49df70f908dfd069,0.7143342161
ck_362ce13eec1e33a0,0.3909146466
ck_2452a30397dfc54c,0.2998574048
ck_a443d49c2b4863b0,0.2900794459
ck_c8b2e2cb349dd0ff,0.7733414816
ck_354909fecf5da8cf,0.3749575609
ck_841f598bbd54c83f,0.6187275073
ck_cd6fbd4e8724f994,0.6415427446
ck_e0b3158111370118,0.4388538059
ck_4c2f2eb657c2c60e,0.6696543763
ck_ef346071f0b7654b,0.1966456169
ck_f3bc10e3decefce4,0.6154002852
ck_189b6fbe9b9192e7,0.3868404970
ck_5245cbc5ff4d4fa6,0.6389624499
ck_cb42e3be6fe87f60,0.7738847016
ck_966d4d713cbc7792,0.2007876689
ck_1c8c969667cbaab2,0.9627215319
ck_d35e3aa9ef5d405e,0.9247640388
ck_a1c39df50a5873b3,0.5536090175
ck_a152165caf295b51,0.3373395804
ck_891eaedae139828e,0.2657703538
ck_1a46b56f4734d52e,0.5931282678
ck_5e36042cfad96c99,0.9058192436
ck_02a8582c2603e675,0.2428872140
ck_6def9d0429e4ed4b,0.6894819040
ck_e137400825a1e3e6,0.4259523325
ck_d91ab840848a54fc,0.2705914307
ck_becb6e1c608e0078,0.3554016432
ck_6fd8c86ac719d7eb,0.9120662728
ck_3ed4d13f12fd9d0e,0.7225504176
ck_007337aa99a4891e,0.1729476472
ck_60c3d8306527a08d,0.2510355130
ck_95458880a54df0b1,0.9462212263
ck_b48cd8593533fc1d,0.9360358525
ck_021c6a4a7e3f1f0e,0.3911183540
ck_764d40f865e710af,0.4349833639
ck_4b84357ae8ec7777,0.2352142324
ck_3397c7856b4669a5,0.1722007198
ck_920bb003b42e6310,0.0720445440
ck_8f59f11b512d5b7c,0.7606437156
ck_a3acf4b986afa98b,0.9008623616
ck_e89d25ed7bdeeaea,0.5981530522
ck_70e6bca473bf6902,0.0446119373
ck_186161ce152836f5,0.1779724316
ck_9191579254663f5d,0.0875263122
ck_1e6628879e9d653c,0.3394445576
ck_b498fa91a0776ff6,0.2056087458
ck_cfc2384f22954830,0.8574726692
ck_17673a1c2867888a,0.0211855775
ck_523dce06515b072d,0.3852787397
ck_c20638a325ead2e4,0.3232158620
ck_d3877e1f907cc148,0.7503904393
ck_e9a2495dea8675e2,0.3913899640
ck_7e561caa5fa1f3f1,0.6294561010
ck_455672e652fe1abc,0.9669993889
ck_7f8f864fcc90ca82,0.7125687513
ck_1ad36046aaeb816c,0.2114483602
ck_de056e37c82e8e00,0.3224689346
ck_7484c214c889fe7f,0.6649012019
ck_32430e678c4f9f53,0.2052692334
ck_6276ece8f80ea799,0.8348611394
ck_ae8e5dc4b725bc25,0.6087458410
ck_f01be92dc78a2dc7,0.4209275480
ck_233397a8bd40d38d,0.1554288042
ck_f8124911450fdf31,0.9458817139
ck_aa0a3179f1111674,0.0945202689
ck_2366b29ed9887a5e,0.1951517621
ck_1f22f04dfc08cf27,0.1985468867
ck_b62276c3426d680c,0.3196849324
ck_d099fca88691f66f,0.7591498608
ck_166bd1dcbaf4d6fa,0.0607727304
ck_7b1660e942436e12,0.3413458274
ck_4a9a791a1d409a3d,0.5291641203
ck_b003e5b54df65db4,0.2720852855
ck_64b4dcbf436f0b75,0.2470971685
ck_26e9a7bb2061a58e,0.6623209072
ck_08b77ad5f8f73007,0.2422081890
ck_366616a725afc6bd,0.6464317240
ck_934fb5064b6eefe2,0.1101378421
ck_c6abd5d57b1009d2,0.3890812793
ck_edcfa9e1cf29d813,0.4844163781
ck_c30201ebd003fdc7,0.1817070686
ck_c54643d94d3ce355,0.6849324370
ck_02adda6e91e49650,0.6170299450
ck_5b73d7c5255e58a3,0.7824404156
ck_129ffae92dc01408,0.3392408501
ck_fa321945ebedb916,0.7569090786
ck_8da980cb2e1e2bfb,0.7950702791
ck_0576b00d728bdf19,0.6327154207
ck_c543d82e22b3c8a5,0.4365451212
ck_0027ba644f9ae2cd,0.9172947647
ck_8dbf61df902a6bbc,0.5280097780
ck_90eeca1cda79fd41,0.3282406464
ck_86d7127391d4e01f,0.1023290555
ck_73762038c7ff2f6f,0.3824268351
ck_a1484e6215fac651,0.9547090378
ck_cb83b9f806e90dc6,0.8732260474
ck_8c6f059c95872126,0.3680315068
ck_3174419a81e7caf2,0.5058735656
ck_6a0f8f8fa4a3c2bc,0.4218102804
ck_b5777605668bfca1,0.4220818904
ck_27e4de495abb4d15,0.2960548652
ck_7f6fa79c7a107161,0.4057852923
ck_c36ed9f8e6792ea4,0.4497182047
ck_67a1aa88d2ea554a,0.5484484281
ck_09748dfe4df3d540,0.5098798126
ck_27fd85b1e38b675a,0.2674679161
ck_2369689bd795ee10,0.1240578529
ck_4eb1c12f7d092bac,0.0134446934
ck_01fbafc42c8e33f5,0.3512595912
ck_93c4e05699b3b7d0,0.1332246893
ck_afc484d1b6907983,0.1233788280
ck_1b2d9cae92a1aab1,0.8637196985
ck_73b729cb161487f2,0.0928227066
ck_fe3c1d0ac090d960,0.8195830787
ck_408efac1d3885ff8,0.5071637129
ck_ccb4dd9d0a48a76e,0.1461261628
ck_2987eab34ca7805d,0.3533645685
ck_1dbf1f15193197db,0.7332790113
ck_4ed711fe4053e74d,0.8954301623
ck_6c54adce174f45f4,0.4845521831
ck_a6c740041faf0bd5,0.1574658790
ck_b05c4d33c4f43639,0.7513410742
ck_032880f1114dd51c,0.4549466965
ck_22311b037456a76e,0.1556325117
ck_5866b413549765bf,0.4368846337
ck_0e808afe2570ecac,0.2845793441
ck_634276b05f4381f8,0.1422557208
ck_5d8773badd0d4740,0.3710871189
ck_82b5b79ce3517102,0.9756230054
ck_b378b8d8100ee4b1,0.4326746792
ck_54e581f71be5430d,0.2096149929
ck_798ba4b8aa544fea,0.2066272832
ck_3fe86b6331ff95e3,0.7074081619
ck_81275d9d4c559e6f,0.0482786718
ck_99a4e5ef02d89493,0.6352957154
ck_54e2eb018d947790,0.1992259116
ck_966901ea9c77cc02,0.1846268758
ck_27d69ff4e0cb428c,0.9154613974
ck_2cee2dd7bbfc09a0,0.9606844571
ck_4136b00924695ab4,0.0078087866
ck_59a164c40c03a45f,0.4192978882
ck_3e24b026bc66789b,0.0096421539
ck_8105bcf69a75ee47,0.0165682081
ck_7a1782cefe26a456,0.8629048686
ck_970c7dc195161272,0.0537108712
ck_a48ec0c00ae20e82,0.5983567597
ck_54b374ade34e1dc1,0.4516873769
ck_74e5dec189761d14,0.2987709649
ck_4717f24f2c6f40e1,0.7645141577
ck_fc8cd8a8209e802d,0.2620357167
ck_71db4131d7efe218,0.8030827731
ck_45424ea6f0bc4650,0.9119983703
ck_3716c6181a5035bc,0.3169009303
ck_26de14b96bdad4f6,0.0985944184
ck_99c0a41ac9c73857,0.4042914375
ck_645f15bbbcff3b4f,0.9869627215
ck_b7e25ddd41514d4c,0.2451958987
ck_d5c14e877ca7b755,0.3765193183
ck_05ea4440dac6cfad,0.3625314049
ck_c58bafff7b1955cc,0.2589801046
ck_f0cf85b67a9b840f,0.6192707272
ck_ce1500a7f0d03fba,0.1269776601
ck_d4972a775aadbbc8,0.3750254634
ck_3eb6146c262e0fc3,0.3037957493
ck_afb23858a4ef42ed,0.9900183337
ck_2c1def5c91c52a5b,0.9313505806
ck_72e550559487b919,0.0181299654
ck_0284dc2b4f856b3a,0.9382087323
ck_03be334935e999a2,0.6651049094
ck_e35a4b4a3cb4cedf,0.1451076254
ck_5abe57dfff4b735c,0.8858559109
ck_f5f87f772388efa0,0.4800027161
ck_5a22cb36d612236e,0.6751544782
ck_8ff1e6028e764472,0.9848577443
ck_2ab28149b0986642,0.6342092755
ck_c88fc1bac79fa6d3,0.7987370136
ck_5b137d74bba6b1b4,0.0381612005
ck_11f362dca2dfaf5a,0.4460514701
ck_7f960541e5174565,0.4562368439
ck_d5458ba39ae94498,0.4594282610
ck_0a921a73a90c2e39,0.6634073470
ck_6ad56ef40086dbe4,0.1485706525
ck_b68199ecccf2350c,0.2015345963
ck_6dac66c8198c07d8,0.1425952332
ck_9b9ce7bebc235fe8,0.6215115095
ck_6b817117d87063a8,0.3161540029
ck_900d62b3184378c7,0.2023494262
ck_eafe9b89857149b5,0.2303252529
ck_e74716a525ee5b24,0.2140965573
ck_4e9a6f06ab134102,0.3267467916
ck_b0d33b5a3716661d,0.7387112107
ck_8703543bf3134306,0.3114008284
ck_923d6a0f83accef1,0.3342839682
ck_52e37e2170532e2a,0.9247640388
ck_c1c5ea839c58958a,0.6468391390
ck_660f0006780e87e7,0.7971752563
ck_830b2c5d1818ac07,0.5250220683
ck_b080ff636932d1f1,0.0229510423
ck_38730aace405f2ae,0.9977592178
ck_9790138467a06223,0.0419637401
ck_10de0b0d86b17839,0.5764242548
ck_c3e37a4d3382c32e,0.2476403884
ck_dd8edfefa1eba531,0.4192299857
ck_8153cdadd300d234,0.0435254974
ck_74d0e7c2c6b63d36,0.9695796836
ck_c478aae3031bb328,0.8254905955
ck_cf301f2194975866,0.1829293135
ck_f4de03f44e3a5bd5,0.6427649895
ck_b06ce826e593b210,0.7818292931
ck_2fc70b6baf6a0e26,0.5673253208
ck_d208494cf5c90047,0.6734569159
ck_086d29ccae565e5d,0.5523867726
ck_d5ef6dc116dee408,0.3480002716
ck_fdf0c5b722d83464,0.0110002037
ck_de8494b13adeffb5,0.3771983432
ck_556786868599143b,0.3828342500
ck_4940e78cbdcfecf3,0.0478712569
ck_d32fbbfe32c00416,0.1884294154
ck_bc7710f7e9fae649,0.2857336864
ck_416f7ac57da081a3,0.2014666938
ck_6fb39b60c67d5475,0.5982888572
ck_e40a156511345d6a,0.2023494262
ck_49ab879b5aa7fccd,0.8691518979
ck_bb643194d1cbc47c,0.9870306240
ck_b3ce8f1bcedfa043,0.3515991037
ck_558ebde8c29132a4,0.4795273987
ck_e6222925762273b8,0.7160996809
ck_bd80546b4807dd59,0.9185170096
ck_bd21164bd2bbb635,0.7430569702
ck_ea835557d7043667,0.5024784410
ck_1411a80a157ff39c,0.4770150065
ck_ab973888c20c9120,0.8705099477
ck_95b48972061abe82,0.0440008148
ck_fc4a43f8876bf10f,0.3848713248
ck_f34fb7ccf82f41e5,0.3500373464
ck_5af9934a56801ac0,0.1283357099
ck_fc7445ec76389a58,0.9151897875
ck_1eeacc26f02fbba4,0.5104230325
ck_4f325dd15c9bd45c,0.4591566510
ck_5009a6c8bbaf15ba,0.7450261425
ck_0f3de7f074bb33af,0.7207170503
ck_2cbc2f93a32eede8,0.7247232973
ck_4bb90a61c21a303b,0.3088884362
ck_3ade9eac7d7b0dbf,0.8690160929
ck_4859a58629622915,0.8620900387
ck_5fed957287ebca03,0.2917770082
ck_ec01ae5351500355,0.3097032661
ck_703b41624ae6a5b6,0.4257486250
ck_97c38e7f61c27e47,0.3657907245
ck_db2c0908150cb2cc,0.4618727507
ck_64ac5e6fed86ab60,0.9706661234
ck_da1c853b0a061e83,0.5657635635
ck_9a36916b60178ded,0.9617029945
ck_3715bfa7fed2c675,0.5120526923
ck_dd3feb77d7d4f6d3,0.1159774564
ck_982ebb24174a4ade,0.0740816188
ck_f6b7a10d47dd9a1f,0.1925035649
ck_1f56fe99f250cdf4,0.4732803694
ck_deb3ac0606d6f6db,0.1655462755
ck_e666629e5a41b39b,0.1762069668
ck_756d2c13d02b3e09,0.4717186121
ck_7bc752ae7cf5d55f,0.5751341074
ck_fc0cc4b25e6a8194,0.1077612548
ck_9b2b0e286de78a1b,0.3499015414
ck_24b0803447211bf3,0.2654308413
ck_82eed68d05a42128,0.5855231887
ck_c8a03c516ed5b05c,0.7878047124
ck_e914974cee1bccb1,0.8382562640
ck_0c533ff2d0f9962a,0.3511237862
ck_c12805fa5d970a83,0.6756297956
ck_fc2cb29918631f10,0.9179737896
ck_c20e89afe575549b,0.4300264820
ck_e1ff9e31becc27ae,0.9086711482
ck_18116d0ac08f1996,0.9799008624
ck_885a83975cea5e64,0.5982888572
ck_a0c3059a959ba5d1,0.4499898146
ck_75257ca7d7da2861,0.5453928159
ck_2210f7a0d13bdbef,0.8466761730
ck_9cbd9ecf8374f65f,0.1000882732
ck_18f67c00ba21fbde,0.0223399199
ck_2d28f14d3973d8fb,0.3226047396
ck_8b3401b44aaae728,0.4353228763
ck_9d8e9ef37797d3af,0.9492768385
ck_9f50920c894f64e1,0.2709309432
ck_4737e0d56c6fa0a1,0.2460107286
ck_52c311f29ca3aca9,0.0464453045
ck_6a4981bc721df37a,0.4104026618
ck_823539d936c55fc6,0.0600258029
ck_df5aedb4118020bf,0.9765736403
ck_a911a066ff0f7b56,0.7073402594
ck_684609767df4a14b,0.8474231004
ck_f2350bf355dc919e,0.3661302370
ck_8452b6cf97c65a5e,0.2800298771
ck_084cd84501012218,0.9667956814
ck_ace6b72e5bf3e93b,0.8555713995
ck_2afdd69094c955c5,0.8060025803
ck_fa7d5be26bf7b31c,0.8160521491
ck_4b041217690fca2f,0.4513478645
ck_9fb8e3d38cdf276d,0.9724994907
ck_c1ee56d65a42f59f,0.9149860800
ck_fdeaa1cd085691f0,0.6151965777
ck_5de33a7a87e9aa62,0.6680247165
ck_7476e7fe1ff45545,0.5550349698
ck_b0a947b498e47018,0.2949005228
ck_e3894ed88a7977e4,0.3680994092
ck_c7e07ebfb0bc15f6,0.6885312691
ck_3a3daa8b376f2a18,0.1478237251
ck_87809324c2675b0a,0.4806138385
ck_7eb4f33260f1dcd4,0.5508250153
ck_ab9f0e08af030060,0.6021592992
ck_5b8fc4a76f340797,0.6075914986
ck_0e7bf10ef49aa818,0.8045766280
ck_a44462a3853ac67e,0.9784070075
ck_2d14bcd2e0fc043d,0.0173830380
ck_df1f2dba802296be,0.9734501256
ck_466a7316eaf149b1,0.3530929585
ck_50df50af592b0c06,0.1931146873
ck_5f9e34c849704b95,0.5374482243
ck_7836bf6def26aa87,0.8849052760
ck_ba175b1bd8efaabf,0.4604467984
ck_1a0aac7f7b94b1be,0.8861275209
ck_6768c4b2aa8ce586,0.4475453249
ck_eefcf0ed15897898,0.3254566443
ck_7a6cb27e390b6ceb,0.2705914307
ck_5275be4e1577c1c7,0.2847830515
ck_6bc0e5b8c0b7d2bd,0.4598356760
ck_4874bdec79f9106c,0.5601955592
ck_a678731156ad7bd2,0.7947986691
ck_db906debc36a5d1e,0.6465675290
ck_e87897767c612942,0.4766754940
ck_45ed5ee496ef8a67,0.2858015889
ck_ae20e28f9854f3ee,0.5972703198
ck_9ee044b73943a90b,0.2834929042
ck_dab34cf6f0626c9b,0.6888028791
ck_64a02b7b96149810,0.1841515584
ck_c417d06f3e94685d,0.5338493923
ck_3e0149cdee4cb294,0.5532016025
ck_0e6046fc30f81705,0.1487743600
ck_c383aeabd53e9c89,0.4518231819
ck_2ef76f1f36e8b869,0.9171589597
ck_43948784650bb9ac,0.2968696951
ck_bdb966f43ac350ee,0.7410877979
ck_5bea0e0ee0b094cd,0.0790385007
ck_dff090f03ca5529e,0.5106267400
ck_a4691b57f837d88e,0.5759489373
ck_99ee90946395d74d,0.9448631765
ck_cc81dbc83a8879fd,0.2920486182
ck_f3dc0725621b3a35,0.3682352142
ck_1bb212d1288b9689,0.7323283765
ck_9e7278fc7679f002,0.7114823114
ck_3ded7a8720d7e311,0.2003123515
ck_798157bcdb9453e1,0.0997487608
ck_9fba80f56f357fe1,0.0740137163
ck_f1e1c8491f16f912,0.6680926190
ck_7b1319a5ca2f63c6,0.9710056359
ck_124432fd5c92af7e,0.9669993889
ck_148cb0c723284dc0,0.1770217967
ck_b56c62c950eda009,0.5056019556
ck_a0498755cd8d7188,0.5546954573
ck_5379452a9d74efae,0.3499694439
ck_6c2453229d608183,0.5208121138
ck_f9d8b4813a88c1e6,0.1929788823
ck_c2c7d1e45a521857,0.7414273104
ck_4364a83a11743888,0.1054525701
ck_2cdf5fd97ba75e06,0.7363346235
ck_71bc01291e0533a0,0.8106878522
ck_a725d7aed2a0bdc2,0.3153391729
ck_a9b0c4dbd7db6a91,0.5597202417
ck_a4258806a533efa9,0.4702247572
ck_905e460591d9a278,0.9284986759
ck_20de8abfd8960ee3,0.5931961703
ck_252b0a0f1119b220,0.1708426699
ck_95e4bef65c36af1a,0.1027364704
ck_5ab68b434ad53fea,0.0150743532
ck_13677a1957078827,0.1362803015
ck_d251e9fa09e542dd,0.9994567801
ck_700cb620f300dd47,0.1449718205
ck_39a68c55a1bd3ace,0.9033068514
ck_61a59a7944d6c53e,0.9024920215
ck_db6d1c6d31da967a,0.6333265431
ck_650020c500b1b50d,0.2097507979
ck_d812eb6930192793,0.0884090446
ck_92f6ebc11ebca89b,0.5457323284
ck_d87e26eb5bc84b01,0.0260066544
ck_66439e697695224c,0.2072384056
ck_f21efd504faa654c,0.4789841787
ck_15eed0f5652f0352,0.0740137163
ck_bcdbf57d98dc0d27,0.6001222245
ck_873ceb8004d3a9f7,0.6665987642
ck_70bef9ddd4bab005,0.0017654648
ck_7560f1891d66f294,0.3639573572
ck_f439f16f8693883f,0.6092211584
ck_14f9535e53f9c7a6,0.3463027093
ck_5984be472d2bc267,0.6198818497
ck_ed01be7504dc4187,0.6844571196
ck_dc3d8b5c17b67ae9,0.4413661981
ck_9dc23031b6b494af,0.6408976709
ck_fbdac0221bc03f66,0.2163373396
ck_863708a99b92ef0d,0.5548312623
ck_22b52654776a1ea8,0.9582399674
ck_a0714f98001efa0c,0.6134311129
ck_9c56114f84e9a541,0.2346710124
ck_e155cf506b2fb699,0.0662049297
ck_65ed7e72f24731e7,0.6101717933
ck_822d6e8e43befc72,0.6543084131
ck_b1182471d9ac6b26,0.2047260134
ck_821446adc95e6da5,0.2566714198
ck_ff182f033134dbb8,0.7169824133
ck_9c5feef7647b0588,0.0299449990
ck_df935d8bdd44883e,0.4114211992
ck_01eb24c18ad11fca,0.8709852652
ck_00d6730134a1eb51,0.7291369593
ck_79ba8e85678d0224,0.2193250492
ck_97e3b04a1350f6e4,0.3845997148
ck_74e9747954a46eaa,0.8879608882
ck_397d5fcc9972f909,0.7312419366
ck_9ede89e8a43c3f53,0.8005703809
ck_303b33910d67f306,0.5595165343
ck_3c17841636f6f7dc,0.3562843756
ck_78730527f8ba1438,0.8925103551
ck_5ee32bc6bb5d1d4c,0.7914035445
ck_a13fee8cd925d0dc,0.1256875127
ck_6f847263379f2e43,0.7116181164
ck_9b9d9e579e7b55b2,0.8102804373
ck_87c1d0a79e79c84b,0.1017179330
ck_bfc453eabb472f91,0.5721463978
ck_978c21bb5fe3171e,0.5500101854
ck_dd882323474431d4,0.7368099409
ck_533c4f7400d5ab22,0.9109798330
ck_5f217bfe28954e75,0.9849935493
ck_ae96d35465b3b4bd,0.2921165207
ck_512ebe97c0af94dd,0.8901337679
ck_f558fe02bb0219b8,0.3016907721
ck_84092e23d5ef4d51,0.7812181707
ck_17d3022ca12eacd7,0.2303931554
ck_8a8f81bf3558fd9c,0.8491206627
ck_0ada6fed1864e7c4,0.2066951857
ck_21fe7bc59dcd78fb,0.2812521220
ck_e136e20c1c74fe38,0.0588714606
ck_e7a530e09d113dd7,0.9039858763
ck_7cb0c9ded4d63027,0.8000950635
ck_102db9615e722c9e,0.7260134447
ck_129e39ddfde92eeb,0.0926869016
ck_d730ff21bfd7769d,0.1120391118
ck_54459b45d2be8459,0.0474638419
ck_7f1c20319eb60aa6,0.9965369729
ck_939fede90473e412,0.0861003599
ck_e0f9506a6d5f4a1a,0.7297480818
ck_9a4967cdf49265cd,0.8760779521
ck_b9eaf03453ac7d5f,0.0245127996
ck_522477be6376b450,0.7410198954
ck_9b6282e3bad50710,0.4510762545
ck_a0e3a2facd508e49,0.5955727575
ck_97ffae702f7c3d08,0.6464317240
ck_344a95cb7115ec67,0.4988796089
ck_1f2760764afa45e8,0.4013716303
ck_720cd658d11ea428,0.6707408162
ck_04e32ee9834c088d,0.8621579412
ck_2bb1389e5e72c8f4,0.7967678414
ck_961e7dbc217cfbbc,0.2385414545
ck_f3bce4eccfa6d6bb,0.0745569362
ck_e0ccfa0d689339be,0.0827731378
ck_98217aeafa0bfefd,0.7065933320
ck_a02aeec1914c158a,0.6796360426
ck_20a17e8f206a14c8,0.3607659401
ck_114c32aad4b6183f,0.7429211652
ck_79f5198f0decef20,0.7080871868
ck_2209de229b4c71c5,0.3396482651
ck_6ee939b7f396975f,0.1525089971
ck_202f0c14b07ace01,0.7824404156
ck_fa24db9d416ab904,0.1126502343
ck_cf6aa24b92c4d33c,0.9422149793
ck_45f57fb8194cefc8,0.8315339173
ck_d5eb179dc45394c6,0.5443742785
ck_efb24be983342f75,0.5496706729
ck_245f5d62ead5ef28,0.3734637061
ck_15fe2a47fa7e92ea,0.4927004821
ck_b6527a85fd682554,0.2350105249
ck_11f9390a11ce9ff5,0.5673253208
ck_ffb4d892c5158201,0.4482243498
ck_d4c1da5a1427fd6a,0.7186799756
ck_2c041b1efb1c5063,0.2414612616
ck_ecc18f40b33be769,0.8639234060
ck_0525349f3945375b,0.7660759150
ck_0bfe62e0c7eab9c9,0.3190059075
ck_b7c37d410b1646c2,0.4970462416
ck_4b15b0746318cf42,0.7791131935
ck_e5ee006ecd8ff661,0.5908874856
ck_ccc83cf66365357b,0.7210565628
ck_34a33ffe8339f66d,0.9782712026
ck_4e39e3b165edab58,0.9807156923
ck_1a71f8081ae00190,0.9661166565
ck_ed8f1200fc049c40,0.9797650574
ck_8a5a57858e8c77f3,0.5906158756
ck_fff9fdc2adf5100b,0.9263257962
ck_c76f1bf40f3b787b,0.0253955320
ck_1a6ddfeef82b1b1a,0.0865077748
ck_478d2667aa9896d9,0.8783866368
ck_641c8e7694b21f3b,0.9086032457
ck_293581d879f6663b,0.9412643444
ck_1bfa8abdb22be8f0,0.9302641407
ck_05ab5b03d0bf9ce4,0.9187886195
ck_35694db37f0cde7a,0.0596183880
ck_fe33eb743d714c03,0.3832416650
ck_abd10fbcbaf2b038,0.6782100903
ck_46d51648c1bf80e5,0.9043253887
ck_5c8390017fabfaef,0.5263122157
ck_87d55ca333f22072,0.3158144904
ck_c39c6a1453e2b92c,0.0861682624
ck_69ff1b0aa143a168,0.3959394310
ck_e57c79eaab35ded7,0.7541929789
ck_463ae759e2b6ad1d,0.3787601005
ck_0dae4a7eb587f3ba,0.3433829022
ck_9b12fb56529ebc4e,0.4453724452
ck_1af547077ba2dd03,0.9342024852
ck_de13de941bebc7cf,0.2793508522
ck_83dde7da2bf647ac,0.1396075236
ck_c80a94d4660041fe,0.7248591023
ck_f39cfeb277ef6528,0.1682623752
ck_1cec1ed1512a2d3d,0.2396957968
ck_7955a359b6448799,0.1557004142
ck_8c0955dad13c3ca1,0.3476607591
ck_6d4cd2de601a2308,0.4166496910
ck_f4536ba8dd2d551d,0.3304135262
ck_b379c198d6db2d62,0.3860256671
ck_76ea90ebc74bcdc7,0.4488354723
ck_734f06bd4aa92781,0.6333265431
ck_677e1d0c14cbf569,0.4488354723
ck_259271c70f3fbcbe,0.7516805867
ck_c0b744eb9e7d4eb7,0.3818157126
ck_3d41faeb96802f68,0.0460378896
ck_8f604fa70fc3c8e3,0.0688531269
ck_0b3c3bea0e0ed339,0.1534596320
ck_be5df076b8a86409,0.5432199362
ck_6a475fe324d7d790,0.5398248116
ck_3ba3fa5387bacee8,0.0165003056
ck_324b9939d9c1c31e,0.0801928431
ck_a7fcf7b592f68ca1,0.5403001290
ck_5b2728f7cca414ae,0.1850342908
ck_5f4a25ffd0b85a47,0.5078427378
ck_63d4f5076fe4406e,0.0373463706
ck_af528d66c86f0cb8,0.2060840633
ck_ac7cdb9b8da7b5dd,0.6285054662
ck_3bece63711407e25,0.6469070415
ck_d4e0b2a12fcfc35e,0.5646771237
ck_ee3e7c9d3a9c74b4,0.7675697698
ck_50d7c4dab837bf66,0.2011271814
ck_ebcb93a2990fc914,0.8144224893
ck_2329cc9702cdf7a0,0.6343450805
ck_db1fa53d588bf99e,0.2415291641
ck_44e57a0bad5a0745,0.4706321722
ck_472c81a144f4631b,0.5043118082
ck_1658429acd5306ba,0.3721735588
ck_466103ec5bd9444b,0.1675154478
ck_9757163e25262b74,0.6096964759
ck_34ed59bc2c9b0186,0.0465811095
ck_b7bd3a7f263f4f29,0.5474298907
ck_149662b09d632e41,0.2407143342
ck_a9ffd6b3957bd41e,0.4185509608
ck_ab80466ef615e85c,0.5116452774
ck_f2c824d3473db24c,0.1197799959
ck_a4a01fd45936b078,0.6122088681
ck_8f6ce158c2902877,0.2162694371
ck_5189a302cfa7cefd,0.1434779656
ck_430a3d03be588201,0.4685271949
ck_b5f9dd00914b4db4,0.7566374686
ck_52dec82e9cf6135a,0.7654647926
ck_95e444a01e2ab4a5,0.3355062131
ck_e37cee7b123692af,0.4788483737
ck_d68d42858a55adff,0.7140626061
ck_3abfc010091d679d,0.4429958579
ck_cee4e4e1b62bf82f,0.4930399946
ck_9ccb17c35e636c5e,0.7947307666
ck_f72a5a3b0d6c1177,0.3968900659
ck_7508aa554fae6afb,0.8959733822
ck_003aa842b7ca1d77,0.8836151287
ck_83b2b192f41ee2bc,0.9419433693
ck_64796b6b2c3c7f06,0.3722414613
ck_6438ae81d43cb196,0.1218849732
ck_2bd73d9098504760,0.8471514905
ck_aa8b9b36a099e4c8,0.7215318802
ck_e5ece47d0dd10526,0.6319684932
ck_16077ac345472e6a,0.2002444490
ck_a4d6e152b0076964,0.2248251511
ck_d90b1d03ae151f62,0.3619881850
ck_18b36d342b530af4,0.2905547634
ck_2a01e610348b84f8,0.4704284647
ck_0a93ed76bf36c8b6,0.3951246011
ck_3d56b477fe2370b6,0.4580023087
ck_17ab3068fa303682,0.5051945406
ck_592a3520d841d11b,0.4979289740
ck_84d07028b5fca2f6,0.3826984450
ck_f4a2bb10afa85743,0.2219053439
ck_4fe4b072f03f2c1e,0.0208460651
ck_9ad08fcc183ea1e7,0.0853534325
ck_130d3848b9dcdb05,0.3123514633
ck_bb399ed6bf28c230,0.6565491954
ck_a31a64a39a2c4941,0.0763903035
ck_c49f25dfb39909cf,0.5372445169
ck_55f50a9ae2db8ff7,0.3793712229
ck_09faa4e771cf876b,0.7695389421
ck_df520a7a6e405889,0.2489305358
ck_8c8c98cc694ac900,0.5373803219
ck_7f0c4f609673ef62,0.2452298499
ck_f51fe59cd445d2cb,0.3737353161
ck_b3fb83f0d772a831,0.2219732464
ck_d6e7e257751c299b,0.4405513682
ck_0d362ddb4a1cb6d4,0.7178651457
ck_a574a08edaf81781,0.0653221973
ck_a823f5bcb0e4b9df,0.0326610987
ck_f792586ad0381eac,0.3965505534
ck_54bfd70022c66983,0.0448156447
ck_fe0a9372c9372de9,0.8996401168
ck_5691cd6fdb6d8147,0.2867522238
ck_a95f212a02433d23,0.0290622666
ck_f5adad75e1c06731,0.7103958715
ck_e09c97520eb0533c,0.8570652543
ck_a1e13c0d58560340,0.0590751681
ck_cacc2ca410cbe80b,0.1898553677
ck_c0dde2a6ef1e08c5,0.3744143410
ck_a04403073c90ce38,0.0976437835
ck_03d3026107175dae,0.5749303999
ck_50176dae5b1b716d,0.0401982753
ck_6c084bfcb38e96c3,0.7323962789
ck_36d2be9012f7909e,0.3915936715
ck_958acf84c6137a22,0.5473619882
ck_114722e12db90a73,0.4474774224
ck_203c2a22c0c165ac,0.3958036260
ck_2c44ca550e5cfa82,0.4912066273
ck_df0a8f20ab8f14f4,0.6099001833
ck_826a27ff7555192e,0.2959869627
ck_09a988ebcf062297,0.8703741427
ck_5c82444b3b9160ae,0.6105792083
ck_f6a4a7ed27fe76fc,0.8026074557
ck_17de46314b5c6a92,0.2314795953
ck_335e63101b1e6c4c,0.7814897807
ck_c5eefc0697451de9,0.8191756637
ck_49a0efb5d4067b6f,0.9313505806
ck_c1f4509c8f5dac5c,0.6284375637
ck_57658eda1c59bc52,0.0116113261
ck_0d5c0736ec76385a,0.1195083860
ck_e0239e6ae30795a7,0.6955931283
ck_e4459115cd8e5e4f,0.1046377402
ck_bb4aec09d4968dda,0.8574726692
ck_a1b4c96faed3e0db,0.6215794120
ck_8247b79ac67aae7d,0.4745705167
ck_fe2fc7d6e5d83f09,0.0905140219
ck_f6aea576cde8d592,0.0144632308
ck_b7e7f7d0cd886412,0.7012290351
ck_ca7b993e8286af7f,0.4279215047
ck_47de038381a9cd65,0.4520268894
ck_d38f941d09eec820,0.6276906362
ck_d9ba2a6c0d926b4d,0.6377402051
ck_cda72f597330d0f3,0.3185305901
ck_16d2d27fadeeacf7,0.0210497725
ck_be05447853d423a9,0.0530997488
ck_cd92852d7376a4a8,0.1000203707
ck_2faf7ecccc9fec58,0.0509947715
ck_db8733fd92f20cd7,0.5800230868
ck_a9989a3a94c26634,0.5877639709
ck_957fb25437c75e41,0.7703537720
ck_e6a6caf6e7de17c2,0.7589461533
ck_f7bc569b37e8bdda,0.4099952468
ck_703b375dd86a6124,0.4992191213
ck_d3cfb3603f2c6ca3,0.7801317308
ck_07cb2b6f2a4303e1,0.4863855503
ck_31631e2028d4f855,0.3725809737
ck_1631bab0ba1256db,0.3236911795
ck_5fdafeaec036f016,0.3537719834
ck_6eda4c36aecad602,0.7001425952
ck_bd1bf9e3e29de281,0.7461804848
ck_bf378ea558a4125f,0.9615671895
ck_7aa2deeda0e57412,0.9985740477
ck_d229cf7f5a3f38ca,0.3793712229
ck_9e109edd124492a5,0.6941671759
ck_779491819995625d,0.7014327426
ck_b89c6fa2ad0a12f5,0.5388741767
ck_1d01b4a609918c4e,0.9720920758
ck_714c5d7cb17bc9f2,0.1578053915
ck_269f1746f2609ed4,0.2287634956
ck_4be03a2aa62b93c7,0.2638690840
ck_cf920313f6dd28fa,0.3686426292
ck_fb00aae4e17740c5,0.2418686766
ck_085d8c42739e2b10,0.9934134583
ck_c72a7d0d03cf3e17,0.8985536769
ck_8f6ca5d3b17eac6e,0.2259794934
ck_d9573100bbff4014,0.8708494602
ck_79d6793d1d0cf43c,0.3323826984
ck_91fa5032f7aff0f1,0.9009302641
ck_87110d84872c0fed,0.6200855571
ck_8220da627e9992a5,0.1861886331
ck_2ae44938847f3852,0.0339512460
ck_b0f191e44f9b6f35,0.6505058736
ck_3049d744b527f4d0,0.1193725810
ck_47d3e8d1dd3fbcef,0.4008963129
ck_ddf787359d2b5deb,0.0807360630
ck_b27a9e39726b26d9,0.3276974265
ck_80c4e9274cf976b6,0.9922591159
ck_c6afa913168ce8fa,0.4038840225
ck_52427b3f8478db19,0.5585658994
ck_3b810f15ca0eaa55,0.1617437360
ck_0c9e420f97baaa06,0.9536225979
ck_f8540cf3a8b2f8c9,0.7395939431
ck_1402d24dd623df72,0.0903782169
ck_eb4f4267e24d042c,0.7014327426
ck_6f661b428d6fb8e4,0.6011407619
ck_519a26ecf3d29c90,0.7693352346
ck_e886ba71d4a6fd73,0.5646092212
ck_437f9ecd2016a1a8,0.3862293746
ck_f01af1b0c977cc06,0.2080532356
ck_614f777c2eb5d537,0.5309295851
ck_b804e784cde9af8b,0.1394038161
ck_c2dccbc1b24b137b,0.8258980105
ck_1df4a1781a0f6999,0.7048278672
ck_bd2cdd53fca26171,0.2641406940
ck_424c254249a109f0,0.7222788076
ck_cf2ca4f286e289ba,0.4374957561
ck_6c33cb15b0d8af54,0.1186935561
ck_311d395fa9b8550a,0.5483126231
ck_9f792e7e721ff7f1,0.4457119576
ck_4c37586080edb7fd,0.0330006111
ck_7c4f42c5397113b0,0.4614653358
ck_fc418f53ce4aa579,0.9718883683
ck_1ba28fb7ef726ce2,0.3890133768
ck_d932f98bf6b83956,0.8485095403
ck_248b3659a9239240,0.3152033680
ck_6a92cf5f4cf5de38,0.4622801657
ck_65519d0fb137e0c5,0.6110545257
ck_ddc3fc99eaba2064,0.6235485842
ck_7310cda3bc65a73f,0.0238337747
ck_c01c85bd631d4054,0.0679024920
ck_b4954d16b9749829,0.6370611801
ck_f301f6758e170d66,0.7856318327
ck_9bf95f8c47e7c7b4,0.2493379507
ck_c91b7fccf6aeb4a5,0.7630882053
ck_785fa45e86bc5e95,0.2927276431
ck_2a65f1cc23f1180e,0.1298295647
ck_a49a2c1f881a3560,0.4552183065
ck_def344d68f06d749,0.2669925986
ck_abbd1465fc730d78,0.1986826917
ck_07a5610ed28162fb,0.5657635635
ck_7ecdee2d7127be8b,0.9174305697
ck_67858bc00e81490d,0.0521491139
ck_b4ad165ace910222,0.1984110817
ck_30753ffe481a1b8c,0.9403137095
ck_c401a26725b17177,0.1245331704
ck_819988d8a7f26415,0.0181978679
ck_3364a1d9261b3638,0.6999388878
ck_c484c5bda389bf20,0.0577171182
ck_ae416325fef92c9d,0.9627215319
ck_5517b9a865960542,0.1155021389
ck_a0e96fed380440b2,0.1606572961
ck_e83409471d2b0b44,0.6084742310
ck_127273af97d7827d,0.0484823793
ck_aaa9861c91bd14dd,0.5255652882
ck_a378c58294001a36,0.9698512935
ck_abb9d65ff1f95b64,0.5598560467
ck_a5ecbefa849ae569,0.2819311469
ck_aa9953c0ca2bed7b,0.2363685747
ck_40bc6de252865f32,0.0536429687
ck_9fb11688dcfe1513,0.5838256264
ck_ba68841ca2ba073d,0.6428328920
ck_1d3e561a7d20be0a,0.9863515991
ck_99a92d710a29c1d0,0.2254362735
ck_ede2e887697ffac0,0.7057105996
ck_e6de67c0d82a7b83,0.1208664358
ck_6b38763bf5ddbcef,0.4163101786
ck_8dd44eead7d765a5,0.4988796089
ck_30bf5b0056eea9e9,0.9098254906
ck_2981d16f8a51a8ed,0.7218034902
ck_fc60f42c68c7024f,0.7400692605
ck_8e2b2251ee224aa4,0.2756841176
ck_1906f0dfaf6e9bad,0.9492768385
ck_dcbe6814fc4ca0b4,0.7941875467
ck_f7e958a286ae3b57,0.7184083656
ck_713649668a7ca824,0.6792965302
ck_6f73cdbf9305e2ea,0.2710667481
ck_dd1c490050cd9051,0.7548041013
ck_e30db36e376606f7,0.8440279758
ck_740d8fe8028b5a2e,0.7958172065
ck_ebbc9418cd41f692,0.1367556189
ck_7b3cc6cc3f250f39,0.3641610647
ck_1d30eef7110809e5,0.9096217831
ck_77e0589ab339ca66,0.6854077545
ck_15ccbf8ff7d14086,0.2155904122
ck_246989b0c288664f,0.5035648808
ck_fc2a6e27b10b10e9,0.3052217016
ck_8afc1112c12f5402,0.3977048958
ck_a76e8d83b9141364,0.6817410199
ck_51d3e8dd7465c015,0.0264140694
ck_e7b4016909405981,0.2761594351
ck_e7a3cfb9bf908e80,0.4572553813
ck_2bb49dc2388cdc1e,0.5709920554
ck_94f4266ee7871345,0.0600937054
ck_b2c896beec146477,0.3941060637
ck_fcf5d4a4748cdd53,0.7488965845
ck_fd0483639811f62e,0.8055951653
ck_9a21d183524734aa,0.8031506756
ck_1df4b46c0a4c317d,0.7127045563
ck_638df9e8a22dfe0b,0.2836287092
ck_65acc43a6dc3e65d,0.8299721600
ck_7c67b73196e3d0d9,0.7840700754
ck_b0ee3a98175b462d,0.4732803694
ck_20fad010969f1abf,0.4992191213
ck_54b087bd873af8b8,0.1025327630
ck_8007824431fa803b,0.5352074421
ck_23aab322810b9fec,0.1837441434
ck_c8001bdb9aafc8a6,0.2801656821
ck_3a34c3ac83cf84b3,0.8646703334
ck_60187ac2c473a662,0.9822774496
ck_6a0ccd7357979f0f,0.8415834861
ck_27f20337bef5ffe0,0.6951857133
ck_f9fc468915afe49c,0.6180484824
ck_1eabc15a94bd9009,0.2910300808
ck_26896c494b2768ef,0.3572350105
ck_348c874eaf0354f4,0.2931350581
ck_be9c46acd216b45d,0.4903917974
ck_a3cce46d15cc20a2,0.8538738372
ck_70804f60d9704128,0.6573640253
ck_a019151ca8e7527a,0.5350037346
ck_571133b2aa8ead51,0.4486317648
ck_0afa4449f20d5196,0.7871256875
ck_4d503c41cf4e5034,0.6170299450
ck_d6fb9cc5171e3e9b,0.9321654105
ck_05ed92a7c3e10e5d,0.4727371495
ck_bfb067986660afe3,0.7101921641
ck_c1a31690c8573226,0.3190738100
ck_cb88ef3dc1f42225,0.0581245332
ck_21e3b3bd998745e5,0.4811570585
ck_cf52e46fa54e4540,0.3014870646
ck_b72c7ac4208052ab,0.5542201399
ck_e6465c56b337e6c2,0.3592041828
ck_5f87eb05d18186c0,0.5597881442
ck_263f6c5ff26b5e98,0.8005024784
ck_e0b7e2c0bbe228d9,0.4936511170
ck_b657ae3c146cb7bd,0.4683234875
ck_abac514d8167ea58,0.8959054797
ck_024dcab126876002,0.5266517281
ck_5d8481e2b38bd99d,0.3507842738
ck_edf229c17d25dac1,0.8738371698
ck_6cb7c97b72d6b5d3,0.4527738168
ck_c96ae2c28086a059,0.3836490799
ck_2f241b97c0f8389e,0.3369321654
ck_9158bdbb63ee8987,0.1624227609
ck_e7b40b60786c1530,0.1300332722
ck_66d38518f68e6194,0.4207238406
ck_8c9b57ad2a991416,0.7397976506
ck_cc91bd7152d3e9ba,0.0494330142
ck_0d846660c7957a88,0.7663475250
ck_60896cdac2212bea,0.7085625042
ck_dc4db8b932df49de,0.8564541319
ck_2dc31db181150e20,0.1201195084
ck_2f138fce1171e277,0.4754532491
ck_68b8b859a6ef505b,0.4237115502
ck_c3fe0c6c5e1f40f6,0.7524275141
ck_15886fe84866de92,0.5179602091
ck_ea269b35406473e8,0.2382698445
ck_3ce7cad1f69b71d6,0.5121205948
ck_054ed4288ee58d6e,0.7465199973
ck_3d4913a86f207fee,0.7785699735
ck_23ff85f9d2355e8d,0.5504176003
ck_d87ab3261322216a,0.0633530251
ck_fac046ce336fe39d,0.2355537448
ck_beb97e498e6cf8e8,0.8137434644
ck_1f517e0ebf397b51,0.8481021253
ck_0af57ebaa45877a1,0.0004074150
ck_f99bc1732ce5e999,0.5933319753
ck_abb056a9deab275a,0.6094927684
ck_0bfc394c5faa65cb,0.1988863991
ck_ddc865af1dd5670e,0.4616690433
ck_68b5542459638b56,0.7402729680
ck_0b1d84252c0b46c2,0.0291980716
ck_520ec32c4f253604,0.6628641271
ck_79ffcfee599d77c7,0.3881985469
ck_eb224c0fd146253f,0.7966320364
ck_0e477084434da450,0.5403680315
ck_07840bba5570785b,0.8609356963
ck_6b67fe8e310ab865,0.4406871732
ck_e2a1068c2fa22525,0.6554627555
ck_b9c6b32f6bd92a3c,0.3755007809
ck_c1e7d1021ae58f00,0.0894954845
ck_5d7801201749ffde,0.5781218171
ck_c8806749e263f70b,0.0119508386
ck_c9eeab826781dc91,0.4660827052
ck_309a432c160a17b3,0.3738711211
ck_b22e3337b8e3dbb2,0.0542540911
ck_79c30169c71b8033,0.9769810552
ck_5a6593d954085775,0.4630270931
ck_70b9b79ea1aacba8,0.5269233381
ck_63743141ffa11f45,0.2650913289
ck_dfd3dbd0d97a642b,0.2288993006
ck_635646a661f05b4a,0.5493311605
ck_4b123d6931b6d0d7,0.8961091872
ck_f2b0e7a47f442557,0.8995043118
ck_1b1df006b81d38ba,0.3054254091
ck_360237c1bd30f4bd,0.0251239220
ck_5e84bca0e362da20,0.4376315611
ck_142dba210ed2f3b5,0.8314660148
ck_a3564236069e3524,0.9024920215
ck_cf36d8b070ded782,0.2157941196
ck_ddd6625c5eddad70,0.0455625721
ck_ad54292a0b2f44ef,0.3340802607
ck_45cd5ef6b359e9b4,0.0488897943
ck_982c2392238b7be3,0.9239492089
ck_083e4ac78685c3bb,0.5519793576
ck_729cc0b46cc2e546,0.8927819651
ck_f2b8995fe5402759,0.0404019828
ck_73e24f5a8da289b3,0.6656481293
ck_bd85f30c36f5998d,0.6681605215
ck_ee4ff3aeadf912c1,0.4009642154
ck_63d2978706e193d2,0.4073470496
ck_6a0684436a1e66c3,0.8072927276
ck_182dc4a2f5a366da,0.1977320568
ck_e6fecb82fc2a82de,0.2097847491
ck_cfb06f07394dfe64,0.0545257011
ck_7bbe1dc8add17ef0,0.5552386773
ck_5cacad76e02c8e3d,0.9480545936
ck_ca68dec0c7df5a12,0.7359951110
ck_e4c0fc52c82065d3,0.2650913289
ck_f9197b070416f443,0.0615196578
ck_2a07c7021b71cf65,0.8110952672
ck_4fa85cebf707de2c,0.0933659265
ck_0063d2a9507467e5,0.1053167651
ck_ec986285fff05b7d,0.2872275413
ck_279d43303708109b,0.1561078292
ck_a406bf11e48cf8c5,0.7050994772
ck_064b2aa3f0bfdb6e,0.3974332858
ck_95790440bc4bd2d0,0.3632104298
ck_70066eea13b4c34f,0.1121749168
ck_19468fe07e26f992,0.9748081755
ck_86bfe328e0a533b9,0.9534867930
ck_ace3b96c977a7560,0.8902695729
ck_642344e5c652d8df,0.6200176546
ck_074be35c951ae10a,0.6224621444
ck_f14dce41036486a3,0.9942961907
ck_5cf67a3a747e684d,0.8044408230
ck_f7285b92648c1c81,0.4380389760
ck_bef3193f124fca5c,0.9090106607
ck_05c4dcbb45de1f8d,0.6440551368
ck_d7c28eaa05bb7144,0.3382902153
ck_320df984791a1b99,0.2587763971
ck_f45bad1606fa00a7,0.0484144768
ck_6f81c199e986d9fc,0.1576016840
ck_d0c9633fed57c344,0.9547090378
ck_a3c25d6cc7478068,0.2053371359
ck_4185506d12cf9fa0,0.1927072724
ck_7a02ee1bfba7353b,0.5571399470
ck_1b52590757c0fbeb,0.2420044816
ck_a0e5656e1cf9cbf5,0.0510626740
ck_ace21f6daef94f6e,0.2058124533
ck_646d8d0834782d6a,0.9481903986
ck_1f136a4476b5e775,0.4700889523
ck_325c7643cce02da3,0.3505126638
ck_9b5e7fe28208f5d1,0.0891559720
ck_05d81b1a150f31c5,0.2800298771
ck_0e9ec486bff403c5,0.1470767977
ck_ee13c091bc379188,0.4504651321
ck_f7a7f8f5903617c5,0.3776736606
ck_96c3a3517153390e,0.4837373532
ck_538dad7f096458ad,0.0816187954
ck_8758fc6622bbb7df,0.3793033204
ck_f7e53af3c91fec64,0.5817885516
ck_80b50fad7f255e1d,0.7101242616
ck_9645e7adc08631b5,0.5730291302
ck_e007aedbf37d6ec7,0.2991783798
ck_2951d76c41de2569,0.6854077545
ck_9439bff87e616d4a,0.9070414884
ck_a73045e96af0e4fe,0.2437020439
ck_7b382e533e2e925a,0.6193386297
ck_730226c2d216cacc,0.8172743940
ck_bdf837d761a7cec2,0.7066612345
ck_0b34197335ba3341,0.2410538467
ck_49170c4b31a20f5c,0.0467848170
ck_cd553ba6589d8bfd,0.4913424323
ck_56b992c6f136fa5e,0.5143613771
ck_8beae3d7328fa41a,0.5973382223
ck_1a065ea906ae3d6a,0.4312487268
ck_e9e3381d5e0e5051,0.0704148842
ck_a6d4f998dadc90c2,0.9392951721
ck_d36733da917115a6,0.6814694099
ck_e738e920bbd74a7d,0.1804169213
ck_af65eb885a51048d,0.3078019963
ck_73f4eb09af29b1c0,0.5340530997
ck_8fc641b1750a2542,0.8316697223
ck_41b954c7a948c060,0.7832552455
ck_25fc3010e8a0f6d7,0.8426699260
ck_a2624e0387974e0e,0.7076797718
ck_5cb9d7b2329d5ab6,0.6733211109
ck_6c83aa1d100a7cd8,0.6589936851
ck_67025c64588abd1e,0.3818836151
ck_f5dde68f6f0468e1,0.2824743668
ck_46bfb2cfc29a6d2e,0.8432131459
ck_49dddb894d33f6db,0.7980579887
ck_f738b633b8862d18,0.0526923338
ck_3d6c3c00d854f5a4,0.7875331025
ck_cdb8061d8d1a6c5f,0.7359272085
ck_5e1b81848718bdc3,0.5402322265
ck_8def763034187436,0.1967814219
ck_8f8e4fb9c6190272,0.1275887825
ck_368b968b5f33431e,0.1169280913
ck_ba7e347251ea399b,0.5876960684
ck_9075432001a64e75,0.3888775718
ck_73c5371635aca173,0.9548448428
ck_81793387b38047cc,0.3761798058
ck_0cf220816e320ac5,0.0907177293
ck_820219bb9c761b52,0.2067630882
ck_70a932ab39d86a24,0.1643919332
ck_2c4be237a7ed79c7,0.5595844367
ck_acc764b49ef02826,0.9103687105
ck_74c3c3452e4e7cce,0.5568004346
ck_34dfb57e5bf31d2f,0.5783255245
ck_6ec39903f765956d,0.7607116181
ck_5986119e7d81e831,0.2445168738
ck_2ddfc948b8eac752,0.9217763292
ck_921ff5ceaf40a968,0.5795477694
ck_fb3b68b4424b5f92,0.4404834657
ck_c3db1b3ad4f16679,0.1489780675
ck_124a197be41687f5,0.5567325321
ck_c58d9151834f5bad,0.3996061655
ck_389607982eb6b701,0.9556596727
ck_fb0c138c003e933a,0.0598220955
ck_50d0bb7edd8c69c0,0.6466354315
ck_c6cb651149dc9a8a,0.4642493380
ck_81e21354e477eceb,0.5063488830
ck_7696e38b3e4197b0,0.2475724859
ck_586001d3ed9e7fbc,0.2379303320
ck_bba413492dc46f2a,0.4957560942
ck_95b894380ad2702a,0.3251171318
ck_277621473369614f,0.9989135601
ck_a50621b5eeca84b4,0.1125144293
ck_bfa7ba218b988cde,0.6867658043
ck_5ea89567dfe78e4b,0.3625993074
ck_6c679602a6476ab2,0.7987370136
ck_d3885e286b3b11d2,0.7835268554
ck_cdcf6671b37c9c92,0.1189651660
ck_b5c93e6d34f8d366,0.3669450669
ck_c24f61925dc158d5,0.8398859238
ck_cd09375e6c81d2c4,0.5024784410
ck_a95afc7a00303a26,0.8379846540
ck_8e89ca8b39f3f8ad,0.4894411625
ck_9a84b396aada3fa8,0.8546886671
ck_5124a2e415384945,0.6321722007
ck_d66bb1f063357f99,0.6667345692
ck_0fd9312411b0ac55,0.5483126231
ck_ad8cbe6e27e47ede,0.5797514769
ck_8398adeaf41f9cae,0.4703605622
ck_dcf851e7bb5855d0,0.0035309296
ck_9affb0f26776b642,0.3630067223
ck_f0424b3b36bdbef0,0.6596048075
ck_66746d1090d6d9e9,0.1853059007
ck_e5f8c8a5824db594,0.0943165614
ck_3e91dcc209431984,0.3021660895
ck_126a82e8d42e5ce6,0.5781218171
ck_38e4a74ab256e2eb,0.1307801996
ck_1225a97fc413a419,0.7474706322
ck_9b5ec0f78e160e65,0.7030624024
ck_7c5529bcc079600b,0.4723297345
ck_29640fc2fe81c251,0.8016568208
ck_160e9ba0a3f7c1fd,0.4701568548
ck_bff090cb4ab76b9f,0.9311468731
ck_aa06ed358e43db69,0.7961567190
ck_7264486eb512d84a,0.7365383310
ck_f5a32e6160b28379,0.6155360902
ck_4ba8bec14c2217e1,0.1330209819
ck_610815786d729d2f,0.8621579412
ck_e267999226b6321b,0.0149385482
ck_f3996a3c8eea1ea0,0.3473891492
ck_e9b75ed7567a3f23,0.6426970870
ck_d21612d48bb4f7b8,0.3668092619
ck_1f871df76c6a995b,0.6852719495
ck_953bd5de48ccd70f,0.9129490052
ck_02a9104419a6dbaf,0.7011611326
ck_1eeeee651e05d535,0.7639030352
ck_e2ab04136a442a98,0.5177565017
ck_f0d806624ef3d359,0.3190738100
ck_4b68b38c1b3326a3,0.3679636043
ck_74e60495f8861156,0.5775785971
ck_398f3f4cf05c721b,0.4349833639
ck_f761b7650a0c1a85,0.9188565220
ck_7dadef33f5e2d94f,0.9851972567
ck_6ff6883633b8c7ba,0.0801928431
ck_4d2159603045109e,0.3262714742
ck_a38bd07a5fac5c9a,0.6491478237
ck_f517f06551e69507,0.0502478441
ck_a7ea00a1760ad561,0.9904936511
ck_31fc51d5a3dfe16a,0.5937393902
ck_bac5233623b25ca4,0.4849595980
ck_385188ab27784fe3,0.7799959259
ck_9947a323bab5cacd,0.8148978067
ck_7973edc9f22ee7b6,0.5561893121
ck_f97c477986043755,0.4576627962
ck_1a3fd2cc4b4de196,0.0563590684
ck_e18ac29ea62cb435,0.7353160861
ck_9720a472a3e0140c,0.0116113261
ck_668c7fc7d7e47c0e,0.6297956135
ck_214af0806470ef48,0.2894004210
ck_a46c1773f01f0be7,0.9083995383
ck_f2bdcfb4203ffdee,0.7591498608
ck_40e84e6ffe788a4c,0.5449854010
ck_dfc6f5712d8d6678,0.7660759150
ck_01ef1036b2e66a4b,0.2339919875
ck_3acfec10eec32f9c,0.5155157194
ck_084a85145c15ed77,0.4977931690
ck_fcdb4fe2f095fba1,0.7768045087
ck_023908db0a193076,0.8375772391
ck_fec0ff92fd622253,0.3313641611
ck_c009c97d5fafbced,0.8319413322
ck_eb9f0c06ee017ee5,0.5352074421
ck_d7792b429620fc24,0.0323215862
ck_5e9e149a3b69c726,0.5868812385
ck_ce927322ef8f651c,0.1971888368
ck_b8fd61a8e82bce32,0.9836354994
ck_9aafc33fba1474cb,0.1593671488
ck_ce81ff9b8b35562f,0.7303592042
ck_25bfca1d8eaa152d,0.0968289536
ck_170c65860e2a7e23,0.8319413322
ck_952da7ca9f33decb,0.8914918177
ck_1ebd574406235957,0.2967338901
ck_589109a188adc2c1,0.4051741699
ck_f0cbd5383bb07778,0.7233652475
ck_242521e261148fba,0.1170638962
ck_509cece86a558de4,0.7510015618
ck_0dd7c5925d28755c,0.4744347118
ck_a7e669cf1c3985aa,0.4282610172
ck_acb84dc2351eeb76,0.3173762477
ck_b837c7dac2a9b931,0.6474502614
ck_18eb1f9181f95df4,0.0918720717
ck_b0b9047dddb1ec84,0.5222380661
ck_43aa136bdb0a2832,0.8999117268
ck_3e47f8c56c811700,0.6008012494
ck_77c587d24695ea15,0.5422013988
ck_20578ac693ea4e93,0.7376926733
ck_b9f6040eebd1605f,0.8013852108
ck_ca9d86f65cfdf018,0.8275276703
ck_a4fa8833995c716a,0.5380593468
ck_f589f1e29301b5fd,0.4396686358
ck_961ddb8ff55d868e,0.0313030488
ck_5662492a54e6688b,0.9274122360
ck_ad48826c1c26eb78,0.9569498201
ck_621c9ddde6bf2eca,0.5197935764
ck_417a3500b2c717b3,0.7116181164
ck_c7e129058beb3ac1,0.5515040402
ck_ec1c902b9b9b9c5f,0.8544170571
ck_317360ec0a67d27e,0.7410198954
ck_3e3ea5d8c4a229dc,0.5921776329
ck_d11d27de7bf0b973,0.5362259795
ck_d37d56e931105db0,0.4110816867
ck_4863077723cd6ce1,0.3570313030
ck_479a065d5903e9c3,0.4677123650
ck_e66ae4fd586fedea,0.0690568344
ck_192bbfd0d5720134,0.2723568955
ck_3b436cb29af99f3d,0.4542676716
ck_7c7ca54969eed187,0.6910436613
ck_826ee896c9f1144d,0.8326203572
ck_ba1f6dd43fc8a0b1,0.1167243838
ck_49685deb63e4e8f8,0.4266313574
ck_687ab5d5554bfa79,0.4975894615
ck_41346ccd9242cc8f,0.0042778570
ck_8f8e5e2b9dfec3d1,0.5336456848
ck_94d5ce61a0c50465,0.2028926462
ck_6b954c75aad8c012,0.5251578733
ck_748af92828c9d288,0.0837237727
ck_dddd14091ce812c2,0.4290758471
ck_723323f6870fab59,0.6027025192
ck_dbdf8d0708cc6718,0.1395396211
ck_f04938570a154de3,0.0239695797
ck_58afa1550b3b5294,0.2695728933
ck_3b150afde386ecff,0.5204726013
ck_666b95e75d99ec4e,0.9673389013
ck_e00332597cf1eb24,0.6251782440
ck_9a9e3dac79280d7f,0.7998913560
ck_e8d37262e859d9a1,0.3045426767
ck_895bb39d24bc1c4c,0.2045223060
ck_b367449195e36499,0.2762952400
ck_d23f9a50d1135ce1,0.7169145108
ck_670dc4910cf476c2,0.0245127996
ck_3ecd8a5ce65e21ca,0.0660691247
ck_8584fea2df4c6317,0.6088137435
ck_0789ff4562202b20,0.2362327697
ck_749e0e50c3907be8,0.3748217560
ck_c3ff6790cc6d7e34,0.6224621444
ck_75fb7e56432ee4b2,0.3841922999
ck_529fc3170fd11abd,0.8550960820
ck_34a69b3b4a681796,0.8642629184
ck_255f0e5888ae9e23,0.5805663068
ck_65be698386474170,0.3992666531
ck_5eec9ed855c26000,0.4808854485
ck_5ab39bdc9610f6f3,0.9534867930
ck_1b5b75762f033462,0.3580498404
ck_d3e208671cf37f91,0.9709377334
ck_5068ee554ceff971,0.5208800163
ck_d7d50fb57fcb2d0e,0.0983228084
ck_ba6e1115fceaa067,0.2825422693
ck_d07bfb16a4a7dac0,0.9696475861
ck_ead68310311690c8,0.7027228899
ck_ee53ce862bc9c111,0.4682555850
ck_97e56e6037024dff,0.0520133089
ck_80b04344c98ec072,0.4573232838
ck_5954f45a2ab45f43,0.5172132817
ck_18ddf7e836256e3b,0.3960073335
ck_89a1a780144d808b,0.6420859646
ck_a7331e8b808c39aa,0.7699463570
ck_a1fd0ad03ff9b776,0.6847287295
ck_c0cf50eef030b401,0.3174441502
ck_074f20921189e7d6,0.1214775582
ck_e2aa7be60794593d,0.5799551844
ck_72771757dfb7f7a8,0.5315407075
ck_a9cd84a6dddfe584,0.6704013037
ck_142c00f9f8557504,0.6447341617
ck_221b5d40358230f4,0.1421878183
ck_a2d7a563f520b7ea,0.4212670605
ck_66cd34bc568d95e0,0.6397772798
ck_a17128972d3e507d,0.1692809126
ck_bda299466bb2136e,0.3731241937
ck_2b699066665abe8a,0.1725402322
ck_0ac9848bd4ba0c14,0.2160657296
ck_98d2f9a6ba3a3077,0.9534188905
ck_a872df31b28a5f7f,0.9014055816
ck_7e73e1d44ce82ed9,0.3566917906
ck_1a415416f620d49d,0.7074760644
ck_c95c786d2f8b8edc,0.0751680587
ck_e45012f22b7f91d5,0.3554695457
ck_aa0b083e2a6813eb,0.7112107014
ck_4666232ddbf77756,0.8233177158
ck_e08e9c8ec5f23d8b,0.4510083520
ck_31d4c0518e5f52c6,0.4905955049
ck_c1ab40638f04cb02,0.4732803694
ck_4c1fdd1669c7cf51,0.5976777348
ck_11662cc7940ffc82,0.6829632648
ck_2e679af24adedac8,0.5095403001
ck_454b9e21b7f25a4c,0.4051741699
ck_355c4f29089731e8,0.9071772934
ck_507e40760a24d2d5,0.7594893733
ck_0943e0f305078e34,0.9912405785
ck_abc54ed7111e9ed1,0.3156786854
ck_a60fe02fc04407a9,0.8074964351
ck_244b897bb4d57c1f,0.2364364772
ck_8c84fcde93a04334,0.9161404224
ck_9eea37d2de633b27,0.7816255857
ck_b2cb9e6610eca967,0.1335642018
ck_09aadb4c41b166f1,0.8230461058
ck_8d94fbb4828ef326,0.7585387384
ck_089e3a07abbe3b8f,0.0313709513
ck_dfee9de05e3971cf,0.6726420860
ck_6abf8302ce052451,0.7959530115
ck_6ffa90143838a4a2,0.3087526312
ck_325caeab5c7a9c3a,0.3233516670
ck_1964ee9db929a173,0.9678821213
ck_942b95988a6245a6,0.7846811978
ck_913ecdeeb8e21a9c,0.2067630882
ck_ecf9794349eb4b3b,0.6397772798
ck_b6cb8d6ae828eed1,0.7105316765
ck_2f82ea66c4f53b33,0.8995722143
ck_6e676daa4855b58f,0.7453656549
ck_2a37fef48b44e9c8,0.4284647247
ck_3bd12d468fdc2450,0.1535275345
ck_1a28b6a40a6bd3b4,0.6328512256
ck_61b79dec96d15713,0.3530929585
ck_31d5e3daced93d3c,0.2288313981
ck_e6c8611c0cf233d7,0.5500780879
ck_f04761b4a937ac3b,0.3162219053
ck_38c1c75cf055031b,0.6740680383
ck_59a561f3df01441a,0.5570720445
ck_04e40f556a5062ef,0.1315271270
ck_8409716d174635b6,0.7378963808
ck_3019afee83342701,0.6602159299
ck_b51a58e7f032c9a8,0.5940110002
ck_5043e474f848346d,0.4871324778
ck_4388abce33ecd01b,0.9454063964
ck_c93def7392f0aff5,0.6934202485
ck_72e7b1acc19df820,0.8428736335
ck_f253130dc3ca5b3c,0.1115637944
ck_eb264d1b180d4b4c,0.9174305697
ck_c2504f5a113433ee,0.0076050791
ck_c16ab1e4dafb4910,0.8975351395
ck_4bc42878fa180991,0.4286684321
ck_1c771a7c78f6622c,0.7091736267
ck_d523f0e50a2747ad,0.0572418008
ck_9060f4e7ab7a1b0c,0.3425001698
ck_6b55ec4e87a5e22c,0.7757859713
ck_55fc62a5f89a7251,0.3709513139
ck_bd2545c62f258231,0.8533985197
ck_1ccdc69d0bb712b4,0.2203435866
ck_710f867a3bd5898c,0.5689549806
ck_f91d48c40337d375,0.7170503157
ck_f76d929541ed41dd,0.5041760033
ck_e26a6659c237b650,0.4379031710
ck_184983177b73dea5,0.4572553813
ck_6d0d081bfa8a0022,0.6225300469
ck_2f6e64f638da0f97,0.4819039859
ck_15b93103ccd38609,0.1495212874
ck_094d10439b7b4eac,0.4174645209
ck_d2ca47180a926ba2,0.7639030352
ck_a69ca7b9d70972bb,0.0014259523
ck_68914e67343a7d32,0.1568547566
ck_8176616132458c0f,0.3073945814
ck_eee99af3598311b8,0.4111495892
ck_94410eedfca91304,0.6484687988
ck_cfb11a0a2325bff5,0.0302845114
ck_75217ee144b715f8,0.7039451348
ck_d56fc799542299b8,0.0977795885
ck_4c352dd3e7c81269,0.5754057174
ck_e23e50e02cb3904d,0.8400896313
ck_b921af37d500e139,0.5601276567
ck_82181b935360dcbc,0.9879133564
ck_22a7cf3b99c5e5fd,0.5871528485
ck_f67ee7910d532216,0.5678006383
ck_5f48762a14a0326f,0.4389896109
ck_1757fcb0e6e3f88e,0.8923745501
ck_2c2f080ba185016e,0.6242955116
ck_4c25570eb72711b8,0.4941264344
ck_a3be871ca22ac416,0.4812928634
ck_ab70961e7c6695b2,0.1973246418
ck_a1cdebfc42a52448,0.3226726421
ck_f1b80b821a20186d,0.5413186664
ck_ae668e4564cd2aa1,0.6005296394
ck_0e2bc3a5afa439d8,0.6926054186
ck_3dc378f37d0b74b8,0.4199090107
ck_9f9555197480d1cd,0.7758538738
ck_bf4e7d48770a4a8b,0.6663271542
ck_614ef655f0685060,0.5635906838
ck_04d2ea38ee27770f,0.3625993074
ck_e03a9d8ac94161d5,0.5968629049
ck_d4007b5b26d9d854,0.2847151490
ck_2dd147ce6d61749f,0.5980851497
ck_ff45764ea7d6619f,0.4962314117
ck_dbc487cb0a6c18da,0.9576288450
ck_791d5392bbd80447,0.0450872547
ck_b4068439c413b150,0.8016568208
ck_85df7b7de9700aba,0.3655191146
ck_001e42551cd06e40,0.4479527399
ck_a6c02ae50932cd9d,0.8176818089
ck_9fd0be2c018ff5e4,0.9060908535
ck_32a495128395fde5,0.4615332383
ck_b6f2a2fd232c141b,0.9035105588
ck_28dde633692904b0,0.8498675901
ck_a1a93c5f375f6021,0.4396007333
ck_e3982142336782df,0.3634820398
ck_a9812ff3c111ea94,0.3895565967
ck_f04062216f95fa00,0.5252936783
ck_7c560467daca735f,0.0187410878
ck_76ee10d6e2dba70f,0.7942554492
ck_3521243bdac61178,0.5354790521
ck_28588fb03b320520,0.7338901338
ck_580dcec33ec232b8,0.8553676920
ck_7109923fd7dab20a,0.5911590955
ck_7c872c99481c1e9e,0.3430433897
ck_46f4e1f5026f4d1b,0.0118150336
ck_00d1ebc31ec4653c,0.5466150608
ck_aac70764dde15168,0.5163305493
ck_648c03f9aa4e45f1,0.1583486114
ck_5478eb69ef912785,0.9020846065
ck_79b8523137bb2603,0.8066816052
ck_795c49f312640019,0.0045494670
ck_89184bf7b7fe41cd,0.9020846065
ck_97d4bd922996fa10,0.8462687581
ck_1cef30d08f3a598d,0.2488626333
ck_2f9fd36a4a40a6a8,0.1572621715
ck_40780fc0f8d6f309,0.3435866096
ck_9083ca9fec2a7f4c,0.3451483669
ck_62081bc35aa59931,0.5667141984
ck_2e1b46c5fc56b863,0.8734297549
ck_3d139692c51b604a,0.8212806410
ck_b5e54e22e3d6960a,0.2395260406
ck_c0c4be3f44311b04,0.0771372309
ck_82a8bdd2692c2a5e,0.0639641475
ck_bdd2da300b530c5a,0.2558565899
ck_ee40498cd97183d3,0.1358049840
ck_70b9274473bd6dfe,0.0181299654
ck_473d6314ea614b29,0.1490459700
ck_7443d6dca8cd1352,0.3839885924
ck_3b49768b448b071e,0.6339376655
ck_b43f04431c267dea,0.2077137231
ck_4424a5223ba2fe00,0.4857065254
ck_819bf3e8231f4081,0.5886467033
ck_91d417507a8c58cb,0.9067698785
ck_e88e86b19cada4aa,0.5216269437
ck_59684167f9c6bf4c,0.8678617505
ck_d5f5b0dc97b9dc27,0.9165478373
ck_13d1b192bbff8f32,0.3322468935
ck_b21d8630387cabce,0.0549331160
ck_e4ac22046699b99f,0.1942011272
ck_74b848064f2ff45d,0.0619270727
ck_166aa980cc87fa77,0.8170706865
ck_98e337806104dd88,0.2553812725
ck_66eb09be007f0755,0.3055612141
ck_3ec9b9d8dd7be11c,0.6438514293
ck_8b8b9de339d75d0b,0.3179194676
ck_6715139e240007d9,0.1674475453
ck_a0255ab46e122d2f,0.4768112990
ck_66e81a4190c33510,0.2250288586
ck_5d75ea4f5c9080bc,0.8582874992
ck_df69858b8a8b3165,0.2173898282
ck_e15252ebd7553422,0.5472940857
ck_34d6d74bb3ed11e5,0.2746655802
ck_c2608f78f6851d10,0.5774427922
ck_bb99071e8f58c8a4,0.7365383310
ck_06010f0df5b7cef8,0.8721396075
ck_8c582eb0f6c0148c,0.1853059007
ck_0034d010d28aea78,0.4315882393
ck_01c1f06692566ca1,0.4040198275
ck_4807726e797fb893,0.6706050112
ck_edc9668282e3c8cb,0.4004888979
ck_5486768475af7bb5,0.9580362599
ck_3fb9813849e51837,0.1660894955
ck_861af5a9a9a6d619,0.4884905276
ck_da39653add0f1109,0.1408976709
ck_74a4244eb1f162e4,0.0118829361
ck_9a930faade55b8ea,0.1487743600
ck_fb6e06ca88519dcd,0.3061723365
ck_9776cd8263a9f415,0.4496503022
ck_b3dd1198ac5aea73,0.4482922523
ck_b6675a04df1a4276,0.4537923542
ck_5c7ad6e731b69333,0.9427581992
ck_28dc0fdbaec00580,0.8552318870
ck_8e7a32f7e3905f4e,0.5300468527
ck_8563fed6674afc77,0.4451008352
ck_9a2fcccb82da663e,0.2022815237
ck_6a519bdac0d94527,0.3141169281
ck_a0dab7aa9c4a39a9,0.6189312148
ck_a3ce05e9e5e32142,0.5338493923
ck_7a7e40ee3f97c035,0.5212195288
ck_9e9a830785112a73,0.5113736674
ck_ab1bb02f6b189304,0.8529232023
ck_7b8cb0f90fbdc8c6,0.1296937598
ck_b138fc249e659e60,0.3838527874
ck_e73caa3771ec5e0f,0.7598967882
ck_18a55b06ccccd88b,0.5081143478
ck_fdcb1d9265d8fec1,0.7605758131
ck_e21a900556b382ad,0.4127792490
ck_c6bf67470f526771,0.5625042439
ck_b568ba3837afb39a,0.0321857812
ck_a2858979dd5645ef,0.0492293067
ck_1da9d40837ebaa57,0.7107353840
ck_9341c7959543c542,0.3917294765
ck_c8ad86806b9a2369,0.7984654037
ck_5c85d93ecfed4b0e,0.4764717865
ck_f07b09879d697b82,0.5629795613
ck_fe43da07608b1749,0.4573232838
ck_4bca22b5926b9c28,0.0300808040
ck_aba573aa942b1d41,0.0656617098
ck_57c14e32fa4683bf,0.5381951518
ck_891530b489ce402b,0.6554627555
ck_5e74fdadb93ff293,0.7072044544
ck_14436a409ebcc90f,0.1169280913
ck_00013fdfa0bd37dd,0.0846744076
ck_7dbe24ba01316775,0.8009098934
ck_0e3f80c1553c591b,0.5602634617
ck_3edc45db58760d76,0.0464453045
ck_29076a13f539187a,0.9115230529
ck_b1e81b58b9a545ce,0.7876689074
ck_3f8571d4f7420b2a,0.6821484348
ck_7dff6abe4bd644dd,0.9633326543
ck_2884bab237af16b7,0.1287431249
ck_231e6dd1fe708000,0.7552115163
ck_33ecaa7b892e73df,0.3365926530
ck_b109ec4c63503030,0.1508793373
ck_a7f522382509cef1,0.2475045834
ck_748b3ea941d8b3b9,0.7141984111
ck_29f3a1737a2d9634,0.4788483737
ck_cee8d42475a0f020,0.2079853331
ck_c6b6ebe145a8ffab,0.4846879880
ck_21c99e1d6b881894,0.3470496367
ck_5ad798286384484e,0.5699056155
ck_b621b6ffcc7f4848,0.5208800163
ck_ea819e337233475c,0.7350444761
ck_9e3896c2668ce06b,0.5615536090
ck_501dcf1ead036d2b,0.8831398112
ck_8d5eda29a2cffa3c,0.6127520880
ck_4d3aa36ff83f1132,0.9357642425
ck_8e9faf94e3e6c757,0.1226998031
ck_ce0ec41f96951048,0.5635227813
ck_f09165d73ee903b1,0.4018469478
ck_a432b1bf1d3b3d5e,0.9408569294
ck_ea618f720ff0b4b0,0.3800502478
ck_7584e7bd755cb28a,0.4709037822
ck_e14681aad43e1a72,0.5599918517
ck_5e18870d8e30e379,0.1085760847
ck_ff7c26a62bda8089,0.1735587696
ck_cc5a35175d381d5a,0.7048957697
ck_3c25029e40aa8a84,0.1327493719
ck_771247b5bc16c12a,0.0774767434
ck_664b5e02759f985a,0.0192164052
ck_692a9e8f504b9762,0.0327969036
ck_df8ad2deb0a4ffed,0.4592245535
ck_eb48c0bcd12ea654,0.5340530997
ck_7c77e597c951cdad,0.5709241529
ck_4f75144c6f3b13ad,0.4126434440
ck_1bcff399166d7c43,0.1719291098
ck_975c2aa3d4a8c51a,0.1761390643
ck_bc6f07b06aaa4ce3,0.9000475317
ck_80b072b7f3c7e8e5,0.4488354723
ck_471e4018a23b4e56,0.8491206627
ck_53cddfba570b4a3b,0.2035037686
ck_630530e50764f229,0.2806409995
ck_dcef7887a4f1e435,0.7581992259
ck_2795921a055643f6,0.1030759829
ck_7456df89f3792235,0.2359611598
ck_5014a3b07e1f049f,0.9423507843
ck_d4ec44760cbe03f4,0.3276295240
ck_96810ad39d4cb7b0,0.5444421810
ck_3222ea25aa29bfa6,0.4920214572
ck_f6c42001b84a10cb,0.9213010117
ck_5ac86682385c86b8,0.3080057038
ck_4280c33af57eb4f4,0.4469342025
ck_05f79ddd8eefaa56,0.6369932777
ck_3a57a13ce032a6fe,0.6509132885
ck_a721f0d635fad68a,0.2094791879
ck_a3f821bdf408c326,0.0309635364
ck_0ada63008be5685a,0.7577239085
ck_8c949bdc6e8720fa,0.7898417872
ck_c0d2c56f9c722e99,0.9845861343
ck_5d2b9e6e087b8dfc,0.9974197053
ck_5217b55593a332ca,0.8751273172
ck_7a7bb9be5a7e48ad,0.1525768996
ck_24cd0d779e866287,0.1408976709
ck_7367917891a63771,0.7601004957
ck_4b31a8862a857e6e,0.9785428125
ck_81429c4910ca46cd,0.0827731378
ck_b35d803568f82d9a,0.6039247640
ck_4b00e75c2d2d0522,0.1576695865
ck_77fced07f6dff42b,0.4360019013
ck_3c9a06eb07c300e4,0.0553405310
ck_b3867f7f494db64c,0.2405106267
ck_0c45e54897ab34e2,0.7112107014
ck_507a6a580ab55c76,0.8713247776
ck_291bffc7809f896a,0.5315407075
ck_3753cc5b9d02e2fd,0.0357167108
ck_4f63d5245b3ac1dd,0.3748896585
ck_9dfb2ae78659240a,0.2830854892
ck_90f6f5ced708aa75,0.1618795410
ck_8b5b5a6b5539e39b,0.9690364636
ck_4719112b55d20161,0.3050858967
ck_fec888a7108ca52d,0.9910368711
ck_4f5d022c99f118b7,0.7349765736
ck_e967ff05514b697b,0.8103483398
ck_839ce35819bfa4fc,0.1287431249
ck_bdee1221b9addff8,0.0984586134
ck_9cde4036d0914427,0.2667209887
ck_5ac959cbcc5e98f3,0.3164935153
ck_619842688294dabc,0.1940653222
ck_7373d7b04c7799bd,0.4785088613
ck_c1dd3feb9a0b6471,0.5045155157
ck_0324a4812ec319c6,0.2456033136
ck_7f3685aa2933b251,0.8313981123
ck_06aee5a62a67a84c,0.8688123854
ck_3428910b44b9d08f,0.3709513139
ck_c3ba7534cefc1de8,0.3870442045
ck_1f1273a67cbad5e5,0.8372377266
ck_124565a11b2f8bb8,0.1497928974
ck_38e46bc861e0165b,0.5367691994
ck_c8ad3f01319c065e,0.6921980037
ck_3f94a34f5038f7c1,0.9094859781
ck_cee56be5a502fbd1,0.8496638827
ck_2b90b76cf4d162f9,0.2120934338
ck_884b2e463ff1d54f,0.6220547294
ck_fab4f2f8531b4827,0.3008759421
ck_4fc6256e0e60a926,0.8625653561
ck_0a2f8b2f8a5b6f02,0.0900387044
ck_9c0deab8a8367c5e,0.1050451552
ck_d3a2a4c011fa2554,0.4146126163
ck_4108b4038f762817,0.7168466083
ck_4df036e2aa7e1056,0.0977795885
ck_ec094eb1cbb3efc5,0.1704352550
ck_09f8f51bfd2492c6,0.1455829429
ck_b60fb9a10d6f4489,0.7444829225
ck_3638bc3388dbc1bc,0.8222312759
ck_7a58e0cc9943c39a,0.4698173423
ck_37dab6a0a536ed49,0.8648061384
ck_adc576690df5b33b,0.4804780335
ck_1383b2b1875000f2,0.1467372853
ck_43c1248db37a2eb0,0.1865960481
ck_29c11bd68858e923,0.1106810620
ck_9401f9e11f65337d,0.3770625382
ck_ce5ed372b1a2ed6b,0.3430433897
ck_08b4619490e751a8,0.9512460107
ck_44b9125526acb05d,0.3090921437
ck_ef1a1de20d2124cb,0.7173898282
ck_e5e2624b7fc89774,0.7475385347
ck_f5100511609b92c0,0.0551368235
ck_64f3bb17101b7c42,0.4080260746
ck_ea1e5b5128ecba2c,0.2666530862
ck_516163fcf04d5e77,0.5149045970
ck_7f9a748110d70005,0.4342364365
ck_d263b55f0a681cce,0.6466354315
ck_0e962eacf98a813e,0.1105452570
ck_0406931800e0e2e6,0.4757927616
ck_0e9b982afc88a3a9,0.9976234128
ck_8bbb625384edebd7,0.1439532831
ck_5eaeb87bf6207406,0.9796292524
ck_cc3318839c4b0745,0.1302369797
ck_08a0355d1f1890ef,0.1968493244
ck_af7ffd1a822460d3,0.9190602295
ck_2a09c7aa870edb6b,0.1614721260
ck_bc04f51c23290bcc,0.1989543016
ck_d3a8333cb389f4c6,0.3651116996
ck_88e3dd3039508332,0.5115094724
ck_b8c7771de9b57705,0.8288857201
ck_585ababa02383b50,0.1440890881
ck_e988c108754cee9c,0.1139403816
ck_4a691892d9d6cf89,0.1180145311
ck_7cdce37d895eefb8,0.3587967678
ck_483fb981a1fb4317,0.0797175256
ck_c1e5182bd99e0e35,0.8543491546
ck_9a1e3ec9a1839939,0.2788755347
ck_5c3f13de0dbd5086,0.4164459836
ck_f4f6f0caaab70040,0.6381476200
ck_791be3378dd7d64c,0.4313166293
ck_956dd784525f5886,0.4758606641
ck_098167eaf124c279,0.6316968833
ck_33ecff7914349ebc,0.2563319074
ck_e05d44e46c7174e6,0.2879744687
ck_1b2ce474fa6582b4,0.5638622937
ck_ab581082e8f72e3d,0.0983907109
ck_e63256667aa19070,0.7070007469
ck_f568772b6cb3febe,0.3714945338
ck_dd89a282375bbab6,0.9015413866
ck_a39d0bca345b492d,0.7318530590
ck_d12d2924d0f7a64a,0.1271134651
ck_6a548da1728b5823,0.9852651592
ck_6d64193681d2a94f,0.7154206559
ck_ced6b6dcdc7c201a,0.1713179874
ck_d1b0699d26282871,0.7533102465
ck_58f757e40a9b8877,0.9183812046
ck_3272c2c4a37d5220,0.9414001494
ck_d94dfde9e03c9d1a,0.5995790045
ck_08a6d4903a7fbaca,0.4734840769
ck_6c72a36b05fa0f4c,0.7846132953
ck_dbb4bd4eda97255d,0.3323826984
ck_94b59bbc824b307a,0.0420995451
ck_0229a07185f15469,0.2474366809
ck_11bf1039f8b3025b,0.7211923678
ck_36789ca11459131e,0.4529775243
ck_8572c5f5c1447c62,0.6877164392
ck_9e75c6641939f4fc,0.8897263530
ck_b45e47c39d4dc7bf,0.4096557344
ck_02903c48b6cfd65d,0.7544645889
ck_b153386f1729de81,0.8562504244
ck_36979996f33498f7,0.8924424526
ck_3c02d4dbbf6716b6,0.3374074829
ck_66c9a19963957531,0.7269640796
ck_bae8dae7cfd8baba,0.2894683235
ck_bba0ccc6cd968680,0.6850003395
ck_3267fe3aac05c71e,0.7996876485
ck_40052cac10562cde,0.4306376044
ck_d973444855403e2a,0.1832688260
ck_012519bb095ad36b,0.9921912134
ck_ad7c256ea10c4a00,0.8936646975
ck_70a60e095e9b706f,0.0446798398
ck_f2734417c0db4ee3,0.1829972160
ck_9cb89cc3178e0172,0.0454946697
ck_779cc0f2de4d5488,0.8995722143
ck_35f8656bf93e3b3d,0.2005839614
ck_bdd8eba728800e29,0.6335302506
ck_002cf760d173f0f8,0.4019827528
ck_b046067c6ca3831e,0.6983092279
ck_a4a42d4bff8af645,0.3762477083
ck_bce253d2396681a1,0.4715149046
ck_00dafc060c8de32a,0.3847355198
ck_968a99e097ee78c9,0.6746791607
ck_66949171b387bb93,0.4064643172
ck_ad305286702b1958,0.1167243838
ck_4732da7e0d2dfc7c,0.3380865078
ck_17a95bba77217d85,0.5626400489
ck_3e2516a3e35067e0,0.1086439872
ck_0b615ed566da1f58,0.2225843688
ck_d2b3ce1ebabe9f93,0.5248862633
ck_a892252e4e0c2828,0.1305764922
ck_cf606fd6ebfdf9bc,0.2561961024
ck_718865237134ebe8,0.8242004482
ck_878522cb775b904c,0.7821688056
ck_9ed53de6ef779ae0,0.4650641679
ck_3f16e2cd7e6874cc,0.4096557344
ck_3c59df37895ead2d,0.1239220479
ck_6821459b626d492c,0.0676308821
ck_11c7667920541587,0.2480478034
ck_23a016cf6b98d89c,0.7544645889
ck_7137eeb394d200f1,0.8462687581
ck_9c4886c5c90ddbdc,0.5085896652
ck_1422a7bf7756294d,0.9759625178
ck_7ebc5fa7f0d3b8f2,0.2784681198
ck_fcc2059a8d5c41fa,0.7629524004
ck_00ff7389d6a83e29,0.8720038025
ck_03129b41457795d2,0.5879676784
ck_38ba64efa7c38250,0.5178923066
ck_57a6b56b09bff24e,0.2897399335
ck_e3b3c5a80a567418,0.5593128268
ck_fc40a16adfced018,0.2843756366
ck_9d4b5e6b43bad4d8,0.5468866707
ck_61129937ee466b49,0.7361988185
ck_74112e47b8629c2a,0.7463162898
ck_b4703ee97f94d7fb,0.1640524207
ck_e560f720a988d8a2,0.8640592110
ck_708fea345f68037e,0.0310993413
ck_25394c1b83e0b803,0.7992802336
ck_17ab24fe914ae44b,0.1931146873
ck_16c501470d9bb006,0.3019623820
ck_628f449e248c19b7,0.7496435119
ck_6d64190623dea714,0.0811434780
ck_504a45ee08db72b6,0.1899232702
ck_6cbb011e0c70bc7c,0.0978474910
ck_b3225a98acd04f83,0.1104773545
ck_aa37993f1c17cd1e,0.7484212671
ck_558cfe5f77a55a9d,0.2183744143
ck_0d0a1a021efea5b6,0.6539689007
ck_daf7aea023b7a8f6,0.5665783934
ck_d75f25184ece2b51,0.4529775243
ck_466d4b5366c50b98,0.6092211584
ck_88f27ab479063852,0.6633394446
ck_66779098e78c1760,0.4156311537
ck_b150fe4efb449b05,0.3843960073
ck_9c3aa9f23d01fa1c,0.4370883411
ck_6a01c375fc26705a,0.5001018537
ck_002eb6552b504ea1,0.8487132478
ck_affa5aa0bff9bb0c,0.3283085489
ck_027614eeba8b1a4b,0.1269776601
ck_67e075c982add719,0.1038229103
ck_399b0d510be98bd2,0.5346642222
ck_e9b0bca7368555ef,0.3704080940
ck_59c29d9c57b4f994,0.5561893121
ck_37176850ed68831e,0.0916004617
ck_a0db4ccca08030c3,0.8914239153
ck_aa188e5c25f7f42a,0.4674407551
ck_7de6997178207800,0.3426359747
ck_c729d19053387be9,0.7491002920
ck_f2d3e3d90608596d,0.9361716575
ck_2db3fb565e0211ee,0.1861886331
ck_bed8a480e27e911e,0.4863855503
ck_d7ad9921a4d25926,0.3279011340
ck_2a59f23fc5194699,0.7832552455
ck_63601a58a6120d8a,0.6262646839
ck_efd7b9e22c6317d6,0.4589529436
ck_9ab42875a0f95b43,0.7164391933
ck_85cb5033fca7c846,0.7329394989
ck_5249b223000915ec,0.5883750934
ck_3efb0e9bf25612c7,0.2766347525
ck_678e74532ac19700,0.2185781218
ck_a980b296c95153f9,0.0585998506
ck_01ac687ce0d696a7,0.2358253548
ck_52e1418cf1aa9871,0.3061723365
ck_7d28da4f1dab09ee,0.7817613906
ck_010d0c2e6c1657fd,0.6287091736
ck_b524f7a2e752b9d0,0.0882732396
ck_cc447fcc24a0772b,0.8261017179
ck_2cb3c99845e572da,0.0612480478
ck_604c710141327a81,0.0416242276
ck_8d5fa65717d2e0c6,0.4341006315
ck_31199510b40602a1,0.1210701433
ck_49e253ea12f4e922,0.7232294425
ck_780738e0d71e7e43,0.7556189312
ck_2cd21137a07fdd7d,0.1554288042
ck_5e021f2a3b66e256,0.7209207578
ck_efbc79246e32c66a,0.5244109459
ck_9951bd806c13c7fd,0.4920214572
ck_7a52674e2806d8f5,0.7156922659
ck_1a319e509f1efa1a,0.3006722347
ck_c920901b9a4ba993,0.9545053303
ck_b71279e807d0b3a7,0.2692333809
ck_47e1032f490bb018,0.3169009303
ck_192579ecdca7ff83,0.3166972228
ck_b1496c474c4a3239,0.4874719902
ck_5e68ea2c5e893cf0,0.7433964827
ck_f2ecab85d4693b4e,0.4364093162
ck_89d7bfc81c3df597,0.0991376384
ck_7929284327667791,0.8916276227
ck_494ec63c5ce8e150,0.0921436817
ck_319b059bb2145586,0.7526991241
ck_ccb3767c239018c1,0.4897127725
ck_a1c7adfe26e09a8c,0.5696340056
ck_0e13c4f73818149b,0.5705846405
ck_c285a51ed6214f52,0.9163441298
ck_916784595f028226,0.8390031914
ck_6cd8e0196365c474,0.7445508250
ck_57b657aba4daffde,0.6704013037
ck_562c76a3753fc7da,0.9752834929
ck_66cfc1ebc9a513c8,0.0719087391
ck_0f38d4aed68d7d24,0.2800977796
ck_d8ddf5e99f7859e4,0.1796020914
ck_41bc3efa0fca700e,0.6268758063
ck_40799e129fcf42c5,0.8867386433
ck_786f079389126e44,0.4468663000
ck_bb4c6b713eb0b978,0.4235757452
ck_4f01f7eac0efaba5,0.2509676105
ck_47d29c01b20cf69f,0.6208324846
ck_bf15a1f8d67a30d3,0.5170095743
ck_bfecad7586f65e4d,0.5880355809
ck_fc9f16df35190eb4,0.9508385958
ck_c09c914e416edd08,0.8989610919
ck_c54c5d8e4433b0f2,0.1091872072
ck_1694c28f44480e98,0.8149657092
ck_1dcaa3078dbb7571,0.1204590208
ck_af559f990c640e41,0.4700210498
ck_9b436162039a77d0,0.4709716847
ck_79d62ef181bd0cd8,0.1341074217
ck_23caafc2cd34242c,0.3145922455
ck_ffe2aa26f597e552,0.4011000204
ck_e6ffd0754ac08661,0.4419773206
ck_beaacb4a783db21f,0.2644802064
ck_9863bff41d24ce9b,0.1895837577
ck_323b9cc5c49f8ea0,0.2967338901
ck_ab3de3d3e41c2082,0.8692198004
ck_35c93b2924900376,0.0678345895
ck_5a9d5f9901e37e31,0.4996944388
ck_782b0be796164335,0.5067562980
ck_11960b5f1c7a5e2c,0.1010389081
ck_9a66cb13a9884cc2,0.3375432878
ck_ba666a425930615a,0.1842873633
ck_40140bef4db73741,0.1977320568
ck_e05e91cc180063d4,0.5414544714
ck_c7f6f45710bc050f,0.6305425409
ck_055fb9f2e1c8c934,0.5674611258
ck_58bb02d98e2b9cd5,0.4863855503
ck_d9f8efa6a7800f76,0.8681333605
ck_69691226c68fd50b,0.9055476336
ck_6f2f0396e5b1c538,0.9913084810
ck_78bc3f1d0f35ea6c,0.2588442996
ck_2d5a6b6636a2596b,0.5881034834
ck_7878545739af0a73,0.1819786786
ck_03c4fa4f3ed3512e,0.3111292184
ck_1a9e51d092d62c84,0.9178379847
ck_9f3861940d8d873c,0.8177497114
ck_4684fdd61c6a0fac,0.5014599036
ck_715966f86d5c913d,0.4764038840
ck_77f293d44b4a3d2e,0.4125755415
ck_24dae044dc05f849,0.6337339580
ck_00b9818e2064405e,0.9166157398
ck_c1c2cb49c3c1b0f5,0.8759421471
ck_bed50fc64fbbf8ec,0.0621986827
ck_4f6ed5ea5ab7c429,0.4803422286
ck_458531c22ec2f9b3,0.3949887961
ck_51c50c4c443df31a,0.9079921233
ck_732d45bd578dc39d,0.3285801589
ck_783fe5bc20cd02db,0.6415427446
ck_7f188aaa63d1d442,0.2807089020
ck_ef307a6aee38d1fe,0.9435730291
ck_e37196b20968b73c,0.7080192843
ck_4ef9de711c3d93b1,0.6648332994
ck_17946516d5df71d7,0.8413118761
ck_3534be0f4efd313c,0.3350987981
ck_29fbabf855cabdff,0.4692062199
ck_191673540d8486af,0.5716710803
ck_5f52728d777ff2c5,0.3635499423
ck_a045a19369016818,0.9934813608
ck_4eadbe7298b15e96,0.3294628913
ck_a3a0bd59729fe619,0.0865077748
ck_a1e77090b1c6ccf4,0.8792693692
ck_69ab9d4784eb77bd,0.4349833639
ck_baa47383ffd50f04,0.3061044340
ck_e35b2ed08b9e55a7,0.3138453181
ck_b6e3af0a5119d9a0,0.7258776397
ck_a7c1dabf3869772f,0.7066612345
ck_80b8fca67a14e0be,0.8983499694
ck_dd9c5f0c42878e67,0.2846472466
ck_41ef7967faf5ce82,0.0301487065
ck_a93560aa348d6225,0.8051198479
ck_ffe91d6f0bd93fc6,0.7391865281
ck_fbf630c960194033,0.9253072588
ck_497ed60723283c0b,0.8887078156
ck_2a46b7ca55239413,0.2534121002
ck_1a4e5ace078dd782,0.3447409520
ck_616cc31910f5de50,0.0767977185
ck_0d65bc749eb42710,0.2975487200
ck_2408db62e4395ccd,0.3600869152
ck_5d7721930106dce8,0.4161743736
ck_e8a6acea22b20312,0.9276838460
ck_e2f792fae128b18e,0.8487811503
ck_e6d3ce445b86003f,0.8183608338
ck_263334d722ecbc97,0.9562028926
ck_8c5b29f6666d4874,0.6082705235
ck_7ea0bf310fc20c7b,0.8367624092
ck_54d463f7fd89ec3d,0.6753581856
ck_79e45040dbdd6447,0.6441230393
ck_60b4d59953505682,0.9585115774
ck_fb00dd5021642507,0.2030963536
ck_f409ff994a210601,0.5961159775
ck_2ca0020038bfec58,0.9458138114
ck_adf84b9df54c3d80,0.5630474638
ck_942dbf632591b65d,0.7057105996
ck_454a7e4d859a3409,0.0551368235
ck_2139062d4569aa07,0.8307190874
ck_e949a0f4df0b3902,0.8517688599
ck_bb113e3e6716ed65,0.3477965641
ck_6a28ea6ce69cb869,0.8407686562
ck_7df9910af2bba21b,0.0126977660
ck_78aa4b731cbfe251,0.0399266653
ck_5839f5cbd8165b1e,0.3416853399
ck_7158ad9e58769ffa,0.7734772866
ck_acee218cbe61df69,0.5660351735
ck_f8dc8473c2772729,0.6124125755
ck_f34c93a8173555b1,0.7830515380
ck_7cf301d075e4e709,0.8333672846
ck_b87e88ee5512ea17,0.2764310450
ck_bed0c020b10afa3b,0.2578257622
ck_ca10102961f99eb4,0.0118150336
ck_393287947b5c8d79,0.6282338562
ck_2fe6cac002142f67,0.7550757113
ck_79c7f0d29b1db1cd,0.8955659673
ck_c735b643d3cbf67b,0.0806002580
ck_ea4332c8fe48e2a3,0.1267739526
ck_d39864119cdd460f,0.5031574659
ck_3b963d6be2773861,0.6577035377
ck_df39e3b8a9fd0bfd,0.8654172608
ck_6236a461dc0d11a3,0.5236640185
ck_475ebccca25e30d1,0.1502003124
ck_c10c8bcf5bcd516e,0.8409044612
ck_49ccc3716a564256,0.0542540911
ck_4e4f99102f6938cf,0.2695049908
ck_a97b481ade6f7972,0.6987845454
ck_3fa559c679751b3a,0.5459360359
ck_3eba1fd2c7acc4c0,0.8851768860
ck_18c179b4afc4fccc,0.3282406464
ck_cc1c0b93d05b7d20,0.7207170503
ck_742f7c28ddd019e8,0.7505262443
ck_04470bc93b8a0d71,0.3469138317
ck_6e8f8ef7a03cc6bf,0.5072995179
ck_eb1ddfc353b4da83,0.7512052692
ck_98831b57c7ca2e4f,0.2524614653
ck_a6c7b8d6e8596d4f,0.7681129897
ck_cd7d24e3b095e96e,0.8635838935
ck_3f5ae4673a9f858e,0.6663271542
ck_05f375fc8ae0afb0,0.1164527738
ck_1fc98436281ee39e,0.2741223603
ck_6c48c58678f64bae,0.1755279419
ck_8c95aeec6a4c75b0,0.5348679297
ck_364cde38958b7af3,0.7652610851
ck_85bf21aa1a00452f,0.1277924900
ck_796d3eaabc667c23,0.9972159978
ck_ac449ee0c315edde,0.3009438446
ck_6f9fd15ac6b163de,0.2208189041
ck_4087065be2a45ad7,0.9336592653
ck_ecf006bbc78ee3eb,0.8967882121
ck_8ca808cc5a49cb5c,0.3401235825
ck_94b90ab8b2dfb50f,0.5367691994
ck_59fd11b3232de9dc,0.9644190942
ck_67f3794d93e2dd67,0.8789298567
ck_b7f5acf5df1bb13e,0.2221769539
ck_fb04ecbaebb774bd,0.1138045766
ck_68ef3e7301c621b7,0.4994907313
ck_41406cfa209b6bda,0.2626468391
ck_b0f8f5408662337b,0.0101853738
ck_0d2901bfe585c391,0.6940992734
ck_3398551e81dbf3db,0.7788415835
ck_61c3e3e277629646,0.3164935153
ck_2825e34dd3e7ea2a,0.0446798398
ck_20d7571ba830009d,0.7969715489
ck_c98b16f9a72a6568,0.0705506892
ck_e7c8a9e4641eb9ed,0.0948597814
ck_254a7c97c36dab8d,0.3493583215
ck_e98429675b46272b,0.0543219936
ck_c2fc0ac460786d02,0.7918788620
ck_fba15647b3a140d9,0.1119712093
ck_15ce50f2704227be,0.4449650302
ck_8c748aaa4a4554f9,0.2809805120
ck_e00e82a9419ff086,0.5563930196
ck_832341c98254bd84,0.3221973246
ck_27466468d06db4eb,0.7740884090
ck_9d7b9e3ff1f3e71e,0.1076933523
ck_42c6973d3a6fe983,0.4271066748
ck_877c85bad118bc62,0.6750186732
ck_75d2a2715259c4d7,0.8665716032
ck_37d3e5c681a2214d,0.9246961363
ck_bf285dd49f372de4,0.4099952468
ck_a5bdd026fa9c50fd,0.1743056970
ck_88d9244a9cf7a77e,0.9323012155
ck_5881b174e49b04ee,0.5010524886
ck_5b16d67c5ea89930,0.3727167787
ck_b75b936aafac56b9,0.2322265227
ck_aed2681e1646a0df,0.7742921165
ck_f63cb5e8cc702bad,0.1473484077
ck_1805fcfc4a9e4ffa,0.9622462144
ck_25c355da356c730d,0.5783255245
ck_70396398e4a96449,0.5190466490
ck_0f743bd13373748e,0.6566170978
ck_4b387765f0e916cd,0.2149792897
ck_e971faae8a10a260,0.1743056970
ck_9eb08369e983abfa,0.0604332179
ck_c30c5844512e429f,0.7514089767
ck_59e77e3a81f1fa0d,0.2683506485
ck_ca4465f2b5c1a52e,0.9835675969
ck_c89b9ca398402f1e,0.3843281048
ck_36e72ef9273e7a95,0.1910776125
ck_2bdd8616870e5e1c,0.0747606437
ck_216e87a41de22b5d,0.8935288925
ck_60f4fb44f5efe3a0,0.5039043933
ck_05652e8ace6ce6cb,0.0392476404
ck_8c136dc691e65695,0.0023765872
ck_a08f8dfadbdca112,0.4442860053
ck_bda4041a3e90d860,0.2782644123
ck_15dd3ecaa8ce0245,0.9642832892
ck_3e3c64b3b7876ce6,0.7548041013
ck_46225858a38b2e57,0.1373667414
ck_0cb9f54928f4feee,0.4183472533
ck_152671fbf8a9a78e,0.7865824676
ck_ee7a515e87d17d4e,0.2612887893
ck_f7276091bf513d22,0.1871392680
ck_4f05daf1cf0d5755,0.3649079921
ck_83a69c4a5d55ef19,0.6869695118
ck_c50fed2a7c9198c0,0.2968696951
ck_70d19d5650ddc8f5,0.2959190602
ck_4b4d99e443618904,0.5819922591
ck_dca0b6ca93311ca2,0.7325320839
ck_b7431d4706461ec6,0.1316629320
ck_7b59d22cadef3b05,0.8765532695
ck_53428573abcd606f,0.4536565492
ck_f538ab6aecf2adfd,0.0899708019
ck_d321249fb065d2fa,0.5792082569
ck_72fdfc7e6d8e1436,0.3852108372
ck_b52b99dad89ecdfb,0.5085217627
ck_d2d4282f9d256b3e,0.4916140422
ck_c8f2a1dd8a6141a4,0.3595436953
ck_8d38747058d0aeea,0.9498879609
ck_3ac528caac74f563,0.2074421131
ck_8dbaaa00ad829ca9,0.4994228288
ck_7c38ec898f0fc21d,0.6236164867
ck_8171ef803f5ff604,0.2291709106
ck_01a750db6fc1168a,0.8667074082
ck_ceb017baa26e98c8,0.6968153731
ck_e2c66c72cc0b0f78,0.8015210158
ck_8d9518f64b222416,0.5908195831
ck_804c5a1fa5753617,0.8415155836
ck_fca7cc9c42695453,0.5384667617
ck_3a632cdf2c19051b,0.8481021253
ck_b2b63ea65edf1dde,0.5534053100
ck_27b07021500ee841,0.4394649284
ck_9724718fe64c6557,0.9845182318
ck_2786cbc3e75ec034,0.5007129762
ck_d9c2622cb6df380b,0.1218849732
ck_ae1da8ee98e402a4,0.0856250424
ck_62967b91504149f9,0.8052556529
ck_6b255bf68709109a,0.7946628641
ck_c55afc68421d85e2,0.3896244992
ck_7c7266f6ef2a8466,0.3227405446
ck_885cf685a9541190,0.9517892307
ck_1a4bb7d3d2ee3227,0.1417125008
ck_b4911c42f3bff740,0.1879540979
ck_66f9f78d4c6a3edb,0.6447341617
ck_49bdba9ee1899dfe,0.2725606030
ck_79b235d51718435d,0.3696611666
ck_d840db8cfe2ef6f1,0.0032593196
ck_610c7bcc1cd7ecb0,0.5263122157
ck_cf49b6544aff6c50,0.9437767366
ck_de05f97c3d40dd1b,0.7076797718
ck_0302f67d75973dce,0.1935900048
ck_54c2604c9ca6256b,0.3084131188
ck_a1c88c0568f142d0,0.7463162898
ck_5d72ff6cc2963d1a,0.2128743125
ck_0446920a1004c596,0.0801928431
ck_71044c29ef071570,0.1601140762
ck_2122e9bb1afffef7,0.2790113397
ck_d1e3de178601d3c2,0.4685950974
ck_bec8324a3587ef04,0.4982005840
ck_b616b6f45225f319,0.8404970462
ck_ce1e695884511479,0.5108304475
ck_a662b4bf900781e4,0.1055883751
ck_b5a84c5547378c10,0.2849188565
ck_f80af368cfc6cb7e,0.8479663204
ck_da3526ab6c5c884a,0.9046649012
ck_bd20be9a3392d79b,0.1218849732
ck_b8266dcd90cbfa62,0.0743532288
ck_ac84b33304362c06,0.2554491750
ck_794d8935a895e33f,0.5053303456
ck_8fea7d915259f1be,0.8580158892
ck_7a1519ad5ff45312,0.0351055884
ck_9bf3ce30b65f75c7,0.8189719563
ck_5f864d72d1eead99,0.8149657092
ck_3c48e0cfc2a58041,0.9466965438
ck_d902183f80cc81fa,0.7338901338
ck_539cb0d117db8cd3,0.9205540843
ck_28f530aec8e77130,0.7343654512
ck_e7d903c50d353361,0.1220207782
ck_d288b77d1e227970,0.4734840769
ck_017208fcc01b5d40,0.1808922387
ck_7e3923d278a5106e,0.2896041285
ck_9700a00ff9e66216,0.6551232430
ck_5c36c78b7a4d138c,0.3550621308
ck_c457e9c9224b773d,0.4094520269
ck_1dfa91405d7e66bc,0.3810687852
ck_f1d8a2695a575e56,0.7393223331
ck_3b92a46daf8d00d2,0.5138860596
ck_aab23b5470469649,0.2602702519
ck_ecdd01a391610d99,0.7120255313
ck_abd3aa292f8edb4d,0.7000746927
ck_7fc9a0776e1339e3,0.0159570856
ck_c0389ebeb0e65cb8,0.0211176750
ck_48d0fc4f6a2109fa,0.9805119848
ck_571dee4f3336c7ce,0.5510287228
ck_4cedf26628c84f26,0.5474298907
ck_63356762d24aab81,0.2805051945
ck_2c5bc11bb7ae5d2c,0.9659129490
ck_6d26a152f900fee8,0.0391797379
ck_c972b0e781efed3b,0.7651931826
ck_fa0ecbcf9a33d6ce,0.5413186664
ck_fa3a766e49dc77ae,0.4082976845
ck_7baf1e55db0dc558,0.4747063217
ck_e8bc49e6494c1f37,0.2993820873
ck_8ef1d05cc1e53e7e,0.7358593060
ck_cef2a485a77e0723,0.2386093570
ck_228a583f23abff48,0.3784205880
ck_ac32c6e374782b27,0.8695593128
ck_b9485218cef413f0,0.6744754532
ck_7f15503048915d6f,0.0309635364
ck_b62f5144db15ad34,0.5592449243
ck_917d82c552f95a23,0.1494533849
ck_fb4797045077bc6d,0.1738982821
ck_2cf8a44e041217de,0.9232701840
ck_b7dd681eb3d2ee38,0.2953758403
ck_e9e8cacd2fa35e79,0.6280980512
ck_342a79f91de5d1fa,0.6616079310
ck_2c91f62c05685ed7,0.5065525905
ck_e30cb64302939f38,0.5773748897
ck_d0e95b90ba86da10,0.3200244449
ck_1774faf414a5d49d,0.9567461126
ck_2401e8ff89e574fd,0.9536905004
ck_0cd8802264e0a1ef,0.2881102736
ck_da84a0dfe947fd3c,0.7017043525
ck_c8affb27ba7fb5db,0.8770964894
ck_bc7ece8787ca7200,0.6314931758
ck_469a0578d05990c2,0.0573776058
ck_eef67f8dea702338,0.7571806885
ck_4f490e379e9ded9a,0.2764310450
ck_354379de065a8ff8,0.0332722211
ck_5db1cb368bc41ac3,0.5884429959
ck_9b1c3742dd6fcb8b,0.4918177497
ck_63ce4f44c92d7143,0.7148095335
ck_e15e3390f5ed45f3,0.1722686223
ck_da645ea91d66aa6f,0.9302641407
ck_834ca727df855f07,0.8192435662
ck_e1d5ad20c737c745,0.7605758131
ck_ff8059ae5fa5f1ee,0.0330006111
ck_8bb9e75393954a1f,0.5557818972
ck_4e1757d1347ab387,0.9857404767
ck_af3f74b1d75a5d95,0.3141169281
ck_6b1ab0742ff04c3e,0.5640660012
ck_f56073911c9f1ab7,0.4464588850
ck_51bd5f69b4fe0b92,0.9481903986
ck_fc3d95030b81f416,0.0213892850
ck_cf78169633a1600f,0.3141169281
ck_ad7269eaa65c67f9,0.2320907177
ck_cc6d33890d47a6cf,0.5225096761
ck_bc8f31f4a2ffa1ae,0.3952604061
ck_720776a46e56dfa8,0.2985672574
ck_e2d1f212f259539b,0.2595233245
ck_eaf6f7082c3db2bf,0.6925375161
ck_773efe58c6278c3c,0.6510490935
ck_c4a72c09f2fdacc4,0.5854552862
ck_8982888dd6611143,0.5007129762
ck_9d5049e195eda029,0.4604467984
ck_de58ef6f9fe2b546,0.4402118558
ck_c0b50c11e4f5adf7,0.5297073403
ck_ddaf228487858bb8,0.7326678889
ck_eb2323215ff70362,0.5936035853
ck_168c96a1a636ea15,0.4747063217
ck_9c46711b14d9eebc,0.5747945950
ck_de8af660806b97b5,0.3184626876
ck_6ab83f45bf16eaa6,0.5472940857
ck_bf2228a052815840,0.6034494466
ck_3f943f20a9da9bff,0.4948733619
ck_3baae40454c00938,0.1715216948
ck_bc2e771a1d8d2dee,0.5316765125
ck_e55f5ca37f30ce8c,0.3729883887
ck_4ad5937bef176d89,0.3810008827
ck_126531a9126c17c4,0.2092075779
ck_7ec423cb56257516,0.4241189652
ck_54748ae0f2daaf10,0.4969104366
ck_ff24776280ceeeed,0.7909282271
ck_3c3a1a1365741bba,0.5712636654
ck_615277c8a4e2b18b,0.0711618116
ck_a96aaef34173aee6,0.8342500170
ck_bea56db7f3e930e8,0.4379710735
ck_ca491debd3b32a59,0.5189108440
ck_d9ea77f4114a389c,0.7256060297
ck_322ffda3332d08a2,0.6469749440
ck_c40ffefe4e30b001,0.7781625586
ck_3b1d7648d4580bef,0.7064575270
ck_23981a3261674131,0.3125551708
ck_11667f5b9fac7bc7,0.0227473348
ck_646bb3c7be5f0817,0.7123650438
ck_ebd0a45712dcf07a,0.1869355605
ck_baf43bf1bd963f9f,0.3624635024
ck_e0ca2c819658f6b6,0.9836354994
ck_f0d6633d0834fff5,0.6687037414
ck_91081be0254878a5,0.7189515855
ck_1325000bc7f35b5e,0.1690772051
ck_c624b9063400fa3a,0.8186324438
ck_0ad6fa0e23c3bd0a,0.8870781558
ck_6ddb55b1f23c6cb1,0.2046581110
ck_dce1fb3acd65562f,0.0264819719
ck_a9aa389688ee5aea,0.3605622326
ck_5c5284c45d9ad8bf,0.7624770829
ck_9ce743dd3e92549c,0.4188904733
ck_8342e08cc2f9bcb7,0.0959462212
ck_25e551a0a8d2fcc2,0.7433964827
ck_d4fd0e438c97e0c7,0.8078359476
ck_ac7fe1c344190c50,0.3198207374
ck_ddd65711b5651f89,0.1851021933
ck_ec7406cb5cbc8f10,0.3037957493
ck_1c65e8d5be3b9c60,0.9444557615
ck_38ee42f15a573e81,0.1447002105
ck_0e5385c70c6de025,0.6539689007
ck_d3137f0f7629040b,0.2463502411
ck_9129c92c12e0c8b4,0.2978203300
ck_c86520a00e50a926,0.7208528553
ck_87f82b2b5fee757a,0.2691654784
ck_643abfbd7548d0c9,0.5140897671
ck_be51f4e5e6b85768,0.6196102397
ck_132c16312f37810f,0.4782372513
ck_c78c096ca8cb33ac,0.0761865960
ck_2ce5afbc014763b8,0.5869491410
ck_50ed8f4e7ae6710f,0.1349901541
ck_5a4eb535c9a11993,0.1461940653
ck_9b665ef46d785324,0.1949480546
ck_e066f71f8b296b7a,0.6647653969
ck_560bc6017870ab06,0.0207781626
ck_fd78f8a8663646d7,0.1683981802
ck_4af5ec61ddbde1a4,0.1921640524
ck_c2ed04a9d218410b,0.0493651117
ck_2455d43bbdd2bb69,0.2353500373
ck_56eed7041add49a1,0.9271406261
ck_5f0be7b468a72333,0.0536429687
ck_19660cec756632ca,0.8715284851
ck_fb90408f4892a21f,0.2310042779
ck_833a65b86a5d9bda,0.2073063081
ck_2ac36e1dff211d38,0.4842126706
ck_c00e70606904539a,0.1851700957
ck_ba8affe4b9505a95,0.9511781082
ck_0c3dd22587b08018,0.1434100631
ck_618c4e5cfae99dcd,0.5024105385
ck_c9690baddfc4177e,0.1053167651
ck_59fae092fb0c4aa3,0.3088205337
ck_e03b7d0fa0b28f4b,0.7602363007
ck_d451d24c780b5884,0.1618795410
ck_e980d325b8dbb8dd,0.2653629388
ck_cff18e2d8c520272,0.2910300808
ck_a0e46b67e986ab56,0.3315678685
ck_3a469039a5b9d963,0.0910572418
ck_12cbb211ebd2b437,0.8395464114
ck_b8cdd6d6dccc4554,0.0476675494
ck_794ba5921cef50c9,0.6220547294
ck_2c7667f64edec2b5,0.0526923338
ck_7262b4e0c29c942d,0.1786514565
ck_5d818522cbfe2a54,0.7905887146
ck_de39c1947fb675ee,0.7829157330
ck_c021495606b4735e,0.1383852787
ck_1fc03ba33edd9e67,0.4394649284
ck_a6fe344bbf67f14b,0.2335166701
ck_963762210edc5694,0.4668296326
ck_d064428b7e7dc409,0.7893664697
ck_59be61b53d971611,0.1296937598
ck_ec8738ec663cd2eb,0.3015549671
ck_59d086fab5998646,0.1473484077
ck_bd32dd3b2cbb7888,0.9970122904
ck_ce0166addb93bbad,0.1827256060
ck_7c0fdfbb447cdc04,0.9056834386
ck_cb1bd7635968ed8c,0.9265974061
ck_66f94903177f20eb,0.1832688260
ck_1d7cd5dcbcdafd7b,0.7239763699
ck_5e418a7c04437b4a,0.7792489984
ck_631ea1ae91ab333e,0.4214028655
ck_0a8029e79a5ae7ce,0.4899843824
ck_c4cca8278bdad9b9,0.0280437292
ck_4dec3df58077a257,0.6189991173
ck_609c249edd88c565,0.1074217424
ck_02e5f9cbbbf2f078,0.8289536226
ck_32e486859130458f,0.9447273715
ck_21ed2ea6386c5a07,0.1641882257
ck_1242aa4496576a99,0.5430841312
ck_475ea9aa6d3898b7,0.8083791675
ck_fe1b1adae3be70a6,0.8486453453
ck_c5414d7a8031d4f5,0.7036056223
ck_ca1f6f01868e978f,0.5105588375
ck_5eff0208c74ec714,0.4920893597
ck_a315c9619a317609,0.5784613295
ck_2b87683c90acb852,0.4671012426
ck_7cd9f39c50748ed0,0.2149453385
ck_16a06d58d71935bc,0.8963807972
ck_d116e0e7c19b878e,0.8266449379
ck_931510e384b1d0cb,0.0029877096
ck_e7651fb87bb24132,0.5610782916
ck_88ef9f85948e1a01,0.1582128064
ck_17bf38d51115a8f3,0.4318598493
ck_2659d1d3762a2825,0.2356895498
ck_a7285955e2852686,0.5672574183
ck_f2c33d5b65b321db,0.4902559924
ck_83e5979334345622,0.2557207850
ck_629537d8b4d0f395,0.1815712637
ck_72022008a92c9386,0.4474774224
ck_2973b8274f0bf69b,0.7206491478
ck_565e3418d2f4061c,0.2158620221
ck_54bb53b8f8ea32ae,0.9915121885
ck_af0a6540ea7a36b2,0.1780403341
ck_888651bfc2c8cf70,0.2130101175
ck_1dedcb48ac381a1c,0.8905411829
ck_f73273e220296be8,0.7416310179
ck_8424bf65223a5a9e,0.5458002309
ck_337b930fd149a696,0.1284036124
ck_8a4952de8a123ef8,0.7417668228
ck_884168153c9c0c81,0.2248930536
ck_fdda581aec411010,0.1975962518
ck_2b7cadbc8b180d32,0.9598696272
ck_8aa8b9968233a1ab,0.1707747674
ck_0af18b3ce015d294,0.4841447681
ck_8dde670a735d1e90,0.9121341753
ck_62f46226f244139f,0.4657431928
ck_f948e8a8fdd79b4e,0.3645684797
ck_fa00aa0f3e859904,0.6326475182
ck_fc7935f784a4f249,0.4658110953
ck_e7501307c0698e5b,0.2560602974
ck_549ed417f2834cee,0.7032661099
ck_fb2a35571ec719d4,0.8993685068
ck_25822068c86c856f,0.0941128539
ck_8f35d229b62c8f23,0.8543491546
ck_bdcf049c1e7d0c95,0.3179873701
ck_0aa9db36eb16422a,0.0583282406
ck_42dcf92e9e016922,0.7701500645
ck_42341cf31c08c981,0.5015957086
ck_0b20bfc515ba42a2,0.4028654852
ck_0ec820b670d48098,0.0162286956
ck_1f0bafec397da8e4,0.5108983500
ck_82f07504ab59ed33,0.6475860664
ck_337b24a474010abb,0.9957900455
ck_703703bda38fdcf8,0.4823114008
ck_01e7960c63dca3a4,0.9779995926
ck_be5bd81e3715cb8f,0.9610239696
ck_197f8058cea1fbea,0.0281795342
ck_eb3fb1106f2f1b21,0.8434168534
ck_658b4b54be09a4bc,0.9925307259
ck_266ce7ccf41ccc50,0.4679160725
ck_110608c3b03d4038,0.9653018266
ck_1be8cb95d6d9bbf8,0.3205676648
ck_8e16a64a776afa82,0.9223195491
ck_34bd190d37eda534,0.7351123786
ck_4f521611ae14ae66,0.2584368846
ck_d839798f9520363e,0.8774360019
ck_d1bbfd246c0ac9d5,0.9078563183
ck_f19030e6e85a6776,0.8129965370
ck_cdabe60ab59f9d5a,0.7463841923
ck_bb84b2b30293f566,0.9489373260
ck_427b91925952cb40,0.1791267740
ck_1078b1e155b5b640,0.1007672982
ck_95fdc264eac72fa0,0.4569158688
ck_e35eb857c61548b2,0.9547769403
ck_69bd0b1abea7e1f0,0.9308752631
ck_59de511b20c842ba,0.7237726625
ck_168e7ea341a36b80,0.6418822571
ck_4937cfa6526ea138,0.5512324302
ck_bb1a981306b750ac,0.7643783527
ck_f42a43e4c3f34ccd,0.5125280098
ck_c7ae1d4b3ab38185,0.4040198275
ck_bd23cf9bba1dd33f,0.6930128336
ck_0fd826fad7ec7cd6,0.5597202417
ck_f143641bf3dd0414,0.7811502682
ck_ad6d48c20a3688a7,0.1741698920
ck_7bda5b5b927b2905,0.7901812997
ck_a337eb38eefdcc88,0.8039655055
ck_403da2a2d800df9f,0.9257825762
ck_aa01d5aafde73d0a,0.3365926530
ck_494954023f0eb309,0.7108711890
ck_1c6820fc38135ad9,0.6079989136
ck_0e0bab173622db9b,0.9117946629
ck_547090bf35a3b243,0.4704284647
ck_d69455220b21dc9b,0.4734840769
ck_90b4ac695b9c6bf7,0.4250016976
ck_8d2afe17c0082e6a,0.6232769743
ck_926b81c0ba528eee,0.1081007673
ck_ce36b0c287bd198e,0.7211244653
ck_8026e017909aaa6c,0.8769606845
ck_dfba788f35d4c372,0.4266313574
ck_f09f9d0e0886e0c6,0.2881102736
ck_4ffe0366df388604,0.2792150472
ck_75bb521de55644c7,0.5988320771
ck_81a960fddf79ecf1,0.9710056359
ck_8f43459991ea511f,0.2615603993
ck_f878b68d66fbfd4b,0.0937054390
ck_e84abfc0c747c9dd,0.9761662253
ck_3ad3fd3cceb56b66,0.9779995926
ck_7cf562578c7f158a,0.4416378081
ck_f81a97d350397306,0.5225775786
ck_255d87b7fb40caa5,0.4543355741
ck_b3905153b9eee924,0.4462551776
ck_2c80a592fb4cd6a3,0.2744618728
ck_57deb202d4188a29,0.1681944727
ck_e3cb5f31d8e94448,0.9781353976
ck_0db62d5f7f75f80f,0.7009574251
ck_ced9163ea85589ea,0.7228899301
ck_e16528edc694fb33,0.9847219393
ck_78cc5ec4940fec3b,0.5443742785
ck_31742076e9a998f8,0.6716914511
ck_5ac335f02280271e,0.9418075643
ck_7cc2e091806cfa5b,0.6819447274
ck_3152c7115257f084,0.1281999049
ck_ab1b9d019921bca7,0.2626468391
ck_c33a762d98f9b290,0.2738507503
ck_b16a7c51b6f7a6b1,0.9659808515
ck_97402a153348e68f,0.0962178312
ck_95391029a21caa24,0.7199701229
ck_c2015a1200971fe9,0.6985129354
ck_ed4427962c68918c,0.9899504312
ck_c5e4a17d3efb19a4,0.9593943098
ck_8aec3d3dd51517c2,0.3683031167
ck_f5178a658225d8e4,0.2181028044
ck_8594f165e95316d2,0.3161540029
ck_f0c4aac04076a6dc,0.2117878726
ck_ac2f7397801036ef,0.5548312623
ck_d1ea4bcc407c7d5e,0.1064032050
ck_cce8b6657a538fe0,0.5864738236
ck_66d0c6d6b67a8d58,0.3739390236
ck_1a6b30320835e57e,0.2444489713
ck_8cd274cc85aa35d1,0.7734772866
ck_ada46085a78280e4,0.3820194201
ck_ce1b06623e4a815e,0.4988796089
ck_45e70c8a9686580c,0.7122971413
ck_0084d8ab6b1044f3,0.3654512121
ck_a5f7b6fed6df2aba,0.6943029809
ck_94940d783e7988e6,0.6767162355
ck_00f9ca84d1d8ae7a,0.1364840090
ck_0deb56f3f6452818,0.6882596591
ck_a58e900469dfc3f0,0.5787329395
ck_028c41b195280980,0.2860731989
ck_7661d7ceaeb19f97,0.2698445033
ck_6957905a65c47879,0.6832348747
ck_f7c6c26ef3c4ae06,0.5935356828
ck_8777beb11aabd66d,0.1757995518
ck_7db098a17374bbf8,0.9688327562
ck_66aeb00e44486cda,0.6525429483
ck_838c52cc1d315ec3,0.6001901270
ck_1745847cd4e5dc83,0.6418822571
ck_201687857ec8b3cc,0.5316086100
ck_81818169208a8cda,0.6587220751
ck_3303fd3f64632c7c,0.8627690636
ck_edf1096809e83ef8,0.3758402933
ck_235ce9603c7dccbf,0.8351327494
ck_9df7e153868bca13,0.7429890677
ck_3cfeade2cf270fee,0.4918856522
ck_982b0bf2e2b6c4f7,0.4777619339
ck_faeb0da678bb86c0,0.0084199090
ck_e86ad2fe815b6ed9,0.2440415563
ck_70d69e5d1bb99e85,0.8026753582
ck_7e9a8924eab779e6,0.9860120866
ck_019d5891103e7da3,0.8234535207
ck_14f0484b3817eda5,0.3380865078
ck_85de63d278f0fbae,0.2593196170
ck_ae91b4cff57fb3bf,0.1576695865
ck_2a6d43b9f883b78e,0.9557954777
ck_7a4e3d553e8ab5b7,0.6205608746
ck_fdf89dc69f700f84,0.9261220887
ck_f92e04024bf13558,0.1521015821
ck_4a522ca2dc4831a0,0.0031235146
ck_68ba25dc3385fea1,0.7220071977
ck_22128a4f0d033422,0.2329055476
ck_5b52ee0a13c71590,0.7148774360
ck_59472d17debedafc,0.0987302234
ck_9dde2c63acda3ba3,0.2702519182
ck_7510b1023cd08531,0.8702383377
ck_071ddaaf2e4e3671,0.2371155021
ck_1355db6f4010232a,0.6292523936
ck_0a7adc2f27f98510,0.7663475250
ck_68250033717cd59e,0.0228831398
ck_7c12de74de30b788,0.9157330074
ck_65491367584c730c,0.3421606573
ck_e9047964952bee70,0.5516398452
ck_5567779d6ba184eb,0.6384192300
ck_d6ea026357ec6477,0.3063760440
ck_cd7dcc884e283746,0.8920350377
ck_0bd77fea8ed75a15,0.3825626400
ck_e80883208e8d0453,0.3686426292
ck_2ad0ecbacd5acf8e,0.9726352957
ck_6c1dbee7e8fdd5c8,0.2017383038
ck_ee4d9a7449515908,0.2022815237
ck_636111f7f030496c,0.5130033272
ck_2c629c657f73941f,0.1644598357
ck_c1c9d3842d758420,0.9367148774
ck_e4df7faacdfe8c40,0.4907992123
ck_94e8142728e44380,0.6338697630
ck_765aaf42c5088545,0.3659265295
ck_e0f845159b6e6a4a,0.4118286141
ck_5bc07deb82edbad7,0.4792557887
ck_713159c5c6a7a4d0,0.9949752156
ck_b08afc91d9ca55db,0.5978135398
ck_a7bc323ffed2ea97,0.9506348883
ck_85ca825f905a34a1,0.7567732736
ck_33160c443d4b3f19,0.5001697562
ck_832d39c590a3ca75,0.9729748082
ck_7d1661a34164406e,0.9906294561
ck_c2466fc40fc9d5ed,0.9813268147
ck_ed0e776c0926ce67,0.8381204590
ck_cdd2ebeec75bfa69,0.8611394038
ck_d7877684c7923ec3,0.7072044544
ck_7384d4d2406aabf4,0.3107897060
ck_b8e5244e650aa81b,0.4842126706
ck_25a1ea40b2d59254,0.4944659469
ck_b9e5b318ee4de68d,0.0801928431
ck_620d7ae27af83cea,0.2908942758
ck_40b4e264d1a12b83,0.9723636857
ck_b694c803b62862b3,0.0169077205
ck_cbeca201dbade3e5,0.5872207510
ck_f9b439c9161c3e52,0.6994635703
ck_9880410fcd10a28e,0.6742038433
ck_74928f5f91aa12b2,0.7379642833
ck_b6673bbe61d2680d,0.3934949413
ck_53c8315b5c30acb4,0.3964147484
ck_78f01d78ea79642f,0.3578461330
ck_8582490d6e365a63,0.4076865621
ck_af25c72d16299258,0.0234942622
ck_7905fe8e257b0449,0.4425884430
ck_0d16d9349e4a9e08,0.1690093026
ck_31b16b8848584e98,0.6234806817
ck_67207e3eecc02d76,0.4979968765
ck_e6b95ff91116a592,0.0709581042
ck_c08f622bcd6de6e7,0.4877436002
ck_f9a68da9e0f0bc85,0.5058735656
ck_4072b59388976896,0.2401711143
ck_8ec86e853ad52828,0.7941875467
ck_4fecb87eaffd5cb5,0.0491614042
ck_d6880578428b965e,0.8792014667
ck_bfc82b3c1c9f2897,0.9803761798
ck_c340644176ca03e7,0.3416853399
ck_321e740066fb05c3,0.9394309771
ck_8929d2eb09872052,0.8345895294
ck_205c107cec528414,0.9411964419
ck_e76db7d2562f9836,0.4103347593
ck_9ede51c8434cff6e,0.6780063828
ck_492e4b89c61b7b6c,0.2809126095
ck_9385f5a1eeebefcd,0.7213960752
ck_ee52c7bf88f952ab,0.2716778706
ck_d8116c34302021d7,0.1071501324
ck_01645ea51972e99a,0.7294085693
ck_7b45ed23304a854b,0.4400760508
ck_2096d32f3d497ea1,0.8780471243
ck_dfbb2056f1ef7d3b,0.7845453928
ck_938ce30c864bc7df,0.1838120459
ck_ff30dda2c881a4bd,0.8329598696
ck_f88c79186a082beb,0.2845793441
ck_08c7bb0f9851cb76,0.8318055273
ck_2675e7a008e584a7,0.7526991241
ck_cbaf8a954281d4e3,0.9830922795
ck_8b24eadf6c72b30c,0.9258504787
ck_ffc8e3c1377d0706,0.3010796496
ck_5b59e859bed5b40e,0.5022747335
ck_7b61717f172f9317,0.9722957833
ck_e5c30947b732f661,0.8339105045
ck_bc273f3ce79f7e1a,0.2674000136
ck_f69e93388b3028cb,0.8838188362
ck_3837ad850996ba60,0.3353704081
ck_36d78ff3bc033ee5,0.1663611055
ck_5e20953547ba4135,0.8777755144
ck_258d661e450ac870,0.0098458613
ck_1df66f537496ca59,0.5577510695
ck_361f535599110201,0.2686222584
ck_337e98c69f6e7886,0.2729001154
ck_d3d5b2717cfc3913,0.6439193318
ck_b1dba768dbe7affe,0.5711278604
ck_92d782bd9ce0d1e3,0.7156922659
ck_26bd0f8898afc8ba,0.4148163238
ck_7916e53daab36745,0.7705574795
ck_2caf553b31831a50,0.2366401847
ck_c6200734c7f9b2f9,0.9427581992
ck_cdc55623cb16e6a9,0.0530997488
ck_57849e15b61c43b4,0.2088680655
ck_b7af9b2ee0eebbc6,0.4201127181
ck_00aa5fc3b3bc66aa,0.8695593128
ck_9929723f65636c7f,0.9898825287
ck_8f6cce9f69912983,0.7295443743
ck_c422ba389ff00781,0.3702043865
ck_9ec7f334604a228f,0.1844231683
ck_5d01200ba3341462,0.5722822028
ck_2bf10be403849c9a,0.2092754804
ck_6ca018259f70858f,0.1292184423
ck_a54dc042ebb7c766,0.9329802404
ck_79da63fc100830b5,0.6534256807
ck_67ab6f9e05c85085,0.1991580091
ck_fa80da579ea9afc0,0.2358932573
ck_4339f86c87289222,0.9640116792
ck_a2299b4f530be0d6,0.9049365112
ck_19db0bf788697c2b,0.4926325796
ck_fa4211c4d826d830,0.1328172744
ck_96100d5e8e051e91,0.7366062334
ck_5c3a671883d58b3f,0.0758470836
ck_2d9524787cfe1ab3,0.9430977117
ck_47ab8e51e5b3a2d8,0.2798940721
ck_c924f36bc1bbbaa3,0.1662253005
ck_5c58e7f8fd55e26c,0.0111360087
ck_a07e7409d6d5aa06,0.5095403001
ck_c8413898f5f7cb7d,0.7124329463
ck_577c816b41cab002,0.9693759761
ck_9f7807ed64cdb728,0.7672302574
ck_495d814d6d6d521e,0.1975283493
ck_7aa8bc018c2b003b,0.5773069872
ck_7c3a6a82f3c3241d,0.3321789910
ck_487f7fbc290e4ae2,0.6535614857
ck_e556c4d36aadbe03,0.3343518707
ck_7e6569a1b2455cb0,0.1497928974
ck_de2924955926d046,0.6797039451
ck_73d60b4630e3937a,0.5638622937
ck_805ee564bd35ef15,0.5630474638
ck_0d40961e47797027,0.4156990562
ck_f06d00a4f9c87d80,0.1134650642
ck_5ef50fb07b6737d5,0.2999253073
ck_16541fc15683e21c,0.7457730699
ck_09fd43f1b7e2eca2,0.3999456780
ck_2a2c336a69b8d68d,0.9216405242
ck_2685f38930866af0,0.6881917566
ck_298278a9da874437,0.7174577307
ck_00bd7803f2530c68,0.6085421335
ck_c2b4a1d8c0b6c1cd,0.1070822299
ck_2acb54ca20c3af6c,0.8642629184
ck_e3d4b6f681c783ab,0.6297956135
ck_f90293f1eba5d7b6,0.5147687920
ck_e69d27e8965df0be,0.2827459768
ck_b7f5d10b427346ad,0.8060704828
ck_1ce20e4223a936b1,0.1845589733
ck_6b97d1ab90f6bdeb,0.2380661370
ck_e30e17db5473c7b2,0.3110613160
ck_154c8efb19dee665,0.0160249881
ck_6f5bb0c930644cae,0.9978950227
ck_9e17699baa83d173,0.2331771576
ck_9693b1eb70880205,0.2678753310
ck_1e97899875bb427b,0.0960141237
ck_558a82590f65df69,0.1506077273
ck_18df83242ff3cdbb,0.8815780539
ck_80ad4396e1084c68,0.7049636722
ck_0a993bc947bab61f,0.4035445101
ck_5c2d43ff841632f9,0.1187614585
ck_6e4b99fb9725d9fa,0.3947171861
ck_e0983999ca26c19e,0.7436001901
ck_6573c4947cc8607e,0.7112107014
ck_d879d645d6e44207,0.4905955049
ck_1375ad9f10688e4a,0.3736674136
ck_7501ebbf4e21f160,0.1643919332
ck_ca60d61cd4dc3bea,0.3962110409
ck_ab9ea095a5c58b4b,0.4071433422
ck_23756522b58df5d8,0.4054457799
ck_90bc176c43d85fd5,0.9202145719
ck_908b663b2dda94ad,0.8859238134
ck_4df2fb8e4b649e27,0.7630203028
ck_5615c6bbdef05291,0.8437563659
ck_b62f3e3185251f71,0.0435933999
ck_38d1a22850178f33,0.5807021118
ck_5b3ba20c8bb1383b,0.0916683642
ck_5576ffc6aaf6f22c,0.0353092959
ck_cf7a022178165e56,0.4016432403
ck_f2c7a4c50e2ede96,0.4650641679
ck_285719c77eadf915,0.2077816256
ck_f2aa1b677619ab19,0.1260270252
ck_3830c58d841e9e69,0.9623820194
ck_32eba3510c8eac5e,0.1320024445
ck_8955d7b9030d5eb5,0.0035988321
ck_6775e387dace7525,0.7365383310
ck_0a0cd7f4be606a93,0.6857472669
ck_a9f700eee5d638df,0.6476539689
ck_3d7db96995745472,0.3892170843
ck_aeed557007d52e9c,0.0122224486
ck_79b6a86830156b5a,0.5259727032
ck_6a1ff9d69466181c,0.9965369729
ck_f11b1565f986f5e3,0.4264955524
ck_4819327a78615485,0.4068038297
ck_3ed9e081959b2f5c,0.2324981327
ck_16af4be191c47d3d,0.1749847219
ck_25122cc0e8b1a662,0.8826644938
ck_509c22828d467ba3,0.4480885448
ck_31109c899336348d,0.4683913900
ck_c51131e53baa59c7,0.4587492361
ck_cf8ecabbc61d3e11,0.7918109595
ck_eb6baff0f85ba936,0.7364704285
ck_777669e2243204f2,0.9744007605
ck_ac0ea27e692acdc9,0.4688667074
ck_4c6ea04ce8ca9e2c,0.8432131459
ck_ca54b32fca7e94cd,0.5738439601
ck_4dfd8947f540eb24,0.2577578597
ck_95aff1fe27fb24bb,0.5872207510
ck_c7550723b90e5615,0.0444761323
ck_57b3fee69bdf85e8,0.5183676241
ck_f823407ace7ff064,0.7349765736
ck_a69084a068bcc8aa,0.8009098934
ck_c7b17f7b24bef5d7,0.4229646228
ck_7c4e588f927c27c8,0.4107421742
ck_77fdac602d0c6f95,0.7697426496
ck_e963d8525018d072,0.3765872208
ck_6e8ebaea8f7bffaf,0.1806206288
ck_aa42976a31cb7770,0.0294017790
ck_22c862a496008c96,0.9949752156
ck_527550dd15f38782,0.6972906906
ck_b3ab3c210e2c7c19,0.5627079514
ck_ed9c56fdb9f45ddc,0.9354247301
ck_b53281da70defcfa,0.3828342500
ck_03009b721568ee98,0.5891220208
ck_3d9afd862b3f4053,0.8961770897
ck_ad3c4be96599554a,0.4132545664
ck_d1c787c27d50af49,0.4107421742
ck_c7a9c7b2eef46a99,0.8053914579
ck_53036d3c6c74446c,0.9059550486
ck_1b1efbd9c0964c8d,0.3227405446
ck_d66f42a269d5c1ed,0.7154206559
ck_fefc49a2b8ad993e,0.4216744755
ck_8b3b874249adece9,0.6074556936
ck_193d9c87ad3f1dad,0.0773409384
ck_0c6a50d747593b7b,0.3042031643
ck_c830f3830875b47a,0.4486317648
ck_79e202f06d8dfe42,0.5978135398
ck_5c0fe988b8aa7fcb,0.8954980648
ck_a8382d8345f21e1e,0.0459020846
ck_8cb20053914692d0,0.7066612345
ck_1da2f69023ca4c13,0.2940856929
ck_38abb60995114f8f,0.6469749440
ck_f5791fd8fd8fd191,0.3005364297
ck_a4e6fc391b674335,0.8537380322
ck_bd771efb4a7e15d0,0.1226319006
ck_38ba4a6b6a292054,0.7760575813
ck_f7a07283345a0dce,0.7608474231
ck_87dc484baaf5a23a,0.0376858831
ck_c84ef83489badbfd,0.6587220751
ck_a397cd64ec5d644b,0.7590819583
ck_7977135c2ff61e92,0.0755754736
ck_52174855b243a8b0,0.7458409724
ck_0f35e930d0614613,0.9897467237
ck_b170a7db522a0d6f,0.5485163305
ck_7af748a23775bd54,0.3199565424
ck_52f641c9ee6fda70,0.1475521152
ck_c3719a30414bbb4d,0.1479595301
ck_2baf214ad6bc0dbf,0.7237047600
ck_8b39d8aacfdd72b4,0.7171861207
ck_d39b0152116203be,0.5944184152
ck_ed33f8a937f9c7c8,0.2830854892
ck_8ef97b55a5fd6ec9,0.0482786718
ck_8247f008a14bd1a2,0.3611733551
ck_f0d349d68249d5db,0.2015345963
ck_a544e766540861fc,0.5196577714
ck_9dfaca4c7c80b10d,0.8767569770
ck_7e5401c362b2216a,0.3370679704
ck_64ff60c073fdb6db,0.5728933252
ck_fc5ea49518e5d637,0.1582807089
ck_580f136ced341298,0.4072791471
ck_9cbef9bc95449dca,0.7126366538
ck_e475a3b8ba870a7e,0.5407754465
ck_97e94708bcf43563,0.1174034087
ck_13f03ec785cbdae1,0.1846947783
ck_152820d8817f478c,0.2542948326
ck_d20d4ba60eec9945,0.1191009710
ck_5c45968a805132e0,0.7277110070
ck_bebea2cf3063fb24,0.2747334827
ck_c3c69aefe7ea1d2f,0.5425409113
ck_02028b72f26fe855,0.2257078835
ck_dfadff70a58a9133,0.2775853874
ck_6482ed4491bedcaf,0.0472601344
ck_754cd7b4a5ae3f94,0.0861682624
ck_3132857aec8485bc,0.1033475929
ck_7ce4ca91b8f9f1c1,0.6494873362
ck_41938582f4351772,0.8775718069
ck_f87d66946252476c,0.8627690636
ck_8053f1879a9b4e43,0.5534732125
ck_93892e91387f5103,0.8698988253
ck_15254db133b28371,0.1280641000
ck_d557b9feb241b3ec,0.2383377470
ck_71c3a8e4c12c989f,0.0193522102
ck_80e3041811033443,0.6363821552
ck_3380d60067b4634b,0.2081211380
ck_a9c2cdc758df8510,0.8045087255
ck_3c0031d7514da17b,0.5240714334
ck_18d214b1418be39d,0.5233924085
ck_7ce768407fd48321,0.3635499423
ck_7a50abd42298133b,0.3061723365
ck_2db10f987d137582,0.6553269505
ck_e077d004cd1d80ae,0.3035241393
ck_1cb6dc67f9a321b5,0.8609356963
ck_b864f64101149c35,0.9074489034
ck_9bedf54df9418e4a,0.0317783663
ck_c47e32c47f0e6578,0.8804237116
ck_71f382d5e338daa3,0.0730630814
ck_14b4bf7be6ac2b61,0.7897738847
ck_5c87eea1cc07cc92,0.7433964827
ck_5f445182829ef342,0.6988524479
ck_a5d7311291caaa54,0.8299721600
ck_b7df99aecef385e6,0.6350920079
ck_3327a0582407068b,0.6060976438
ck_08dba09fd7dab896,0.4672370476
ck_f4ec334be5266378,0.4434711754
ck_240f7f894c5a86e7,0.5000339512
ck_a9d994554fc14a02,0.0055001019
ck_13648cbd306eee6d,0.1802132138
ck_601edf9105b3c321,0.9925986284
ck_9527adac182abe57,0.9286344809
ck_4e0e80f5cc271bf7,0.2026889387
ck_96a89e720176b389,0.7648536701
ck_63560eec94b76d2f,0.5560535072
ck_c9c99e5b19aeced8,0.1868676580
ck_bc32655ee5ed643e,0.5508250153
ck_edccb5a93b741744,0.2130780200
ck_f786cbc987b70930,0.2083248455
ck_0e8f26536ccc8947,0.5090649827
ck_b87ef4b98cfcec4c,0.7133156787
ck_1a9235812de4b2c1,0.3762477083
ck_d1ed88ea4211ba4d,0.3267467916
ck_a4ddac49657a4450,0.2248930536
ck_d9ffca35188e49d8,0.6722346710
ck_3db73bbe03c3d240,0.2518503429
ck_fffa0622344a36ab,0.1328172744
ck_148c28df51bba5e9,0.9703945135
ck_076cbc25c8f15fc3,0.9754872004
ck_e5ca550b39ed45bf,0.9281591634
ck_8dacf3a2061ca17d,0.5565288246
ck_2d7394afd61643d0,0.5977456373
ck_e42206e91f6a1752,0.0179262579
ck_2f4f94827984c426,0.1201195084
ck_edfe8e90e8f4366e,0.0166361105
ck_646b15f753e5e9c6,0.6921980037
ck_66600620149c8799,0.4939227270
ck_4ff6fc70bccfba96,0.6409316222
ck_41af3729590c2484,0.2359611598
ck_920a48ba8c583e96,0.0251239220
ck_0253b3e7be021306,0.1152984315
ck_2ae6949246ea2648,0.4040198275
ck_db23a5100f338d72,0.9284986759
ck_fcb2a559474c3493,0.4873361852
ck_0a4d7acd2a53cbbd,0.7699463570
ck_c5d62b2b7a6f3bac,0.9909689686
ck_cf59f4fc0ea690b2,0.0693284444
ck_837be8126bb19250,0.2764310450
ck_58955542edee1adc,0.6413390371
ck_1b93381d8eea58d1,0.4309771169
ck_97b8e05d62abdc14,0.5519793576
ck_71a0d645744302a3,0.8725470225
ck_a7b57882ab66b111,0.2595912270
ck_65f76421be648549,0.2904189584
ck_b53ea8713d32ca7c,0.4774903239
ck_991c4c924a1d85ff,0.9705982210
ck_8432ccec1a4ec7fd,0.9919875059
ck_64c1633297f43788,0.4063964147
ck_4291fd9c1161d8e1,0.4497861072
ck_5e98ed6391d9f429,0.7385075032
ck_c7baebe4549fdbb4,0.7100563591
ck_6e67225ba59fa5ae,0.8457255381
ck_719602def4d35fe0,0.5407075440
ck_bdee7c86f5ebe81f,0.3249813268
ck_8de38f8c7f91961f,0.6798397501
ck_b0b5bf9254700402,0.8849731785
ck_7b55d9bb1a250d4f,0.6017518843
ck_3954b7b0fd1d6614,0.0550010185
ck_f29471fe7c818d6a,0.8153731242
ck_9e65a8a2f587691a,0.4723297345
ck_eaec5f1a83b66eb0,0.7169824133
ck_004fe0daecbe2c1a,0.7354518911
ck_d17653a4a2d4a79e,0.3977048958
ck_0dd417fcbf19e424,0.6298635160
ck_4c99a6eadea143e2,0.8824607863
ck_74d602c907ee9119,0.2562640049
ck_1aa87cb62acc0ac6,0.3860256671
ck_094974d75e29fb2f,0.7124329463
ck_5ef935ac3d4d3332,0.2357574523
ck_b26e4ae47c9107ed,0.9096217831
ck_396cea6f95186ad2,0.2668567936
ck_48446a9e8184c7d4,0.0734704964
ck_31e1ede23247d56b,0.9002512392
ck_7afefa349b960a3e,0.4730087594
ck_f5e02a3432571b20,0.6625246147
ck_64eefec062592c43,0.1804848238
ck_a1201284122c141f,0.3388334352
ck_1b34c420a4c85a95,0.1863244381
ck_d637a011332ba67a,0.1434779656
ck_99c0004d8b7079f8,0.3010117471
ck_948517bad569b40f,0.8521762749
ck_a28d6b1601b472a6,0.5727575202
ck_a0b4209feb31f5c0,0.9957900455
ck_d6d2c1f6dfc455b6,0.7023154750
ck_3f9e6d356d3dd3cf,0.2714741631
ck_d08e00c842b75176,0.0987981259
ck_bfdd232a7c5f2660,0.7110069940
ck_2cdad03ed069438c,0.6321722007
ck_42317c3eabd0a285,0.6485367013
ck_3eb73e56751c704d,0.3469817342
ck_ef33c04f4c9e3758,0.4026617777
ck_1dc23dc870f1773d,0.2337882800
ck_76091f357974a152,0.4348475589
ck_4d9eb75e8eee90fd,0.5561893121
ck_578f67e69e5d2cfd,0.2416649691
ck_3a8ce1cc724229b8,0.1468730902
ck_a96887f841e80fc1,0.4296869695
ck_d2d4a8f4a9f2c33f,0.7619338630
ck_11f85bc705dbe036,0.4561010389
ck_7429b3f87528e335,0.1350580566
ck_26df74feac7ec51d,0.3303456237
ck_c78b2638fadd91ab,0.5280776805
ck_7eaad325abe3b50c,0.3922047939
ck_fd44e34af620e606,0.4809533510
ck_f99738dff854e25f,0.2607455694
ck_1ffbce3a239bb264,0.7961567190
ck_96c7d52ba0a766ef,0.7018401575
ck_cb1c00c300af3f9e,0.8819175664
ck_ec3d12848ced99f2,0.1251442928
ck_26cfd7c3c6c7bf69,0.1527806070
ck_7ae86b5a885affc3,0.7946628641
ck_3edaa94d28cd48ea,0.2947647179
ck_3209c530c9812e39,0.8573368643
ck_ea62ebfc1f04b49a,0.0454267672
ck_5fc90b4668ea81bf,0.6215794120
ck_95654593cdebd141,0.1095267196
ck_958c0bd61820147f,0.5885788008
ck_8440ef1386c07194,0.0831805527
ck_8cd1b68dd74b1375,0.9050723162
ck_c9eb4df91ff07f2c,0.1856454132
ck_c29489366c01fe65,0.9746044680
ck_c965fd6bec0f0ecd,0.7947986691
ck_84c402b23766e1f2,0.5038364908
ck_181f3dae03b87136,0.6857472669
ck_022a8ae79eb28cf6,0.9898825287
ck_469c17407d17b706,0.6141101378
ck_1fcc5843f39148a9,0.0641678550
ck_5debd55f361b2ddf,0.2981598425
ck_28cb9b03e89263f1,0.2767026550
ck_f067470743d3c7a2,0.6896856115
ck_d5d225ce41a1a762,0.3734637061
ck_15b4840922195ffd,0.8531948122
ck_6bcfa37c717f19f1,0.5510966252
ck_8d501a0386c66be8,0.8341142120
ck_1a9d6190c57ea7e2,0.9513818157
ck_c49832eabdac5bb7,0.0593467780
ck_b4331140b2e0d4aa,0.7260134447
ck_5efbea1befdefe1b,0.9216405242
ck_72ff52c4824072ce,0.1174034087
ck_ec3715add8bbb6e9,0.4914103348
ck_9822f8ed05335741,0.8404291437
ck_c3d7d3d12a1981a3,0.3394445576
ck_a115a7919ac5875a,0.6225979493
ck_4dd4ed23e0b927b7,0.9267332111
ck_4c76efcc1ee6762d,0.5198614789
ck_3ad6e7bf452c9b21,0.3052896041
ck_dcbab304b55a42c7,0.3488830040
ck_24b53090faf722cf,0.2020778163
ck_187317383400491d,0.6090174509
ck_e07fd57565c94c28,0.5414544714
ck_740e760fdcd27835,0.4431316629
ck_d3796aebda1cfed5,0.9686290487
ck_e541967c681cb929,0.4827188158
ck_431118050b834dcb,0.0144632308
ck_90f3655f0c8a0074,0.5635906838
ck_13cd943777651aac,0.3908467441
ck_66accecabf3901c0,0.4880152102
ck_937f0da2306b2eb9,0.7231615400
ck_105b0c93573fd5b7,0.9062266585
ck_00480407160e0743,0.7825762205
ck_e032068be7b77d15,0.5276023630
ck_991b7dfd69098320,0.4561689414
ck_37d47cf0f34574a2,0.2918449107
ck_011551a596544f5d,0.5196577714
ck_9acd98f4fe2d474e,0.9083316358
ck_7c88d3d377bb61bb,0.5942826102
ck_e2374c7136c964fd,0.7210565628
ck_2fa8f2577116e9ca,0.7971752563
ck_d07c5b0321c685ea,0.9288381884
ck_bc736114a31088a7,0.4362056087
ck_32bb42f9bff197f8,0.1793304814
ck_66267bbad1f1415f,0.9933455558
ck_19988702ccd79201,0.0996808583
ck_f473a03fbcdbc4b0,0.7421742378
ck_e3f1d85fa5d49396,0.3354383106
ck_c4402ea6291df271,0.5125280098
ck_243bd5ca8c4ae5d0,0.2206151966
ck_f271e855925e8d6b,0.8923066477
ck_e424148c6f2223df,0.8341142120
ck_e4d0a9e1102a58b5,0.1341753242
ck_91c2a5fe69b9b1d1,0.8042371155
ck_5fd8924732fe403e,0.9212331093
ck_9a881d5433126ada,0.6778026754
ck_73cab88b29c7845d,0.6820805324
ck_5b5dea6476d4e182,0.6897535140
ck_ccccb17d2ca6ce94,0.8669111156
ck_cd1dc68e441222b1,0.9621783119
ck_8312c49b1431a406,0.2946968154
ck_25fea39897f2a559,0.3845318123
ck_f56200205280bddf,0.8257622055
ck_7336611650dcc088,0.2525293678
ck_590716322ff147ae,0.6388945474
ck_c82364d87875a1a1,0.4800706186
ck_fa4b60387d744fc5,0.4299585795
ck_d841eba8906e9a15,0.0984586134
ck_d6df562a79b9d0d9,0.2670605011
ck_59a14d2564193101,0.4269708698
ck_8530158e3d7f59e7,0.1091872072
ck_ac68d707006c12a8,0.5859985061
ck_976fac1bb3dd8c58,0.5879676784
ck_f854fba8f4adae3d,0.7914714470
ck_b98e9c3ec6e7d1e7,0.1768180892
ck_803c0b4cf9d4bc1d,0.4721939295
ck_76997a33c3ea5107,0.0904461194
ck_f1a9d832b700bda1,0.9827527670
ck_2bd96ddb8c323d63,0.9942961907
ck_9e5b7acf51b1b743,0.3105180960
ck_09169f22194fd6aa,0.6255856590
ck_6d69e092f9b0848b,0.5071637129
ck_9f83fa5a2d3b9049,0.3994024581
ck_57bbb19eecb4b87c,0.3907109391
ck_e0e9cfabb979f428,0.1385210837
ck_b1ff9edc51d42f97,0.0124261560
ck_4682fad271d47eb0,0.9698512935
ck_ab33fb754c818ae3,0.6543084131
ck_b456f62b80e21557,0.0497046242
ck_16340be3f2a7fffd,0.1868676580
ck_ce66831f6611014c,0.2859373939
ck_4610a073bb54d1b1,0.5411828614
ck_fd038a7d33a9d6e5,0.3798465404
ck_c8198cb4c461304f,0.5687512732
ck_1e7de58822000dea,0.4507367420
ck_b2a79dd3df560f14,0.7511373667
ck_74a06f347b32347f,0.1867318531
ck_c6fdb2972417c9bd,0.4925646771
ck_d7607a213b800bfb,0.8375093366
ck_df65967b8b40319c,0.0598220955
ck_329a73dbd585ee09,0.6156718952
ck_74991a9e85c3b07d,0.3901677192
ck_bb76609b79e0bc9f,0.7831194405
ck_f7fc1bd0b9ab1fa4,0.2799619746
ck_d111c98b36bdb791,0.1112921844
ck_f07e27d125497b66,0.1802132138
ck_093e3a7134e11d6b,0.3950566986
ck_862c7953bdea48b0,0.1597066612
ck_392cf2cdd515c34d,0.2255720785
ck_80eb91b0b4001084,0.8459292456
ck_5923f53b77193a58,0.8568615468
ck_8049f5fce32be185,0.9234059890
ck_ebc5a2c6cf88e252,0.7812181707
ck_9ea5872f14cce338,0.5204046989
ck_f7fbc95ebf584379,0.1208664358
ck_bafe82c870356706,0.9878454539
ck_278b36c5932d9bff,0.3808650777
ck_6a892dd5d05c1649,0.7122292388
ck_0734fd90b2cabd43,0.7854281252
ck_9b552204498b6762,0.6346166904
ck_f6c909c205767956,0.5386025667
ck_32f590e87bc3d715,0.0006111224
ck_66a8325f28be7562,0.4751137367
ck_b129261da9c3c3c9,0.2339240850
ck_a524071c51ddde20,0.4209954505
ck_ba576d6d4cb6130b,0.8823249813
ck_8d8226520722af78,0.7397297481
ck_c5b0f0d4f1655a20,0.6966116656
ck_61814ae9b6d8eab1,0.7368099409
ck_382ebf136f7fa337,0.8425341210
ck_423ff4ede6a9f066,0.8953622598
ck_546ad962d04b7de4,0.9762341278
ck_9473ea4a01c95f9a,0.8312623073
ck_9eb1da8cd35a50ce,0.2909621783
ck_de5eaa2cdbcb67ff,0.8634480885
ck_537cc97d0398c922,0.8445711958
ck_998475a2e4dfad4e,0.8796088816
ck_e62eb708d2688fae,0.1305764922
ck_ea623358f704daa7,0.8202621036
ck_b911a09f328dfd4b,0.4671012426
ck_4b3506b624e5193c,0.6877164392
ck_448456f96788713b,0.6928770286
ck_5d5ef9e75f65d076,0.2144360698
ck_3b74512f774a6e5a,0.7655326950
ck_a032e8ac1507c6df,0.9642153867
ck_7e2d6b22a0ae20c2,0.8856522034
ck_d80283209c963f11,0.2929313506
ck_d1157eade2ac3975,0.4332178991
ck_be48f583f79427f7,0.5936035853
ck_0027b5d4107d65d8,0.8403612413
ck_94fff69584dd3b2a,0.5271270456
ck_75fcda73f0b43557,0.2151829972
ck_a1c78972e4ee4082,0.2744618728
ck_f0982bbdbd122f91,0.1844910708
ck_3199b471575aeb3a,0.0536429687
ck_7fa947a0b1c1cf74,0.7519521966
ck_a60c618b7f0e4252,0.0590072656
ck_722ac47c8ac9b6c3,0.8937326000
ck_d44dc3839a195c8a,0.8376451416
ck_a2c3e82fab520483,0.6754260881
ck_6f8ae0319c07cafe,0.3380865078
ck_49886ff1e2c759d6,0.7917430570
ck_150a1108f936e6b0,0.1485027501
ck_e21f9f96f597695b,0.5864059211
ck_7297bff2b7fdcbc8,0.0656617098
ck_ee949c71f4f702eb,0.9747402730
ck_6fc37dea4b4f35c6,0.6901609289
ck_e76257caa98dc25d,0.9882528689
ck_828eef2334e17b3a,0.2432946289
ck_604e1b8a8c693aa7,0.8429415360
ck_7743c9fe037d1f9e,0.7275072995
ck_864a11202e19e812,0.8723433150
ck_4ec040b9e3785e4a,0.3001290147
ck_7346e4f820d9c00a,0.9566782101
ck_48d4d63beb26b623,0.7518163917
ck_c423aa6de3ed1e01,0.0232905548
ck_d74b2ead8aaa3f73,0.3245739119
ck_1dd69a11daa7bf1a,0.8233177158
ck_d9143e236eef177f,0.7898417872
ck_f790d91e5ff0eccd,0.7143342161
ck_69b5620e00ef5dec,0.1654783731
ck_cd32e58e8a1c0e85,0.2830175867
ck_064013b0957d87a5,0.9884565764
ck_a481385c2e60dc4a,0.2714741631
ck_d72035cb29db3aa4,0.2985672574
ck_3759939a0205306d,0.3193454200
ck_f437a53fc832ec95,0.8718679976
ck_260ef2f3e6434819,0.6072519861
ck_35e411b05d22f663,0.4245263801
ck_8bf46e472f3e20de,0.8492564677
ck_d546994fc5d3e9d1,0.3085489237
ck_6ff0fc7487e737e7,0.8823928838
ck_5c67f27816ae0b6f,0.1620832485
ck_c5517923458106ae,0.0643036599
ck_d9735647a6b0b0a7,0.9477150811
ck_541a734fc457246f,0.8260338154
ck_2f6a639468f41043,0.0255992395
ck_bea2cf7a6b7bb900,0.2503564881
ck_7eebd0e6ad6c070e,0.1558362192
ck_b64c87d5e3b10e6a,0.9551843553
ck_9dd7daacb7833233,0.6221226319
ck_396e9ea9a6c6d7d9,0.8924424526
ck_1645e6cc53fa99ff,0.4852991105
ck_ea2a83ccb8d57490,0.4682555850
ck_e64f0df63e1be595,0.7711686019
ck_fa0b234481cb57d3,0.6431045019
ck_63379e3c9fe6f711,0.4692062199
ck_c67f7944896a0310,0.6159435051
ck_c10e54c9db29e6ef,0.9979629252
ck_7184ad7709ae4c80,0.6331228356
ck_f8b6069d7577fde6,0.4842126706
ck_18444be153bac1ca,0.9458817139
ck_d0982b4e0e118e4d,0.9426223942
ck_6faf3e6820398866,0.5096082026
ck_97e980463aca4644,0.4474095199
ck_630c835243c66b19,0.9862836966
ck_fe429ba3e1aa0e4f,0.2501188294
ck_1058129ed7b48c59,0.3505126638
ck_04a1a46f07885296,0.6711482311
ck_f01e94331067edf6,0.1544102669
ck_77b2fb17c29f5e72,0.2004481564
ck_4f0c5857da45fb28,0.5870849460
ck_2cfb9a7775e8a5bc,0.9841108169
ck_6846100e43659bf3,0.5352074421
ck_f89719a854fe11d7,0.5389420792
ck_bf47375e41ca3bc0,0.2124668975
ck_2770b0400a7bef08,0.7888911523
ck_2a09d142de1c77ff,0.2718815781
ck_857a1f5547b9ad68,0.5037006858
ck_185f15b1523bbcf4,0.2629184491
ck_ab2aed614ec1cdf8,0.1866639506
ck_a9e7f3b2d5dfd97b,0.1844910708
ck_0eeb3d9b3e697edb,0.6625925171
ck_fa5830d81bc8ddc1,0.5573436545
ck_231ae0329ebc3220,0.7290011543
ck_1587763dd54688c9,0.7911319345
ck_9f85fea4490c00cf,0.4007605079
ck_a2d709e7eb91e4af,0.7192231955
ck_43637d28c7216453,0.4826509133
ck_f3ab5dd853d38252,0.5798872819
ck_4a1f0172d3bf4fd3,0.4668296326
ck_517620ca16505af0,0.0839953826
ck_9ae904fbef56065c,0.5630474638
ck_d5ef1f6e34bb35b8,0.7886195423
ck_ff42557857ae3aeb,0.1461940653
ck_ad9a18f58589faa7,0.7084266993
ck_df1a6edaa3e6b271,0.0845386026
ck_99021fe7225b5a68,0.6236843892
ck_99e52c3c2530b69e,0.9906294561
ck_3a4811dc4a1a891d,0.5345963197
ck_ba3a6be026c87079,0.1751205269
ck_da6d1e5cf6aba6fd,0.2955795478
ck_ddc7c1f3d45fe6e6,0.2440415563
ck_e1b1e7a7e4a15b3e,0.8230461058
ck_8288f7f226e08b89,0.3260677667
ck_c4524993ec31dbe5,0.4260202349
ck_8b19bb5b23b6741c,0.2096149929
ck_d21b38231a8a9f4a,0.7790452910
ck_3f730318a9792292,0.6039926665
ck_a4db6e94a8f77f9d,0.8576763767
ck_a8cac8d480306839,0.1201195084
ck_5472214011fbc2a7,0.0255313370
ck_7356f47dbbbe7904,0.7205133428
ck_16801e628e883d78,0.2162694371
ck_0dc1e536231c4860,0.2507639030
ck_7cd0634a6e60af83,0.0668160521
ck_ef6f8e048ae1bd4b,0.0352413934
ck_82f3f744209888ac,0.7171861207
ck_f33188c232a03526,0.9295851158
ck_4a59f4e10bf45d7f,0.1176750187
ck_d96c893721385e4e,0.1197799959
ck_f65ab819373edb37,0.5708562504
ck_21cac21fc10b7768,0.2710667481
ck_139b54e6ccbdd7da,0.6902967339
ck_d6f5c8741697abb3,0.4060569023
ck_a28d9bb5590d458f,0.7778230461
ck_ed26d906883bea0a,0.5881713859
ck_227602ad072b838b,0.1459903578
ck_39d5f6c17c745ab1,0.2176274869
ck_744eade757ba69b5,0.5655598560
ck_c1295d97cdf35ec2,0.0164324031
ck_69105f881da3c821,0.0784952808
ck_933789b55361d7c1,0.9734501256
ck_b667952253503174,0.4803422286
ck_7bf668e25abeeb05,0.0869151898
ck_91742711dfdffd56,0.6878522442
ck_af32a0660090dd68,0.5752699124
ck_2122f201e65f76ee,0.1599782712
ck_f48acb73a5d6af07,0.6917226862
ck_337c5684510cf432,0.6831669722
ck_f7bde7265053364d,0.4470700075
ck_c190c7b924edba75,0.7296801793
ck_044fa3b3a003f0b5,0.6132274054
ck_87eb43e3b9d96169,0.7931011068
ck_2d3d6c9364362017,0.1106131595
ck_ac55dc6cbcdf8228,0.0969647586
ck_61d7b0568ec5d6cf,0.6189312148
ck_89c74feeaffa7d09,0.4994228288
ck_93776b0c113f41f0,0.8287499151
ck_15e0b679931f7a8d,0.3067155565
ck_77b56c49cfdb1d81,0.8453860257
ck_73188a826b5f499f,0.1747810145
ck_4f463ef25325ddfa,0.9256467712
ck_863db2e394dc47d1,0.9741970530
ck_d52432ed597f3cc9,0.6298635160
ck_04fb61e5739642f8,0.8463366606
ck_2e481d75d110c06d,0.7429211652
ck_3fa1a523d77cd619,0.4209954505
ck_466dc6274fecd708,0.3561485707
ck_e1790b3aa2241b10,0.9765057378
ck_84ad096a46e1a960,0.5752020099
ck_3be72c9c178fa00d,0.4657431928
ck_5a17c89219d1d9fe,0.6012765669
ck_4f639f4ee6ce8d9e,0.8678617505
ck_f4ec4a935e51b4db,0.3687784342
ck_f04040a830f92bac,0.7702179670
ck_3e4d02a04be2aaf8,0.7981258912
ck_4d1baef193cfb900,0.5462076458
ck_0fb3153d37626b75,0.1515583622
ck_88ec57a11b11f702,0.9471039587
ck_dca9dc465f759db4,0.3486792965
ck_64f5fba6af67e024,0.4188904733
ck_896096cb167254ef,0.7517484892
ck_7878679065876b98,0.5604671691
ck_fe8e5a6c880ceb4e,0.1089155972
ck_a5e036327d3d1862,0.1908739051
ck_310f73940fc4cf4f,0.5545596523
ck_46a8db16ad00b749,0.5868812385
ck_0d33977c3de8cfaf,0.9916479935
ck_c6fff412f531db0f,0.1194404835
ck_bac6dadf428eaea9,0.7162354858
ck_1b96d9af0d7da2d5,0.3689142392
ck_fa8a4a9e77799fcc,0.1224281931
ck_0bf48607a874b4d1,0.5715352753
ck_eeb75f8a6439f65e,0.5297752428
ck_a209a5f7d172125e,0.1679228628
ck_8f346b72fb40bf14,0.1152984315
ck_bccbf9fef367f00f,0.5497385754
ck_2d1548f1ee405cc9,0.9007944592
ck_e8298ff2dc1e9d50,0.0152780607
ck_77c0fb524edb4a94,0.3833095675
ck_28ac4c5134cb8e77,0.6441909418
ck_db23a0e3e54be60c,0.9240850139
ck_a059d00cee5cee99,0.5791403545
ck_3e9e3bba8bd363af,0.5191824540
ck_0428728df24cdab4,0.1142798941
ck_88cd35378075c84f,0.1605214911
ck_0174d76398d9dc0f,0.9307394581
ck_3f1287e6c27de0dc,0.5422693013
ck_ff822700f3605e06,0.9993888776
ck_4563227b2038ae07,0.8943437224
ck_788e78065526ee19,0.6511848985
ck_8a16eb584093b12f,0.2649555239
ck_cc276f71ab6c08fd,0.6866979018
ck_d61d97b21002f3e9,0.7871935900
ck_4b2e87d86a5e415c,0.7478780471
ck_3e6f35e4500d2f2a,0.0233584573
ck_3acdb083e0d8ad61,0.1941332247
ck_cd655202db489010,0.2136891424
ck_829cbf5ccda481ae,0.1472126027
ck_f5882e6f98b8b4cd,0.2212942215
ck_767947540b234add,0.2896041285
ck_a6e8e8f535b1f1d1,0.7732056766
ck_58412a2674fea506,0.7172540232
ck_fae7e518a585fa61,0.4952128743
ck_9c60ae6958d68dbd,0.9357642425
ck_328696b8f5e54ec6,0.8126570245
ck_7df3f8f4f1068d62,0.6885312691
ck_cfadd21458230ef7,0.3198207374
ck_7048bedd554c703b,0.4676444626
ck_50422466f145bfd7,0.3040673593
ck_61e1f7168cd9ff25,0.8307190874
ck_733aff0f56f5b3c9,0.8168669790
ck_e14892e424180549,0.4789162762
ck_03f6664a96de7d0f,0.4687988049
ck_b7f4baa2cc82fe61,0.2430909214
ck_1e51199a075ca0fa,0.0731988864
ck_0e70516fa07cfb17,0.9708698309
ck_0f37c554a5057801,0.7985333062
ck_5576b725de38d106,0.1525089971
ck_82f360df1e9f4eb8,0.6244313166
ck_395f3bd4aacd7ca6,0.3706118015
ck_5e8e857b63966609,0.9045290962
ck_93470896f0804b6b,0.9792897399
ck_3be854e42e76569a,0.6594690025
ck_0567302c57a2417e,0.8903374754
ck_ee535461b5f05539,0.9397025871
ck_94a096c36162a153,0.3570992055
ck_dfc8f5c141fd7c63,0.3266109866
ck_98b34f2d704c1c2a,0.4856386229
ck_96dff7a09d45f116,0.8470156855
ck_79557434c129ba52,0.7391865281
ck_4596624a7c01d501,0.1875466830
ck_04e89fbd739243fa,0.0879337272
ck_6149ffaf18872dc8,0.1235146330
ck_cd78f0832a09bd8f,0.8058667753
ck_7e29c10d781c3b41,0.2973450126
ck_1f7ee7b23fc6f2f4,0.8449786107
ck_c49b685d2b3ab89a,0.1368914239
ck_84569a8fc50e73ac,0.4161064711
ck_b92b11d205af91eb,0.3337407483
ck_06280e6d6d2485b0,0.1740340871
ck_3c08546dd0c92863,0.5589054118
ck_99d3983f907828bf,0.6035173491
ck_eccfd552aa652d3c,0.2568751273
ck_0cff8153881875ba,0.7927615944
ck_c1aebbeca6ab5ff9,0.2264548109
ck_538fdbbb3c2bcbbb,0.7156922659
ck_8c0210322733c718,0.1660894955
ck_0b0c93039f987abc,0.5731649352
ck_6d07d6d1bd227d37,0.8467440755
ck_9b6ee35e8cd0b11c,0.5954369525
ck_d838491d3d4f5ecf,0.5481089156
ck_0593ae243a9ebee9,0.4290758471
ck_ef261fc09be8eb0b,0.4332178991
ck_d0935b571a4a3868,0.3102464860
ck_97d04a67a104af39,0.7947307666
ck_e25f70d0b7229420,0.5383988592
ck_9b71274ff83de482,0.9840429144
ck_6de2aa2bb60978d3,0.7340938412
ck_eda55c8fb47593d7,0.2590480071
ck_924e572517515f19,0.9111835404
ck_d6f27eacbad310f4,0.3444693420
ck_8550f229b5eb03ab,0.0385686155
ck_e3e95546a84d0ed8,0.6495552387
ck_3135c019696ee6af,0.9789502275
ck_41ba315d8fccb559,0.0898349969
ck_72b86e4485da2d0f,0.9900862362
ck_daaa995f3c2f0e47,0.4480206424
ck_053746067839696b,0.3733279011
ck_a15fe7d0f4b65c33,0.9468323487
ck_15de11438732bb05,0.1207306308
ck_2c4d25acbe3fabd9,0.5755415224
ck_7f08078908599bd2,0.8584233041
ck_e794741742fb2619,0.4051741699
ck_238e53b6dee8c301,0.4834657432
ck_53a6a33060d5c8b8,0.4255449175
ck_0e0919292ad33472,0.9586473824
ck_d86ccf148c06c8c8,0.2231954913
ck_c881f26c9bf9ae42,0.9229985740
ck_4b0947bf94e9d847,0.5277381680
ck_e10ff5c38bd18470,0.2071705032
ck_b60de9e97aad9e45,0.9648944116
ck_190bc849e5ff5401,0.6375364976
ck_e7be077aa0b2632c,0.4857065254
ck_a51abde881ebeff3,0.5362259795
ck_2208392a9f6bd249,0.3622597949
ck_0259da8f109017e9,0.4451008352
ck_05e01ab9c95449da,0.4853670130
ck_c82897ebffb6ae66,0.0810076730
ck_b4a6bb4689cd7cfa,0.5855231887
ck_9e21ea33018ce538,0.4607863109
ck_caa348f0e65db062,0.9789502275
ck_a964e6b5d8415334,0.9575609425
ck_510bfbbee37ff436,0.2265227134
ck_9741a82faf5c7889,0.5637264888
ck_e7f61b4a39ba98ac,0.0801249406
ck_069d158665a53909,0.4802064236
ck_6426427efe3228af,0.5511645277
ck_ab4a8d02ec3c0fd7,0.0913288518
ck_aefa0d8d933e0eca,0.5937393902
ck_232325ef6bce92f1,0.2699124058
ck_14e58c3fb26a2b4d,0.6744754532
ck_06e73afdec26aecc,0.8734976574
ck_3168f4f2778d64e1,0.4197053032
ck_ff3998d6858daa21,0.1870713655
ck_bccff46fb0868454,0.8859917159
ck_c7d444d90fa86d7c,0.9496163509
ck_f0bc3bdee6bfbb94,0.4251375025
ck_f7112818a6d81422,0.7387112107
ck_aca35dbcb835ad02,0.5305900727
ck_f637fabf0f60528f,0.6816731174
ck_53d17ab97de1ac3e,0.6725062810
ck_c8c1bf16d9113493,0.5680043458
ck_e842fb0cf055a83b,0.8550960820
ck_93c0cb3dac4891fe,0.2202077816
ck_0c1f088e17e46daf,0.6291844911
ck_8f4b384955bf57c9,0.0947918789
ck_09cd5c4df1e81ac2,0.8316697223
ck_1e832a5b2342554f,0.6071840837
ck_2cb763a881aee27f,0.0525565288
ck_5875828b11406398,0.3285122564
ck_48e84b0cb0b90fa7,0.6670401304
ck_833688de8629c5c0,0.1138045766
ck_117d78ccd5820f36,0.1878861954
ck_668ec61c4c39cae3,0.0997487608
ck_73a7794b659d7a34,0.3468459292
ck_10f90d879209734f,0.2276770557
ck_d1d079913aa158bf,0.4768112990
ck_01c631b38e8a9535,0.2640048890
ck_f6923088c17a04e2,0.8453860257
ck_b447badc9138987d,0.1295579548
ck_8b772caed8f1541c,0.2255041760
ck_5403c76fe68a08ba,0.9409248319
ck_3e6833574edf1736,0.9131527127
ck_e527fbb9450a4581,0.9540979154
ck_cc90e219f1ebf390,0.0181299654
